window,selection,network,parcel,hemisphere,task,domain,response
full,whole_parcel,LANGUAGE_noAngG,LH_IFGorb,L,anaphor_gender_agreement,Lan,0.11404615640640259
full,whole_parcel,LANGUAGE_noAngG,LH_IFGorb,L,det_noun_agreement_irregular,Lan,0.13033168017864227
full,whole_parcel,LANGUAGE_noAngG,LH_IFGorb,L,det_noun_agreement_regular,Lan,0.12672360241413116
full,whole_parcel,LANGUAGE_noAngG,LH_IFGorb,L,det_noun_agreement_with_adjective,Lan,0.14609672129154205
full,whole_parcel,LANGUAGE_noAngG,LH_IFGorb,L,subject_verb_agreement,Lan,0.08037005364894867
full,whole_parcel,LANGUAGE_noAngG,LH_IFGorb,L,npi,Lan,0.19100624322891235
full,whole_parcel,LANGUAGE_noAngG,LH_IFGorb,L,hypernymy,Lan,0.07275756448507309
full,whole_parcel,LANGUAGE_noAngG,LH_IFGorb,L,wug,Lan,0.1862819641828537
full,whole_parcel,LANGUAGE_noAngG,LH_IFGorb,L,logic_syllogism_1,MD,0.2800246477127075
full,whole_parcel,LANGUAGE_noAngG,LH_IFGorb,L,logic_syllogism_symbolic,MD,0.21843838691711426
full,whole_parcel,LANGUAGE_noAngG,LH_IFGorb,L,logic_propositional_1,MD,0.30072200298309326
full,whole_parcel,LANGUAGE_noAngG,LH_IFGorb,L,logic_propositional_symbolic,MD,0.2544059753417969
full,whole_parcel,LANGUAGE_noAngG,LH_IFGorb,L,number_sequence,MD,0.17337730526924133
full,whole_parcel,LANGUAGE_noAngG,LH_IFGorb,L,add_sub_2op_verbal,MD,0.1835012286901474
full,whole_parcel,LANGUAGE_noAngG,LH_IFGorb,L,add_sub_2op_symbolic,MD,0.10836602747440338
full,whole_parcel,LANGUAGE_noAngG,LH_IFGorb,L,add_sub_3op_verbal,MD,0.18691447377204895
full,whole_parcel,LANGUAGE_noAngG,LH_IFGorb,L,add_sub_3op_symbolic,MD,0.15261687338352203
full,whole_parcel,LANGUAGE_noAngG,LH_IFGorb,L,mul_div_2op_verbal,MD,0.16625593602657318
full,whole_parcel,LANGUAGE_noAngG,LH_IFGorb,L,mul_div_2op_symbolic,MD,0.1116083487868309
full,whole_parcel,LANGUAGE_noAngG,LH_IFGorb,L,mul_div_3op_verbal,MD,0.18296360969543457
full,whole_parcel,LANGUAGE_noAngG,LH_IFGorb,L,mul_div_3op_symbolic,MD,0.15897107124328613
full,whole_parcel,LANGUAGE_noAngG,LH_IFGorb,L,simple_equation,MD,0.19409550726413727
full,whole_parcel,LANGUAGE_noAngG,LH_IFGorb,L,number_sorting,MD,0.36974889039993286
full,whole_parcel,LANGUAGE_noAngG,LH_IFGorb,L,code_conditional,MD,0.27271324396133423
full,whole_parcel,LANGUAGE_noAngG,LH_IFGorb,L,code_loop,MD,0.2629639506340027
full,whole_parcel,LANGUAGE_noAngG,LH_IFGorb,L,code_list,MD,0.26368245482444763
full,whole_parcel,LANGUAGE_noAngG,LH_IFGorb,L,code_A,MD,0.2689485549926758
full,whole_parcel,LANGUAGE_noAngG,LH_IFGorb,L,code_B,MD,0.2670009434223175
full,whole_parcel,LANGUAGE_noAngG,LH_IFGorb,L,phys_newton,phys,0.1971825659275055
full,whole_parcel,LANGUAGE_noAngG,LH_IFGorb,L,phys_prost,phys,0.1893218457698822
full,whole_parcel,LANGUAGE_noAngG,LH_IFGorb,L,physics_buoyancy,phys,0.18202489614486694
full,whole_parcel,LANGUAGE_noAngG,LH_IFGorb,L,physics_brightness,phys,0.13455532491207123
full,whole_parcel,LANGUAGE_noAngG,LH_IFGorb,L,physics_elasticity,phys,0.15173742175102234
full,whole_parcel,LANGUAGE_noAngG,LH_IFGorb,L,physics_solubility,phys,0.12273044139146805
full,whole_parcel,LANGUAGE_noAngG,LH_IFGorb,L,physics_speed,phys,0.13008897006511688
full,whole_parcel,LANGUAGE_noAngG,LH_IFGorb,L,physics_stability,phys,0.14381133019924164
full,whole_parcel,LANGUAGE_noAngG,LH_IFGorb,L,physics_temperature,phys,0.15291406214237213
full,whole_parcel,LANGUAGE_noAngG,LH_IFGorb,L,agent,ToM,0.24680492281913757
full,whole_parcel,LANGUAGE_noAngG,LH_IFGorb,L,social_interactions,ToM,0.243477925658226
full,whole_parcel,LANGUAGE_noAngG,LH_IFGorb,L,social_relations,ToM,0.2804550528526306
full,whole_parcel,LANGUAGE_noAngG,LH_IFGorb,L,desires_goals,ToM,0.19219231605529785
full,whole_parcel,LANGUAGE_noAngG,LH_IFGorb,L,primary_emotions,ToM,0.17984122037887573
full,whole_parcel,LANGUAGE_noAngG,LH_IFGorb,L,secondary_emotions,ToM,0.1754976063966751
full,whole_parcel,LANGUAGE_noAngG,LH_IFGorb,L,emotion_fewshot,ToM,0.20106568932533264
full,whole_parcel,LANGUAGE_noAngG,LH_IFGorb,L,norm_appropriate,ToM,0.26531532406806946
full,whole_parcel,LANGUAGE_noAngG,LH_IFGorb,L,norm_moral,ToM,0.2921823561191559
full,whole_parcel,LANGUAGE_noAngG,LH_IFG,L,anaphor_gender_agreement,Lan,0.14229990541934967
full,whole_parcel,LANGUAGE_noAngG,LH_IFG,L,det_noun_agreement_irregular,Lan,0.1754644364118576
full,whole_parcel,LANGUAGE_noAngG,LH_IFG,L,det_noun_agreement_regular,Lan,0.17403055727481842
full,whole_parcel,LANGUAGE_noAngG,LH_IFG,L,det_noun_agreement_with_adjective,Lan,0.20862065255641937
full,whole_parcel,LANGUAGE_noAngG,LH_IFG,L,subject_verb_agreement,Lan,0.10349493473768234
full,whole_parcel,LANGUAGE_noAngG,LH_IFG,L,npi,Lan,0.25459355115890503
full,whole_parcel,LANGUAGE_noAngG,LH_IFG,L,hypernymy,Lan,0.11026961356401443
full,whole_parcel,LANGUAGE_noAngG,LH_IFG,L,wug,Lan,0.2722073495388031
full,whole_parcel,LANGUAGE_noAngG,LH_IFG,L,logic_syllogism_1,MD,0.3452008366584778
full,whole_parcel,LANGUAGE_noAngG,LH_IFG,L,logic_syllogism_symbolic,MD,0.26250961422920227
full,whole_parcel,LANGUAGE_noAngG,LH_IFG,L,logic_propositional_1,MD,0.36070677638053894
full,whole_parcel,LANGUAGE_noAngG,LH_IFG,L,logic_propositional_symbolic,MD,0.3086093068122864
full,whole_parcel,LANGUAGE_noAngG,LH_IFG,L,number_sequence,MD,0.232256680727005
full,whole_parcel,LANGUAGE_noAngG,LH_IFG,L,add_sub_2op_verbal,MD,0.3043549954891205
full,whole_parcel,LANGUAGE_noAngG,LH_IFG,L,add_sub_2op_symbolic,MD,0.1354844570159912
full,whole_parcel,LANGUAGE_noAngG,LH_IFG,L,add_sub_3op_verbal,MD,0.3140910565853119
full,whole_parcel,LANGUAGE_noAngG,LH_IFG,L,add_sub_3op_symbolic,MD,0.20432421565055847
full,whole_parcel,LANGUAGE_noAngG,LH_IFG,L,mul_div_2op_verbal,MD,0.26613277196884155
full,whole_parcel,LANGUAGE_noAngG,LH_IFG,L,mul_div_2op_symbolic,MD,0.14537133276462555
full,whole_parcel,LANGUAGE_noAngG,LH_IFG,L,mul_div_3op_verbal,MD,0.29819267988204956
full,whole_parcel,LANGUAGE_noAngG,LH_IFG,L,mul_div_3op_symbolic,MD,0.22439266741275787
full,whole_parcel,LANGUAGE_noAngG,LH_IFG,L,simple_equation,MD,0.2668246030807495
full,whole_parcel,LANGUAGE_noAngG,LH_IFG,L,number_sorting,MD,0.47705915570259094
full,whole_parcel,LANGUAGE_noAngG,LH_IFG,L,code_conditional,MD,0.3372209370136261
full,whole_parcel,LANGUAGE_noAngG,LH_IFG,L,code_loop,MD,0.3367139399051666
full,whole_parcel,LANGUAGE_noAngG,LH_IFG,L,code_list,MD,0.3391943573951721
full,whole_parcel,LANGUAGE_noAngG,LH_IFG,L,code_A,MD,0.3454380929470062
full,whole_parcel,LANGUAGE_noAngG,LH_IFG,L,code_B,MD,0.34569957852363586
full,whole_parcel,LANGUAGE_noAngG,LH_IFG,L,phys_newton,phys,0.30356502532958984
full,whole_parcel,LANGUAGE_noAngG,LH_IFG,L,phys_prost,phys,0.29351192712783813
full,whole_parcel,LANGUAGE_noAngG,LH_IFG,L,physics_buoyancy,phys,0.3137838840484619
full,whole_parcel,LANGUAGE_noAngG,LH_IFG,L,physics_brightness,phys,0.2702316641807556
full,whole_parcel,LANGUAGE_noAngG,LH_IFG,L,physics_elasticity,phys,0.2746701240539551
full,whole_parcel,LANGUAGE_noAngG,LH_IFG,L,physics_solubility,phys,0.2554982006549835
full,whole_parcel,LANGUAGE_noAngG,LH_IFG,L,physics_speed,phys,0.2532180845737457
full,whole_parcel,LANGUAGE_noAngG,LH_IFG,L,physics_stability,phys,0.2732553482055664
full,whole_parcel,LANGUAGE_noAngG,LH_IFG,L,physics_temperature,phys,0.27584347128868103
full,whole_parcel,LANGUAGE_noAngG,LH_IFG,L,agent,ToM,0.2996004819869995
full,whole_parcel,LANGUAGE_noAngG,LH_IFG,L,social_interactions,ToM,0.28620654344558716
full,whole_parcel,LANGUAGE_noAngG,LH_IFG,L,social_relations,ToM,0.34447965025901794
full,whole_parcel,LANGUAGE_noAngG,LH_IFG,L,desires_goals,ToM,0.2559732496738434
full,whole_parcel,LANGUAGE_noAngG,LH_IFG,L,primary_emotions,ToM,0.23262234032154083
full,whole_parcel,LANGUAGE_noAngG,LH_IFG,L,secondary_emotions,ToM,0.22758102416992188
full,whole_parcel,LANGUAGE_noAngG,LH_IFG,L,emotion_fewshot,ToM,0.2665439248085022
full,whole_parcel,LANGUAGE_noAngG,LH_IFG,L,norm_appropriate,ToM,0.3275398313999176
full,whole_parcel,LANGUAGE_noAngG,LH_IFG,L,norm_moral,ToM,0.33680441975593567
full,whole_parcel,LANGUAGE_noAngG,LH_MFG,L,anaphor_gender_agreement,Lan,0.1559022217988968
full,whole_parcel,LANGUAGE_noAngG,LH_MFG,L,det_noun_agreement_irregular,Lan,0.18107491731643677
full,whole_parcel,LANGUAGE_noAngG,LH_MFG,L,det_noun_agreement_regular,Lan,0.17979910969734192
full,whole_parcel,LANGUAGE_noAngG,LH_MFG,L,det_noun_agreement_with_adjective,Lan,0.2047022581100464
full,whole_parcel,LANGUAGE_noAngG,LH_MFG,L,subject_verb_agreement,Lan,0.1179635152220726
full,whole_parcel,LANGUAGE_noAngG,LH_MFG,L,npi,Lan,0.23083651065826416
full,whole_parcel,LANGUAGE_noAngG,LH_MFG,L,hypernymy,Lan,0.11825448274612427
full,whole_parcel,LANGUAGE_noAngG,LH_MFG,L,wug,Lan,0.21107296645641327
full,whole_parcel,LANGUAGE_noAngG,LH_MFG,L,logic_syllogism_1,MD,0.20695757865905762
full,whole_parcel,LANGUAGE_noAngG,LH_MFG,L,logic_syllogism_symbolic,MD,0.16851487755775452
full,whole_parcel,LANGUAGE_noAngG,LH_MFG,L,logic_propositional_1,MD,0.23027193546295166
full,whole_parcel,LANGUAGE_noAngG,LH_MFG,L,logic_propositional_symbolic,MD,0.22332210838794708
full,whole_parcel,LANGUAGE_noAngG,LH_MFG,L,number_sequence,MD,0.1723891943693161
full,whole_parcel,LANGUAGE_noAngG,LH_MFG,L,add_sub_2op_verbal,MD,0.21977417171001434
full,whole_parcel,LANGUAGE_noAngG,LH_MFG,L,add_sub_2op_symbolic,MD,0.12903329730033875
full,whole_parcel,LANGUAGE_noAngG,LH_MFG,L,add_sub_3op_verbal,MD,0.22399741411209106
full,whole_parcel,LANGUAGE_noAngG,LH_MFG,L,add_sub_3op_symbolic,MD,0.15739528834819794
full,whole_parcel,LANGUAGE_noAngG,LH_MFG,L,mul_div_2op_verbal,MD,0.1987280398607254
full,whole_parcel,LANGUAGE_noAngG,LH_MFG,L,mul_div_2op_symbolic,MD,0.13045457005500793
full,whole_parcel,LANGUAGE_noAngG,LH_MFG,L,mul_div_3op_verbal,MD,0.21895749866962433
full,whole_parcel,LANGUAGE_noAngG,LH_MFG,L,mul_div_3op_symbolic,MD,0.16071660816669464
full,whole_parcel,LANGUAGE_noAngG,LH_MFG,L,simple_equation,MD,0.1763859987258911
full,whole_parcel,LANGUAGE_noAngG,LH_MFG,L,number_sorting,MD,0.3525943160057068
full,whole_parcel,LANGUAGE_noAngG,LH_MFG,L,code_conditional,MD,0.25537222623825073
full,whole_parcel,LANGUAGE_noAngG,LH_MFG,L,code_loop,MD,0.23432034254074097
full,whole_parcel,LANGUAGE_noAngG,LH_MFG,L,code_list,MD,0.2430659383535385
full,whole_parcel,LANGUAGE_noAngG,LH_MFG,L,code_A,MD,0.24841928482055664
full,whole_parcel,LANGUAGE_noAngG,LH_MFG,L,code_B,MD,0.24890412390232086
full,whole_parcel,LANGUAGE_noAngG,LH_MFG,L,phys_newton,phys,0.24458323419094086
full,whole_parcel,LANGUAGE_noAngG,LH_MFG,L,phys_prost,phys,0.2555098533630371
full,whole_parcel,LANGUAGE_noAngG,LH_MFG,L,physics_buoyancy,phys,0.2653871178627014
full,whole_parcel,LANGUAGE_noAngG,LH_MFG,L,physics_brightness,phys,0.23025992512702942
full,whole_parcel,LANGUAGE_noAngG,LH_MFG,L,physics_elasticity,phys,0.2502841055393219
full,whole_parcel,LANGUAGE_noAngG,LH_MFG,L,physics_solubility,phys,0.23720040917396545
full,whole_parcel,LANGUAGE_noAngG,LH_MFG,L,physics_speed,phys,0.23080536723136902
full,whole_parcel,LANGUAGE_noAngG,LH_MFG,L,physics_stability,phys,0.2508377134799957
full,whole_parcel,LANGUAGE_noAngG,LH_MFG,L,physics_temperature,phys,0.23118078708648682
full,whole_parcel,LANGUAGE_noAngG,LH_MFG,L,agent,ToM,0.26051586866378784
full,whole_parcel,LANGUAGE_noAngG,LH_MFG,L,social_interactions,ToM,0.23421919345855713
full,whole_parcel,LANGUAGE_noAngG,LH_MFG,L,social_relations,ToM,0.26091405749320984
full,whole_parcel,LANGUAGE_noAngG,LH_MFG,L,desires_goals,ToM,0.21343331038951874
full,whole_parcel,LANGUAGE_noAngG,LH_MFG,L,primary_emotions,ToM,0.21010760962963104
full,whole_parcel,LANGUAGE_noAngG,LH_MFG,L,secondary_emotions,ToM,0.20038597285747528
full,whole_parcel,LANGUAGE_noAngG,LH_MFG,L,emotion_fewshot,ToM,0.2019314020872116
full,whole_parcel,LANGUAGE_noAngG,LH_MFG,L,norm_appropriate,ToM,0.26257050037384033
full,whole_parcel,LANGUAGE_noAngG,LH_MFG,L,norm_moral,ToM,0.2511484622955322
full,whole_parcel,LANGUAGE_noAngG,LH_AntTemp,L,anaphor_gender_agreement,Lan,0.0890577957034111
full,whole_parcel,LANGUAGE_noAngG,LH_AntTemp,L,det_noun_agreement_irregular,Lan,0.11761074513196945
full,whole_parcel,LANGUAGE_noAngG,LH_AntTemp,L,det_noun_agreement_regular,Lan,0.11803077906370163
full,whole_parcel,LANGUAGE_noAngG,LH_AntTemp,L,det_noun_agreement_with_adjective,Lan,0.15599173307418823
full,whole_parcel,LANGUAGE_noAngG,LH_AntTemp,L,subject_verb_agreement,Lan,0.03751247376203537
full,whole_parcel,LANGUAGE_noAngG,LH_AntTemp,L,npi,Lan,0.23682305216789246
full,whole_parcel,LANGUAGE_noAngG,LH_AntTemp,L,hypernymy,Lan,0.04178563877940178
full,whole_parcel,LANGUAGE_noAngG,LH_AntTemp,L,wug,Lan,0.16316866874694824
full,whole_parcel,LANGUAGE_noAngG,LH_AntTemp,L,logic_syllogism_1,MD,0.2791224718093872
full,whole_parcel,LANGUAGE_noAngG,LH_AntTemp,L,logic_syllogism_symbolic,MD,0.14532001316547394
full,whole_parcel,LANGUAGE_noAngG,LH_AntTemp,L,logic_propositional_1,MD,0.24606597423553467
full,whole_parcel,LANGUAGE_noAngG,LH_AntTemp,L,logic_propositional_symbolic,MD,0.19517050683498383
full,whole_parcel,LANGUAGE_noAngG,LH_AntTemp,L,number_sequence,MD,0.04087764769792557
full,whole_parcel,LANGUAGE_noAngG,LH_AntTemp,L,add_sub_2op_verbal,MD,0.056718550622463226
full,whole_parcel,LANGUAGE_noAngG,LH_AntTemp,L,add_sub_2op_symbolic,MD,0.011848023161292076
full,whole_parcel,LANGUAGE_noAngG,LH_AntTemp,L,add_sub_3op_verbal,MD,0.051979031413793564
full,whole_parcel,LANGUAGE_noAngG,LH_AntTemp,L,add_sub_3op_symbolic,MD,0.03828633949160576
full,whole_parcel,LANGUAGE_noAngG,LH_AntTemp,L,mul_div_2op_verbal,MD,0.040538489818573
full,whole_parcel,LANGUAGE_noAngG,LH_AntTemp,L,mul_div_2op_symbolic,MD,0.0006981384940445423
full,whole_parcel,LANGUAGE_noAngG,LH_AntTemp,L,mul_div_3op_verbal,MD,0.04562654346227646
full,whole_parcel,LANGUAGE_noAngG,LH_AntTemp,L,mul_div_3op_symbolic,MD,0.020383166149258614
full,whole_parcel,LANGUAGE_noAngG,LH_AntTemp,L,simple_equation,MD,0.08828989416360855
full,whole_parcel,LANGUAGE_noAngG,LH_AntTemp,L,number_sorting,MD,0.2795777916908264
full,whole_parcel,LANGUAGE_noAngG,LH_AntTemp,L,code_conditional,MD,0.22752703726291656
full,whole_parcel,LANGUAGE_noAngG,LH_AntTemp,L,code_loop,MD,0.204371839761734
full,whole_parcel,LANGUAGE_noAngG,LH_AntTemp,L,code_list,MD,0.2304910272359848
full,whole_parcel,LANGUAGE_noAngG,LH_AntTemp,L,code_A,MD,0.2143920212984085
full,whole_parcel,LANGUAGE_noAngG,LH_AntTemp,L,code_B,MD,0.2294282764196396
full,whole_parcel,LANGUAGE_noAngG,LH_AntTemp,L,phys_newton,phys,0.23925743997097015
full,whole_parcel,LANGUAGE_noAngG,LH_AntTemp,L,phys_prost,phys,0.2188798189163208
full,whole_parcel,LANGUAGE_noAngG,LH_AntTemp,L,physics_buoyancy,phys,0.2386849820613861
full,whole_parcel,LANGUAGE_noAngG,LH_AntTemp,L,physics_brightness,phys,0.18388137221336365
full,whole_parcel,LANGUAGE_noAngG,LH_AntTemp,L,physics_elasticity,phys,0.2214006930589676
full,whole_parcel,LANGUAGE_noAngG,LH_AntTemp,L,physics_solubility,phys,0.1678815335035324
full,whole_parcel,LANGUAGE_noAngG,LH_AntTemp,L,physics_speed,phys,0.19017259776592255
full,whole_parcel,LANGUAGE_noAngG,LH_AntTemp,L,physics_stability,phys,0.20951083302497864
full,whole_parcel,LANGUAGE_noAngG,LH_AntTemp,L,physics_temperature,phys,0.24670997262001038
full,whole_parcel,LANGUAGE_noAngG,LH_AntTemp,L,agent,ToM,0.2868368327617645
full,whole_parcel,LANGUAGE_noAngG,LH_AntTemp,L,social_interactions,ToM,0.2862548232078552
full,whole_parcel,LANGUAGE_noAngG,LH_AntTemp,L,social_relations,ToM,0.36969631910324097
full,whole_parcel,LANGUAGE_noAngG,LH_AntTemp,L,desires_goals,ToM,0.26668524742126465
full,whole_parcel,LANGUAGE_noAngG,LH_AntTemp,L,primary_emotions,ToM,0.24022997915744781
full,whole_parcel,LANGUAGE_noAngG,LH_AntTemp,L,secondary_emotions,ToM,0.2208757996559143
full,whole_parcel,LANGUAGE_noAngG,LH_AntTemp,L,emotion_fewshot,ToM,0.25234532356262207
full,whole_parcel,LANGUAGE_noAngG,LH_AntTemp,L,norm_appropriate,ToM,0.3306078612804413
full,whole_parcel,LANGUAGE_noAngG,LH_AntTemp,L,norm_moral,ToM,0.30683237314224243
full,whole_parcel,LANGUAGE_noAngG,LH_PostTemp,L,anaphor_gender_agreement,Lan,0.1746041625738144
full,whole_parcel,LANGUAGE_noAngG,LH_PostTemp,L,det_noun_agreement_irregular,Lan,0.2041361927986145
full,whole_parcel,LANGUAGE_noAngG,LH_PostTemp,L,det_noun_agreement_regular,Lan,0.20322424173355103
full,whole_parcel,LANGUAGE_noAngG,LH_PostTemp,L,det_noun_agreement_with_adjective,Lan,0.24127209186553955
full,whole_parcel,LANGUAGE_noAngG,LH_PostTemp,L,subject_verb_agreement,Lan,0.12027957290410995
full,whole_parcel,LANGUAGE_noAngG,LH_PostTemp,L,npi,Lan,0.31162938475608826
full,whole_parcel,LANGUAGE_noAngG,LH_PostTemp,L,hypernymy,Lan,0.11438483744859695
full,whole_parcel,LANGUAGE_noAngG,LH_PostTemp,L,wug,Lan,0.26420050859451294
full,whole_parcel,LANGUAGE_noAngG,LH_PostTemp,L,logic_syllogism_1,MD,0.35340455174446106
full,whole_parcel,LANGUAGE_noAngG,LH_PostTemp,L,logic_syllogism_symbolic,MD,0.24873057007789612
full,whole_parcel,LANGUAGE_noAngG,LH_PostTemp,L,logic_propositional_1,MD,0.3477769196033478
full,whole_parcel,LANGUAGE_noAngG,LH_PostTemp,L,logic_propositional_symbolic,MD,0.3222760260105133
full,whole_parcel,LANGUAGE_noAngG,LH_PostTemp,L,number_sequence,MD,0.1882401555776596
full,whole_parcel,LANGUAGE_noAngG,LH_PostTemp,L,add_sub_2op_verbal,MD,0.22256620228290558
full,whole_parcel,LANGUAGE_noAngG,LH_PostTemp,L,add_sub_2op_symbolic,MD,0.1223243698477745
full,whole_parcel,LANGUAGE_noAngG,LH_PostTemp,L,add_sub_3op_verbal,MD,0.22658681869506836
full,whole_parcel,LANGUAGE_noAngG,LH_PostTemp,L,add_sub_3op_symbolic,MD,0.16509206593036652
full,whole_parcel,LANGUAGE_noAngG,LH_PostTemp,L,mul_div_2op_verbal,MD,0.19518399238586426
full,whole_parcel,LANGUAGE_noAngG,LH_PostTemp,L,mul_div_2op_symbolic,MD,0.1181764304637909
full,whole_parcel,LANGUAGE_noAngG,LH_PostTemp,L,mul_div_3op_verbal,MD,0.2172466367483139
full,whole_parcel,LANGUAGE_noAngG,LH_PostTemp,L,mul_div_3op_symbolic,MD,0.15996293723583221
full,whole_parcel,LANGUAGE_noAngG,LH_PostTemp,L,simple_equation,MD,0.21477045118808746
full,whole_parcel,LANGUAGE_noAngG,LH_PostTemp,L,number_sorting,MD,0.4637831449508667
full,whole_parcel,LANGUAGE_noAngG,LH_PostTemp,L,code_conditional,MD,0.3685750663280487
full,whole_parcel,LANGUAGE_noAngG,LH_PostTemp,L,code_loop,MD,0.3396728038787842
full,whole_parcel,LANGUAGE_noAngG,LH_PostTemp,L,code_list,MD,0.3555557429790497
full,whole_parcel,LANGUAGE_noAngG,LH_PostTemp,L,code_A,MD,0.3554007112979889
full,whole_parcel,LANGUAGE_noAngG,LH_PostTemp,L,code_B,MD,0.3585372865200043
full,whole_parcel,LANGUAGE_noAngG,LH_PostTemp,L,phys_newton,phys,0.34095507860183716
full,whole_parcel,LANGUAGE_noAngG,LH_PostTemp,L,phys_prost,phys,0.3358619511127472
full,whole_parcel,LANGUAGE_noAngG,LH_PostTemp,L,physics_buoyancy,phys,0.33766970038414
full,whole_parcel,LANGUAGE_noAngG,LH_PostTemp,L,physics_brightness,phys,0.27090322971343994
full,whole_parcel,LANGUAGE_noAngG,LH_PostTemp,L,physics_elasticity,phys,0.31248167157173157
full,whole_parcel,LANGUAGE_noAngG,LH_PostTemp,L,physics_solubility,phys,0.25402504205703735
full,whole_parcel,LANGUAGE_noAngG,LH_PostTemp,L,physics_speed,phys,0.2786429226398468
full,whole_parcel,LANGUAGE_noAngG,LH_PostTemp,L,physics_stability,phys,0.3040947914123535
full,whole_parcel,LANGUAGE_noAngG,LH_PostTemp,L,physics_temperature,phys,0.3128777742385864
full,whole_parcel,LANGUAGE_noAngG,LH_PostTemp,L,agent,ToM,0.3771481513977051
full,whole_parcel,LANGUAGE_noAngG,LH_PostTemp,L,social_interactions,ToM,0.3646096885204315
full,whole_parcel,LANGUAGE_noAngG,LH_PostTemp,L,social_relations,ToM,0.43148455023765564
full,whole_parcel,LANGUAGE_noAngG,LH_PostTemp,L,desires_goals,ToM,0.32091155648231506
full,whole_parcel,LANGUAGE_noAngG,LH_PostTemp,L,primary_emotions,ToM,0.3043559193611145
full,whole_parcel,LANGUAGE_noAngG,LH_PostTemp,L,secondary_emotions,ToM,0.2852482497692108
full,whole_parcel,LANGUAGE_noAngG,LH_PostTemp,L,emotion_fewshot,ToM,0.3052963316440582
full,whole_parcel,LANGUAGE_noAngG,LH_PostTemp,L,norm_appropriate,ToM,0.4091961979866028
full,whole_parcel,LANGUAGE_noAngG,LH_PostTemp,L,norm_moral,ToM,0.39426422119140625
full,whole_parcel,LANGUAGE_noAngG,RH_IFGorb,R,anaphor_gender_agreement,Lan,0.13801807165145874
full,whole_parcel,LANGUAGE_noAngG,RH_IFGorb,R,det_noun_agreement_irregular,Lan,0.12529826164245605
full,whole_parcel,LANGUAGE_noAngG,RH_IFGorb,R,det_noun_agreement_regular,Lan,0.12357262521982193
full,whole_parcel,LANGUAGE_noAngG,RH_IFGorb,R,det_noun_agreement_with_adjective,Lan,0.12158332020044327
full,whole_parcel,LANGUAGE_noAngG,RH_IFGorb,R,subject_verb_agreement,Lan,0.1271842122077942
full,whole_parcel,LANGUAGE_noAngG,RH_IFGorb,R,npi,Lan,0.13774418830871582
full,whole_parcel,LANGUAGE_noAngG,RH_IFGorb,R,hypernymy,Lan,0.0970202162861824
full,whole_parcel,LANGUAGE_noAngG,RH_IFGorb,R,wug,Lan,0.12763915956020355
full,whole_parcel,LANGUAGE_noAngG,RH_IFGorb,R,logic_syllogism_1,MD,0.1382598876953125
full,whole_parcel,LANGUAGE_noAngG,RH_IFGorb,R,logic_syllogism_symbolic,MD,0.1434313803911209
full,whole_parcel,LANGUAGE_noAngG,RH_IFGorb,R,logic_propositional_1,MD,0.1660483479499817
full,whole_parcel,LANGUAGE_noAngG,RH_IFGorb,R,logic_propositional_symbolic,MD,0.20277662575244904
full,whole_parcel,LANGUAGE_noAngG,RH_IFGorb,R,number_sequence,MD,0.1803460717201233
full,whole_parcel,LANGUAGE_noAngG,RH_IFGorb,R,add_sub_2op_verbal,MD,0.1617269515991211
full,whole_parcel,LANGUAGE_noAngG,RH_IFGorb,R,add_sub_2op_symbolic,MD,0.13324978947639465
full,whole_parcel,LANGUAGE_noAngG,RH_IFGorb,R,add_sub_3op_verbal,MD,0.1629163920879364
full,whole_parcel,LANGUAGE_noAngG,RH_IFGorb,R,add_sub_3op_symbolic,MD,0.14926773309707642
full,whole_parcel,LANGUAGE_noAngG,RH_IFGorb,R,mul_div_2op_verbal,MD,0.15072308480739594
full,whole_parcel,LANGUAGE_noAngG,RH_IFGorb,R,mul_div_2op_symbolic,MD,0.12746687233448029
full,whole_parcel,LANGUAGE_noAngG,RH_IFGorb,R,mul_div_3op_verbal,MD,0.15982776880264282
full,whole_parcel,LANGUAGE_noAngG,RH_IFGorb,R,mul_div_3op_symbolic,MD,0.14045549929141998
full,whole_parcel,LANGUAGE_noAngG,RH_IFGorb,R,simple_equation,MD,0.15163163840770721
full,whole_parcel,LANGUAGE_noAngG,RH_IFGorb,R,number_sorting,MD,0.2934424579143524
full,whole_parcel,LANGUAGE_noAngG,RH_IFGorb,R,code_conditional,MD,0.2296401560306549
full,whole_parcel,LANGUAGE_noAngG,RH_IFGorb,R,code_loop,MD,0.2066298872232437
full,whole_parcel,LANGUAGE_noAngG,RH_IFGorb,R,code_list,MD,0.20890049636363983
full,whole_parcel,LANGUAGE_noAngG,RH_IFGorb,R,code_A,MD,0.21423901617527008
full,whole_parcel,LANGUAGE_noAngG,RH_IFGorb,R,code_B,MD,0.21145933866500854
full,whole_parcel,LANGUAGE_noAngG,RH_IFGorb,R,phys_newton,phys,0.12076199054718018
full,whole_parcel,LANGUAGE_noAngG,RH_IFGorb,R,phys_prost,phys,0.1386357843875885
full,whole_parcel,LANGUAGE_noAngG,RH_IFGorb,R,physics_buoyancy,phys,0.11942710727453232
full,whole_parcel,LANGUAGE_noAngG,RH_IFGorb,R,physics_brightness,phys,0.07447846978902817
full,whole_parcel,LANGUAGE_noAngG,RH_IFGorb,R,physics_elasticity,phys,0.09922514110803604
full,whole_parcel,LANGUAGE_noAngG,RH_IFGorb,R,physics_solubility,phys,0.06906512379646301
full,whole_parcel,LANGUAGE_noAngG,RH_IFGorb,R,physics_speed,phys,0.07968645542860031
full,whole_parcel,LANGUAGE_noAngG,RH_IFGorb,R,physics_stability,phys,0.08236141502857208
full,whole_parcel,LANGUAGE_noAngG,RH_IFGorb,R,physics_temperature,phys,0.08498398959636688
full,whole_parcel,LANGUAGE_noAngG,RH_IFGorb,R,agent,ToM,0.1855996996164322
full,whole_parcel,LANGUAGE_noAngG,RH_IFGorb,R,social_interactions,ToM,0.1665010154247284
full,whole_parcel,LANGUAGE_noAngG,RH_IFGorb,R,social_relations,ToM,0.18989813327789307
full,whole_parcel,LANGUAGE_noAngG,RH_IFGorb,R,desires_goals,ToM,0.10797888785600662
full,whole_parcel,LANGUAGE_noAngG,RH_IFGorb,R,primary_emotions,ToM,0.12657061219215393
full,whole_parcel,LANGUAGE_noAngG,RH_IFGorb,R,secondary_emotions,ToM,0.1149759590625763
full,whole_parcel,LANGUAGE_noAngG,RH_IFGorb,R,emotion_fewshot,ToM,0.10983213037252426
full,whole_parcel,LANGUAGE_noAngG,RH_IFGorb,R,norm_appropriate,ToM,0.19924305379390717
full,whole_parcel,LANGUAGE_noAngG,RH_IFGorb,R,norm_moral,ToM,0.19157260656356812
full,whole_parcel,LANGUAGE_noAngG,RH_IFG,R,anaphor_gender_agreement,Lan,0.1669643223285675
full,whole_parcel,LANGUAGE_noAngG,RH_IFG,R,det_noun_agreement_irregular,Lan,0.17104928195476532
full,whole_parcel,LANGUAGE_noAngG,RH_IFG,R,det_noun_agreement_regular,Lan,0.1722075194120407
full,whole_parcel,LANGUAGE_noAngG,RH_IFG,R,det_noun_agreement_with_adjective,Lan,0.18062904477119446
full,whole_parcel,LANGUAGE_noAngG,RH_IFG,R,subject_verb_agreement,Lan,0.15314704179763794
full,whole_parcel,LANGUAGE_noAngG,RH_IFG,R,npi,Lan,0.1892814338207245
full,whole_parcel,LANGUAGE_noAngG,RH_IFG,R,hypernymy,Lan,0.14514216780662537
full,whole_parcel,LANGUAGE_noAngG,RH_IFG,R,wug,Lan,0.2125045508146286
full,whole_parcel,LANGUAGE_noAngG,RH_IFG,R,logic_syllogism_1,MD,0.16874030232429504
full,whole_parcel,LANGUAGE_noAngG,RH_IFG,R,logic_syllogism_symbolic,MD,0.16479898989200592
full,whole_parcel,LANGUAGE_noAngG,RH_IFG,R,logic_propositional_1,MD,0.1799553632736206
full,whole_parcel,LANGUAGE_noAngG,RH_IFG,R,logic_propositional_symbolic,MD,0.2371627241373062
full,whole_parcel,LANGUAGE_noAngG,RH_IFG,R,number_sequence,MD,0.25437238812446594
full,whole_parcel,LANGUAGE_noAngG,RH_IFG,R,add_sub_2op_verbal,MD,0.3067242503166199
full,whole_parcel,LANGUAGE_noAngG,RH_IFG,R,add_sub_2op_symbolic,MD,0.17617623507976532
full,whole_parcel,LANGUAGE_noAngG,RH_IFG,R,add_sub_3op_verbal,MD,0.31199589371681213
full,whole_parcel,LANGUAGE_noAngG,RH_IFG,R,add_sub_3op_symbolic,MD,0.21414124965667725
full,whole_parcel,LANGUAGE_noAngG,RH_IFG,R,mul_div_2op_verbal,MD,0.2718864977359772
full,whole_parcel,LANGUAGE_noAngG,RH_IFG,R,mul_div_2op_symbolic,MD,0.17749379575252533
full,whole_parcel,LANGUAGE_noAngG,RH_IFG,R,mul_div_3op_verbal,MD,0.2963464558124542
full,whole_parcel,LANGUAGE_noAngG,RH_IFG,R,mul_div_3op_symbolic,MD,0.21927563846111298
full,whole_parcel,LANGUAGE_noAngG,RH_IFG,R,simple_equation,MD,0.2291281521320343
full,whole_parcel,LANGUAGE_noAngG,RH_IFG,R,number_sorting,MD,0.36366310715675354
full,whole_parcel,LANGUAGE_noAngG,RH_IFG,R,code_conditional,MD,0.26453670859336853
full,whole_parcel,LANGUAGE_noAngG,RH_IFG,R,code_loop,MD,0.2504896819591522
full,whole_parcel,LANGUAGE_noAngG,RH_IFG,R,code_list,MD,0.2545771896839142
full,whole_parcel,LANGUAGE_noAngG,RH_IFG,R,code_A,MD,0.2616817355155945
full,whole_parcel,LANGUAGE_noAngG,RH_IFG,R,code_B,MD,0.25942036509513855
full,whole_parcel,LANGUAGE_noAngG,RH_IFG,R,phys_newton,phys,0.19923165440559387
full,whole_parcel,LANGUAGE_noAngG,RH_IFG,R,phys_prost,phys,0.21652957797050476
full,whole_parcel,LANGUAGE_noAngG,RH_IFG,R,physics_buoyancy,phys,0.1986004263162613
full,whole_parcel,LANGUAGE_noAngG,RH_IFG,R,physics_brightness,phys,0.1616201400756836
full,whole_parcel,LANGUAGE_noAngG,RH_IFG,R,physics_elasticity,phys,0.16554740071296692
full,whole_parcel,LANGUAGE_noAngG,RH_IFG,R,physics_solubility,phys,0.16150103509426117
full,whole_parcel,LANGUAGE_noAngG,RH_IFG,R,physics_speed,phys,0.1508275866508484
full,whole_parcel,LANGUAGE_noAngG,RH_IFG,R,physics_stability,phys,0.15642614662647247
full,whole_parcel,LANGUAGE_noAngG,RH_IFG,R,physics_temperature,phys,0.1557573527097702
full,whole_parcel,LANGUAGE_noAngG,RH_IFG,R,agent,ToM,0.19603946805000305
full,whole_parcel,LANGUAGE_noAngG,RH_IFG,R,social_interactions,ToM,0.1639668196439743
full,whole_parcel,LANGUAGE_noAngG,RH_IFG,R,social_relations,ToM,0.2134992778301239
full,whole_parcel,LANGUAGE_noAngG,RH_IFG,R,desires_goals,ToM,0.1448444128036499
full,whole_parcel,LANGUAGE_noAngG,RH_IFG,R,primary_emotions,ToM,0.15009652078151703
full,whole_parcel,LANGUAGE_noAngG,RH_IFG,R,secondary_emotions,ToM,0.14028851687908173
full,whole_parcel,LANGUAGE_noAngG,RH_IFG,R,emotion_fewshot,ToM,0.13495983183383942
full,whole_parcel,LANGUAGE_noAngG,RH_IFG,R,norm_appropriate,ToM,0.20731349289417267
full,whole_parcel,LANGUAGE_noAngG,RH_IFG,R,norm_moral,ToM,0.18732698261737823
full,whole_parcel,LANGUAGE_noAngG,RH_MFG,R,anaphor_gender_agreement,Lan,0.23054152727127075
full,whole_parcel,LANGUAGE_noAngG,RH_MFG,R,det_noun_agreement_irregular,Lan,0.24449431896209717
full,whole_parcel,LANGUAGE_noAngG,RH_MFG,R,det_noun_agreement_regular,Lan,0.24367737770080566
full,whole_parcel,LANGUAGE_noAngG,RH_MFG,R,det_noun_agreement_with_adjective,Lan,0.25577497482299805
full,whole_parcel,LANGUAGE_noAngG,RH_MFG,R,subject_verb_agreement,Lan,0.20110490918159485
full,whole_parcel,LANGUAGE_noAngG,RH_MFG,R,npi,Lan,0.25484418869018555
full,whole_parcel,LANGUAGE_noAngG,RH_MFG,R,hypernymy,Lan,0.1868567019701004
full,whole_parcel,LANGUAGE_noAngG,RH_MFG,R,wug,Lan,0.2168501913547516
full,whole_parcel,LANGUAGE_noAngG,RH_MFG,R,logic_syllogism_1,MD,0.19361241161823273
full,whole_parcel,LANGUAGE_noAngG,RH_MFG,R,logic_syllogism_symbolic,MD,0.17954710125923157
full,whole_parcel,LANGUAGE_noAngG,RH_MFG,R,logic_propositional_1,MD,0.2254175841808319
full,whole_parcel,LANGUAGE_noAngG,RH_MFG,R,logic_propositional_symbolic,MD,0.2357485443353653
full,whole_parcel,LANGUAGE_noAngG,RH_MFG,R,number_sequence,MD,0.23066465556621552
full,whole_parcel,LANGUAGE_noAngG,RH_MFG,R,add_sub_2op_verbal,MD,0.23602144420146942
full,whole_parcel,LANGUAGE_noAngG,RH_MFG,R,add_sub_2op_symbolic,MD,0.21665465831756592
full,whole_parcel,LANGUAGE_noAngG,RH_MFG,R,add_sub_3op_verbal,MD,0.23037222027778625
full,whole_parcel,LANGUAGE_noAngG,RH_MFG,R,add_sub_3op_symbolic,MD,0.22076493501663208
full,whole_parcel,LANGUAGE_noAngG,RH_MFG,R,mul_div_2op_verbal,MD,0.23311357200145721
full,whole_parcel,LANGUAGE_noAngG,RH_MFG,R,mul_div_2op_symbolic,MD,0.21346183121204376
full,whole_parcel,LANGUAGE_noAngG,RH_MFG,R,mul_div_3op_verbal,MD,0.24128328263759613
full,whole_parcel,LANGUAGE_noAngG,RH_MFG,R,mul_div_3op_symbolic,MD,0.21970656514167786
full,whole_parcel,LANGUAGE_noAngG,RH_MFG,R,simple_equation,MD,0.2036362886428833
full,whole_parcel,LANGUAGE_noAngG,RH_MFG,R,number_sorting,MD,0.314205527305603
full,whole_parcel,LANGUAGE_noAngG,RH_MFG,R,code_conditional,MD,0.2549942433834076
full,whole_parcel,LANGUAGE_noAngG,RH_MFG,R,code_loop,MD,0.22785095870494843
full,whole_parcel,LANGUAGE_noAngG,RH_MFG,R,code_list,MD,0.2345840185880661
full,whole_parcel,LANGUAGE_noAngG,RH_MFG,R,code_A,MD,0.2432909458875656
full,whole_parcel,LANGUAGE_noAngG,RH_MFG,R,code_B,MD,0.24148832261562347
full,whole_parcel,LANGUAGE_noAngG,RH_MFG,R,phys_newton,phys,0.2551211416721344
full,whole_parcel,LANGUAGE_noAngG,RH_MFG,R,phys_prost,phys,0.266899973154068
full,whole_parcel,LANGUAGE_noAngG,RH_MFG,R,physics_buoyancy,phys,0.2408246546983719
full,whole_parcel,LANGUAGE_noAngG,RH_MFG,R,physics_brightness,phys,0.20981155335903168
full,whole_parcel,LANGUAGE_noAngG,RH_MFG,R,physics_elasticity,phys,0.2411559522151947
full,whole_parcel,LANGUAGE_noAngG,RH_MFG,R,physics_solubility,phys,0.22540222108364105
full,whole_parcel,LANGUAGE_noAngG,RH_MFG,R,physics_speed,phys,0.22005698084831238
full,whole_parcel,LANGUAGE_noAngG,RH_MFG,R,physics_stability,phys,0.2318202406167984
full,whole_parcel,LANGUAGE_noAngG,RH_MFG,R,physics_temperature,phys,0.20924009382724762
full,whole_parcel,LANGUAGE_noAngG,RH_MFG,R,agent,ToM,0.26287856698036194
full,whole_parcel,LANGUAGE_noAngG,RH_MFG,R,social_interactions,ToM,0.2507188618183136
full,whole_parcel,LANGUAGE_noAngG,RH_MFG,R,social_relations,ToM,0.2417422980070114
full,whole_parcel,LANGUAGE_noAngG,RH_MFG,R,desires_goals,ToM,0.22251030802726746
full,whole_parcel,LANGUAGE_noAngG,RH_MFG,R,primary_emotions,ToM,0.2332148402929306
full,whole_parcel,LANGUAGE_noAngG,RH_MFG,R,secondary_emotions,ToM,0.22364620864391327
full,whole_parcel,LANGUAGE_noAngG,RH_MFG,R,emotion_fewshot,ToM,0.2149757593870163
full,whole_parcel,LANGUAGE_noAngG,RH_MFG,R,norm_appropriate,ToM,0.2656686007976532
full,whole_parcel,LANGUAGE_noAngG,RH_MFG,R,norm_moral,ToM,0.25527510046958923
full,whole_parcel,LANGUAGE_noAngG,RH_AntTemp,R,anaphor_gender_agreement,Lan,0.15737201273441315
full,whole_parcel,LANGUAGE_noAngG,RH_AntTemp,R,det_noun_agreement_irregular,Lan,0.17506420612335205
full,whole_parcel,LANGUAGE_noAngG,RH_AntTemp,R,det_noun_agreement_regular,Lan,0.17520572245121002
full,whole_parcel,LANGUAGE_noAngG,RH_AntTemp,R,det_noun_agreement_with_adjective,Lan,0.20649687945842743
full,whole_parcel,LANGUAGE_noAngG,RH_AntTemp,R,subject_verb_agreement,Lan,0.1009749099612236
full,whole_parcel,LANGUAGE_noAngG,RH_AntTemp,R,npi,Lan,0.2664157748222351
full,whole_parcel,LANGUAGE_noAngG,RH_AntTemp,R,hypernymy,Lan,0.09007691591978073
full,whole_parcel,LANGUAGE_noAngG,RH_AntTemp,R,wug,Lan,0.1831447333097458
full,whole_parcel,LANGUAGE_noAngG,RH_AntTemp,R,logic_syllogism_1,MD,0.23815655708312988
full,whole_parcel,LANGUAGE_noAngG,RH_AntTemp,R,logic_syllogism_symbolic,MD,0.15552566945552826
full,whole_parcel,LANGUAGE_noAngG,RH_AntTemp,R,logic_propositional_1,MD,0.2165173441171646
full,whole_parcel,LANGUAGE_noAngG,RH_AntTemp,R,logic_propositional_symbolic,MD,0.23209841549396515
full,whole_parcel,LANGUAGE_noAngG,RH_AntTemp,R,number_sequence,MD,0.10506319254636765
full,whole_parcel,LANGUAGE_noAngG,RH_AntTemp,R,add_sub_2op_verbal,MD,0.09581445902585983
full,whole_parcel,LANGUAGE_noAngG,RH_AntTemp,R,add_sub_2op_symbolic,MD,0.07590451836585999
full,whole_parcel,LANGUAGE_noAngG,RH_AntTemp,R,add_sub_3op_verbal,MD,0.08706111460924149
full,whole_parcel,LANGUAGE_noAngG,RH_AntTemp,R,add_sub_3op_symbolic,MD,0.09167606383562088
full,whole_parcel,LANGUAGE_noAngG,RH_AntTemp,R,mul_div_2op_verbal,MD,0.08217095583677292
full,whole_parcel,LANGUAGE_noAngG,RH_AntTemp,R,mul_div_2op_symbolic,MD,0.0617988146841526
full,whole_parcel,LANGUAGE_noAngG,RH_AntTemp,R,mul_div_3op_verbal,MD,0.08767805993556976
full,whole_parcel,LANGUAGE_noAngG,RH_AntTemp,R,mul_div_3op_symbolic,MD,0.06644656509160995
full,whole_parcel,LANGUAGE_noAngG,RH_AntTemp,R,simple_equation,MD,0.12109379470348358
full,whole_parcel,LANGUAGE_noAngG,RH_AntTemp,R,number_sorting,MD,0.28644412755966187
full,whole_parcel,LANGUAGE_noAngG,RH_AntTemp,R,code_conditional,MD,0.27248406410217285
full,whole_parcel,LANGUAGE_noAngG,RH_AntTemp,R,code_loop,MD,0.2299661785364151
full,whole_parcel,LANGUAGE_noAngG,RH_AntTemp,R,code_list,MD,0.2557048499584198
full,whole_parcel,LANGUAGE_noAngG,RH_AntTemp,R,code_A,MD,0.24669741094112396
full,whole_parcel,LANGUAGE_noAngG,RH_AntTemp,R,code_B,MD,0.25588610768318176
full,whole_parcel,LANGUAGE_noAngG,RH_AntTemp,R,phys_newton,phys,0.25625085830688477
full,whole_parcel,LANGUAGE_noAngG,RH_AntTemp,R,phys_prost,phys,0.2579960227012634
full,whole_parcel,LANGUAGE_noAngG,RH_AntTemp,R,physics_buoyancy,phys,0.23790152370929718
full,whole_parcel,LANGUAGE_noAngG,RH_AntTemp,R,physics_brightness,phys,0.17751182615756989
full,whole_parcel,LANGUAGE_noAngG,RH_AntTemp,R,physics_elasticity,phys,0.22999964654445648
full,whole_parcel,LANGUAGE_noAngG,RH_AntTemp,R,physics_solubility,phys,0.16533668339252472
full,whole_parcel,LANGUAGE_noAngG,RH_AntTemp,R,physics_speed,phys,0.19637082517147064
full,whole_parcel,LANGUAGE_noAngG,RH_AntTemp,R,physics_stability,phys,0.21045587956905365
full,whole_parcel,LANGUAGE_noAngG,RH_AntTemp,R,physics_temperature,phys,0.23603589832782745
full,whole_parcel,LANGUAGE_noAngG,RH_AntTemp,R,agent,ToM,0.31333160400390625
full,whole_parcel,LANGUAGE_noAngG,RH_AntTemp,R,social_interactions,ToM,0.3088388442993164
full,whole_parcel,LANGUAGE_noAngG,RH_AntTemp,R,social_relations,ToM,0.36247947812080383
full,whole_parcel,LANGUAGE_noAngG,RH_AntTemp,R,desires_goals,ToM,0.27216747403144836
full,whole_parcel,LANGUAGE_noAngG,RH_AntTemp,R,primary_emotions,ToM,0.27574053406715393
full,whole_parcel,LANGUAGE_noAngG,RH_AntTemp,R,secondary_emotions,ToM,0.2503789961338043
full,whole_parcel,LANGUAGE_noAngG,RH_AntTemp,R,emotion_fewshot,ToM,0.23678749799728394
full,whole_parcel,LANGUAGE_noAngG,RH_AntTemp,R,norm_appropriate,ToM,0.35002854466438293
full,whole_parcel,LANGUAGE_noAngG,RH_AntTemp,R,norm_moral,ToM,0.30735209584236145
full,whole_parcel,LANGUAGE_noAngG,RH_PostTemp,R,anaphor_gender_agreement,Lan,0.16452983021736145
full,whole_parcel,LANGUAGE_noAngG,RH_PostTemp,R,det_noun_agreement_irregular,Lan,0.17271579802036285
full,whole_parcel,LANGUAGE_noAngG,RH_PostTemp,R,det_noun_agreement_regular,Lan,0.17372161149978638
full,whole_parcel,LANGUAGE_noAngG,RH_PostTemp,R,det_noun_agreement_with_adjective,Lan,0.19400687515735626
full,whole_parcel,LANGUAGE_noAngG,RH_PostTemp,R,subject_verb_agreement,Lan,0.12200849503278732
full,whole_parcel,LANGUAGE_noAngG,RH_PostTemp,R,npi,Lan,0.2259930670261383
full,whole_parcel,LANGUAGE_noAngG,RH_PostTemp,R,hypernymy,Lan,0.1009664535522461
full,whole_parcel,LANGUAGE_noAngG,RH_PostTemp,R,wug,Lan,0.15453676879405975
full,whole_parcel,LANGUAGE_noAngG,RH_PostTemp,R,logic_syllogism_1,MD,0.14033269882202148
full,whole_parcel,LANGUAGE_noAngG,RH_PostTemp,R,logic_syllogism_symbolic,MD,0.12278534471988678
full,whole_parcel,LANGUAGE_noAngG,RH_PostTemp,R,logic_propositional_1,MD,0.139913871884346
full,whole_parcel,LANGUAGE_noAngG,RH_PostTemp,R,logic_propositional_symbolic,MD,0.21557371318340302
full,whole_parcel,LANGUAGE_noAngG,RH_PostTemp,R,number_sequence,MD,0.14562655985355377
full,whole_parcel,LANGUAGE_noAngG,RH_PostTemp,R,add_sub_2op_verbal,MD,0.13229313492774963
full,whole_parcel,LANGUAGE_noAngG,RH_PostTemp,R,add_sub_2op_symbolic,MD,0.10622131824493408
full,whole_parcel,LANGUAGE_noAngG,RH_PostTemp,R,add_sub_3op_verbal,MD,0.1315845400094986
full,whole_parcel,LANGUAGE_noAngG,RH_PostTemp,R,add_sub_3op_symbolic,MD,0.11956638097763062
full,whole_parcel,LANGUAGE_noAngG,RH_PostTemp,R,mul_div_2op_verbal,MD,0.11793166399002075
full,whole_parcel,LANGUAGE_noAngG,RH_PostTemp,R,mul_div_2op_symbolic,MD,0.09634154289960861
full,whole_parcel,LANGUAGE_noAngG,RH_PostTemp,R,mul_div_3op_verbal,MD,0.12846753001213074
full,whole_parcel,LANGUAGE_noAngG,RH_PostTemp,R,mul_div_3op_symbolic,MD,0.10112561285495758
full,whole_parcel,LANGUAGE_noAngG,RH_PostTemp,R,simple_equation,MD,0.12769699096679688
full,whole_parcel,LANGUAGE_noAngG,RH_PostTemp,R,number_sorting,MD,0.2976219952106476
full,whole_parcel,LANGUAGE_noAngG,RH_PostTemp,R,code_conditional,MD,0.2662663757801056
full,whole_parcel,LANGUAGE_noAngG,RH_PostTemp,R,code_loop,MD,0.2192191630601883
full,whole_parcel,LANGUAGE_noAngG,RH_PostTemp,R,code_list,MD,0.2377573698759079
full,whole_parcel,LANGUAGE_noAngG,RH_PostTemp,R,code_A,MD,0.2384396195411682
full,whole_parcel,LANGUAGE_noAngG,RH_PostTemp,R,code_B,MD,0.24193480610847473
full,whole_parcel,LANGUAGE_noAngG,RH_PostTemp,R,phys_newton,phys,0.22948768734931946
full,whole_parcel,LANGUAGE_noAngG,RH_PostTemp,R,phys_prost,phys,0.25390273332595825
full,whole_parcel,LANGUAGE_noAngG,RH_PostTemp,R,physics_buoyancy,phys,0.22506599128246307
full,whole_parcel,LANGUAGE_noAngG,RH_PostTemp,R,physics_brightness,phys,0.16814100742340088
full,whole_parcel,LANGUAGE_noAngG,RH_PostTemp,R,physics_elasticity,phys,0.22208519279956818
full,whole_parcel,LANGUAGE_noAngG,RH_PostTemp,R,physics_solubility,phys,0.16715502738952637
full,whole_parcel,LANGUAGE_noAngG,RH_PostTemp,R,physics_speed,phys,0.18333612382411957
full,whole_parcel,LANGUAGE_noAngG,RH_PostTemp,R,physics_stability,phys,0.20025479793548584
full,whole_parcel,LANGUAGE_noAngG,RH_PostTemp,R,physics_temperature,phys,0.2004639357328415
full,whole_parcel,LANGUAGE_noAngG,RH_PostTemp,R,agent,ToM,0.26320603489875793
full,whole_parcel,LANGUAGE_noAngG,RH_PostTemp,R,social_interactions,ToM,0.2340785712003708
full,whole_parcel,LANGUAGE_noAngG,RH_PostTemp,R,social_relations,ToM,0.27400702238082886
full,whole_parcel,LANGUAGE_noAngG,RH_PostTemp,R,desires_goals,ToM,0.1948428899049759
full,whole_parcel,LANGUAGE_noAngG,RH_PostTemp,R,primary_emotions,ToM,0.21200230717658997
full,whole_parcel,LANGUAGE_noAngG,RH_PostTemp,R,secondary_emotions,ToM,0.18526576459407806
full,whole_parcel,LANGUAGE_noAngG,RH_PostTemp,R,emotion_fewshot,ToM,0.16155244410037994
full,whole_parcel,LANGUAGE_noAngG,RH_PostTemp,R,norm_appropriate,ToM,0.2883709967136383
full,whole_parcel,LANGUAGE_noAngG,RH_PostTemp,R,norm_moral,ToM,0.23193204402923584
full,whole_parcel,MD,LH_postParietal,L,anaphor_gender_agreement,Lan,0.04376725107431412
full,whole_parcel,MD,LH_postParietal,L,det_noun_agreement_irregular,Lan,0.045143455266952515
full,whole_parcel,MD,LH_postParietal,L,det_noun_agreement_regular,Lan,0.04807274416089058
full,whole_parcel,MD,LH_postParietal,L,det_noun_agreement_with_adjective,Lan,0.04311356320977211
full,whole_parcel,MD,LH_postParietal,L,subject_verb_agreement,Lan,0.052161525934934616
full,whole_parcel,MD,LH_postParietal,L,npi,Lan,0.030626391991972923
full,whole_parcel,MD,LH_postParietal,L,hypernymy,Lan,0.04532754421234131
full,whole_parcel,MD,LH_postParietal,L,wug,Lan,0.01739608868956566
full,whole_parcel,MD,LH_postParietal,L,logic_syllogism_1,MD,-0.09992208331823349
full,whole_parcel,MD,LH_postParietal,L,logic_syllogism_symbolic,MD,-0.06619814038276672
full,whole_parcel,MD,LH_postParietal,L,logic_propositional_1,MD,-0.09926272183656693
full,whole_parcel,MD,LH_postParietal,L,logic_propositional_symbolic,MD,-0.02774275466799736
full,whole_parcel,MD,LH_postParietal,L,number_sequence,MD,0.04022148251533508
full,whole_parcel,MD,LH_postParietal,L,add_sub_2op_verbal,MD,0.08478949218988419
full,whole_parcel,MD,LH_postParietal,L,add_sub_2op_symbolic,MD,0.04564476013183594
full,whole_parcel,MD,LH_postParietal,L,add_sub_3op_verbal,MD,0.09422862529754639
full,whole_parcel,MD,LH_postParietal,L,add_sub_3op_symbolic,MD,0.03650890663266182
full,whole_parcel,MD,LH_postParietal,L,mul_div_2op_verbal,MD,0.06717480719089508
full,whole_parcel,MD,LH_postParietal,L,mul_div_2op_symbolic,MD,0.03842132166028023
full,whole_parcel,MD,LH_postParietal,L,mul_div_3op_verbal,MD,0.07458975911140442
full,whole_parcel,MD,LH_postParietal,L,mul_div_3op_symbolic,MD,0.02773837186396122
full,whole_parcel,MD,LH_postParietal,L,simple_equation,MD,0.0075686052441596985
full,whole_parcel,MD,LH_postParietal,L,number_sorting,MD,0.06706645339727402
full,whole_parcel,MD,LH_postParietal,L,code_conditional,MD,-0.003677939996123314
full,whole_parcel,MD,LH_postParietal,L,code_loop,MD,-0.0203460231423378
full,whole_parcel,MD,LH_postParietal,L,code_list,MD,-0.012632754631340504
full,whole_parcel,MD,LH_postParietal,L,code_A,MD,-0.011300122365355492
full,whole_parcel,MD,LH_postParietal,L,code_B,MD,-0.007841629907488823
full,whole_parcel,MD,LH_postParietal,L,phys_newton,phys,0.03360489010810852
full,whole_parcel,MD,LH_postParietal,L,phys_prost,phys,0.06542795151472092
full,whole_parcel,MD,LH_postParietal,L,physics_buoyancy,phys,0.07823723554611206
full,whole_parcel,MD,LH_postParietal,L,physics_brightness,phys,0.08839195966720581
full,whole_parcel,MD,LH_postParietal,L,physics_elasticity,phys,0.07905792444944382
full,whole_parcel,MD,LH_postParietal,L,physics_solubility,phys,0.10391318798065186
full,whole_parcel,MD,LH_postParietal,L,physics_speed,phys,0.060050297528505325
full,whole_parcel,MD,LH_postParietal,L,physics_stability,phys,0.08668982982635498
full,whole_parcel,MD,LH_postParietal,L,physics_temperature,phys,0.05175420641899109
full,whole_parcel,MD,LH_postParietal,L,agent,ToM,0.006049516145139933
full,whole_parcel,MD,LH_postParietal,L,social_interactions,ToM,-0.0417298786342144
full,whole_parcel,MD,LH_postParietal,L,social_relations,ToM,-0.025198008865118027
full,whole_parcel,MD,LH_postParietal,L,desires_goals,ToM,-0.021891111508011818
full,whole_parcel,MD,LH_postParietal,L,primary_emotions,ToM,-0.016471153125166893
full,whole_parcel,MD,LH_postParietal,L,secondary_emotions,ToM,-0.027025077491998672
full,whole_parcel,MD,LH_postParietal,L,emotion_fewshot,ToM,-0.032651640474796295
full,whole_parcel,MD,LH_postParietal,L,norm_appropriate,ToM,-0.009113099426031113
full,whole_parcel,MD,LH_postParietal,L,norm_moral,ToM,-0.03596356138586998
full,whole_parcel,MD,LH_midParietal,L,anaphor_gender_agreement,Lan,0.032555896788835526
full,whole_parcel,MD,LH_midParietal,L,det_noun_agreement_irregular,Lan,0.015944862738251686
full,whole_parcel,MD,LH_midParietal,L,det_noun_agreement_regular,Lan,0.018352460116147995
full,whole_parcel,MD,LH_midParietal,L,det_noun_agreement_with_adjective,Lan,-0.0018129758536815643
full,whole_parcel,MD,LH_midParietal,L,subject_verb_agreement,Lan,0.0735931545495987
full,whole_parcel,MD,LH_midParietal,L,npi,Lan,-0.013732478953897953
full,whole_parcel,MD,LH_midParietal,L,hypernymy,Lan,0.06398998200893402
full,whole_parcel,MD,LH_midParietal,L,wug,Lan,0.07098164409399033
full,whole_parcel,MD,LH_midParietal,L,logic_syllogism_1,MD,-0.04204144701361656
full,whole_parcel,MD,LH_midParietal,L,logic_syllogism_symbolic,MD,0.01241526659578085
full,whole_parcel,MD,LH_midParietal,L,logic_propositional_1,MD,-0.029826171696186066
full,whole_parcel,MD,LH_midParietal,L,logic_propositional_symbolic,MD,0.04279306158423424
full,whole_parcel,MD,LH_midParietal,L,number_sequence,MD,0.13922901451587677
full,whole_parcel,MD,LH_midParietal,L,add_sub_2op_verbal,MD,0.228768989443779
full,whole_parcel,MD,LH_midParietal,L,add_sub_2op_symbolic,MD,0.09665664285421371
full,whole_parcel,MD,LH_midParietal,L,add_sub_3op_verbal,MD,0.2532985806465149
full,whole_parcel,MD,LH_midParietal,L,add_sub_3op_symbolic,MD,0.11281043291091919
full,whole_parcel,MD,LH_midParietal,L,mul_div_2op_verbal,MD,0.1919717639684677
full,whole_parcel,MD,LH_midParietal,L,mul_div_2op_symbolic,MD,0.09705337136983871
full,whole_parcel,MD,LH_midParietal,L,mul_div_3op_verbal,MD,0.21389658749103546
full,whole_parcel,MD,LH_midParietal,L,mul_div_3op_symbolic,MD,0.12032538652420044
full,whole_parcel,MD,LH_midParietal,L,simple_equation,MD,0.09841112792491913
full,whole_parcel,MD,LH_midParietal,L,number_sorting,MD,0.2364889234304428
full,whole_parcel,MD,LH_midParietal,L,code_conditional,MD,0.061042871326208115
full,whole_parcel,MD,LH_midParietal,L,code_loop,MD,0.06721652299165726
full,whole_parcel,MD,LH_midParietal,L,code_list,MD,0.05888722464442253
full,whole_parcel,MD,LH_midParietal,L,code_A,MD,0.06881669908761978
full,whole_parcel,MD,LH_midParietal,L,code_B,MD,0.0602363757789135
full,whole_parcel,MD,LH_midParietal,L,phys_newton,phys,-0.0002186459896620363
full,whole_parcel,MD,LH_midParietal,L,phys_prost,phys,0.01857936941087246
full,whole_parcel,MD,LH_midParietal,L,physics_buoyancy,phys,0.034044165164232254
full,whole_parcel,MD,LH_midParietal,L,physics_brightness,phys,0.02303864061832428
full,whole_parcel,MD,LH_midParietal,L,physics_elasticity,phys,-0.010835915803909302
full,whole_parcel,MD,LH_midParietal,L,physics_solubility,phys,0.029825376346707344
full,whole_parcel,MD,LH_midParietal,L,physics_speed,phys,-0.0006788019090890884
full,whole_parcel,MD,LH_midParietal,L,physics_stability,phys,0.004319327883422375
full,whole_parcel,MD,LH_midParietal,L,physics_temperature,phys,-0.003359746653586626
full,whole_parcel,MD,LH_midParietal,L,agent,ToM,-0.009657884016633034
full,whole_parcel,MD,LH_midParietal,L,social_interactions,ToM,-0.0789773240685463
full,whole_parcel,MD,LH_midParietal,L,social_relations,ToM,-0.0294509120285511
full,whole_parcel,MD,LH_midParietal,L,desires_goals,ToM,-0.06460155546665192
full,whole_parcel,MD,LH_midParietal,L,primary_emotions,ToM,-0.07502472400665283
full,whole_parcel,MD,LH_midParietal,L,secondary_emotions,ToM,-0.07261703163385391
full,whole_parcel,MD,LH_midParietal,L,emotion_fewshot,ToM,-0.057397983968257904
full,whole_parcel,MD,LH_midParietal,L,norm_appropriate,ToM,-0.0405191071331501
full,whole_parcel,MD,LH_midParietal,L,norm_moral,ToM,-0.0392942950129509
full,whole_parcel,MD,LH_antParietal,L,anaphor_gender_agreement,Lan,0.013064253143966198
full,whole_parcel,MD,LH_antParietal,L,det_noun_agreement_irregular,Lan,-0.005060456693172455
full,whole_parcel,MD,LH_antParietal,L,det_noun_agreement_regular,Lan,-0.003485717112198472
full,whole_parcel,MD,LH_antParietal,L,det_noun_agreement_with_adjective,Lan,-0.01446764450520277
full,whole_parcel,MD,LH_antParietal,L,subject_verb_agreement,Lan,0.05013277009129524
full,whole_parcel,MD,LH_antParietal,L,npi,Lan,-0.031768668442964554
full,whole_parcel,MD,LH_antParietal,L,hypernymy,Lan,0.02756873145699501
full,whole_parcel,MD,LH_antParietal,L,wug,Lan,0.0010326860938221216
full,whole_parcel,MD,LH_antParietal,L,logic_syllogism_1,MD,-0.08551289886236191
full,whole_parcel,MD,LH_antParietal,L,logic_syllogism_symbolic,MD,-0.02516104280948639
full,whole_parcel,MD,LH_antParietal,L,logic_propositional_1,MD,-0.04942699894309044
full,whole_parcel,MD,LH_antParietal,L,logic_propositional_symbolic,MD,-0.013938442803919315
full,whole_parcel,MD,LH_antParietal,L,number_sequence,MD,0.05692201107740402
full,whole_parcel,MD,LH_antParietal,L,add_sub_2op_verbal,MD,0.1173091009259224
full,whole_parcel,MD,LH_antParietal,L,add_sub_2op_symbolic,MD,0.04460353031754494
full,whole_parcel,MD,LH_antParietal,L,add_sub_3op_verbal,MD,0.14051461219787598
full,whole_parcel,MD,LH_antParietal,L,add_sub_3op_symbolic,MD,0.05631893873214722
full,whole_parcel,MD,LH_antParietal,L,mul_div_2op_verbal,MD,0.09687826782464981
full,whole_parcel,MD,LH_antParietal,L,mul_div_2op_symbolic,MD,0.047165535390377045
full,whole_parcel,MD,LH_antParietal,L,mul_div_3op_verbal,MD,0.11312202364206314
full,whole_parcel,MD,LH_antParietal,L,mul_div_3op_symbolic,MD,0.0672605112195015
full,whole_parcel,MD,LH_antParietal,L,simple_equation,MD,0.03355245664715767
full,whole_parcel,MD,LH_antParietal,L,number_sorting,MD,0.16038259863853455
full,whole_parcel,MD,LH_antParietal,L,code_conditional,MD,0.015524574555456638
full,whole_parcel,MD,LH_antParietal,L,code_loop,MD,0.01715981587767601
full,whole_parcel,MD,LH_antParietal,L,code_list,MD,0.007549763657152653
full,whole_parcel,MD,LH_antParietal,L,code_A,MD,0.021192852407693863
full,whole_parcel,MD,LH_antParietal,L,code_B,MD,0.013604731298983097
full,whole_parcel,MD,LH_antParietal,L,phys_newton,phys,0.031294383108615875
full,whole_parcel,MD,LH_antParietal,L,phys_prost,phys,0.05220403894782066
full,whole_parcel,MD,LH_antParietal,L,physics_buoyancy,phys,0.10736313462257385
full,whole_parcel,MD,LH_antParietal,L,physics_brightness,phys,0.12372230738401413
full,whole_parcel,MD,LH_antParietal,L,physics_elasticity,phys,0.10132069140672684
full,whole_parcel,MD,LH_antParietal,L,physics_solubility,phys,0.1306391805410385
full,whole_parcel,MD,LH_antParietal,L,physics_speed,phys,0.0881652981042862
full,whole_parcel,MD,LH_antParietal,L,physics_stability,phys,0.12589168548583984
full,whole_parcel,MD,LH_antParietal,L,physics_temperature,phys,0.06420313566923141
full,whole_parcel,MD,LH_antParietal,L,agent,ToM,-0.008939475752413273
full,whole_parcel,MD,LH_antParietal,L,social_interactions,ToM,-0.06530687212944031
full,whole_parcel,MD,LH_antParietal,L,social_relations,ToM,-0.06648532301187515
full,whole_parcel,MD,LH_antParietal,L,desires_goals,ToM,-0.06766708940267563
full,whole_parcel,MD,LH_antParietal,L,primary_emotions,ToM,-0.07725461572408676
full,whole_parcel,MD,LH_antParietal,L,secondary_emotions,ToM,-0.07669345289468765
full,whole_parcel,MD,LH_antParietal,L,emotion_fewshot,ToM,-0.03349975869059563
full,whole_parcel,MD,LH_antParietal,L,norm_appropriate,ToM,-0.021174410358071327
full,whole_parcel,MD,LH_antParietal,L,norm_moral,ToM,-0.02304249256849289
full,whole_parcel,MD,LH_supFrontal,L,anaphor_gender_agreement,Lan,0.05115561932325363
full,whole_parcel,MD,LH_supFrontal,L,det_noun_agreement_irregular,Lan,0.046350136399269104
full,whole_parcel,MD,LH_supFrontal,L,det_noun_agreement_regular,Lan,0.0485852025449276
full,whole_parcel,MD,LH_supFrontal,L,det_noun_agreement_with_adjective,Lan,0.045431122183799744
full,whole_parcel,MD,LH_supFrontal,L,subject_verb_agreement,Lan,0.060247085988521576
full,whole_parcel,MD,LH_supFrontal,L,npi,Lan,0.03785340115427971
full,whole_parcel,MD,LH_supFrontal,L,hypernymy,Lan,0.0502888560295105
full,whole_parcel,MD,LH_supFrontal,L,wug,Lan,0.027200939133763313
full,whole_parcel,MD,LH_supFrontal,L,logic_syllogism_1,MD,-0.03520159795880318
full,whole_parcel,MD,LH_supFrontal,L,logic_syllogism_symbolic,MD,-0.010043851099908352
full,whole_parcel,MD,LH_supFrontal,L,logic_propositional_1,MD,-0.009858210571110249
full,whole_parcel,MD,LH_supFrontal,L,logic_propositional_symbolic,MD,0.025108229368925095
full,whole_parcel,MD,LH_supFrontal,L,number_sequence,MD,0.05940473824739456
full,whole_parcel,MD,LH_supFrontal,L,add_sub_2op_verbal,MD,0.09457427263259888
full,whole_parcel,MD,LH_supFrontal,L,add_sub_2op_symbolic,MD,0.05560145154595375
full,whole_parcel,MD,LH_supFrontal,L,add_sub_3op_verbal,MD,0.10872888565063477
full,whole_parcel,MD,LH_supFrontal,L,add_sub_3op_symbolic,MD,0.054350122809410095
full,whole_parcel,MD,LH_supFrontal,L,mul_div_2op_verbal,MD,0.08073738217353821
full,whole_parcel,MD,LH_supFrontal,L,mul_div_2op_symbolic,MD,0.05136086046695709
full,whole_parcel,MD,LH_supFrontal,L,mul_div_3op_verbal,MD,0.09066206961870193
full,whole_parcel,MD,LH_supFrontal,L,mul_div_3op_symbolic,MD,0.04898950085043907
full,whole_parcel,MD,LH_supFrontal,L,simple_equation,MD,0.035785045474767685
full,whole_parcel,MD,LH_supFrontal,L,number_sorting,MD,0.1563098132610321
full,whole_parcel,MD,LH_supFrontal,L,code_conditional,MD,0.05677473545074463
full,whole_parcel,MD,LH_supFrontal,L,code_loop,MD,0.043559059500694275
full,whole_parcel,MD,LH_supFrontal,L,code_list,MD,0.04738018661737442
full,whole_parcel,MD,LH_supFrontal,L,code_A,MD,0.05163610726594925
full,whole_parcel,MD,LH_supFrontal,L,code_B,MD,0.05239349231123924
full,whole_parcel,MD,LH_supFrontal,L,phys_newton,phys,0.07553026080131531
full,whole_parcel,MD,LH_supFrontal,L,phys_prost,phys,0.10247549414634705
full,whole_parcel,MD,LH_supFrontal,L,physics_buoyancy,phys,0.14785043895244598
full,whole_parcel,MD,LH_supFrontal,L,physics_brightness,phys,0.1489531695842743
full,whole_parcel,MD,LH_supFrontal,L,physics_elasticity,phys,0.14858318865299225
full,whole_parcel,MD,LH_supFrontal,L,physics_solubility,phys,0.15536674857139587
full,whole_parcel,MD,LH_supFrontal,L,physics_speed,phys,0.12366169691085815
full,whole_parcel,MD,LH_supFrontal,L,physics_stability,phys,0.15772594511508942
full,whole_parcel,MD,LH_supFrontal,L,physics_temperature,phys,0.11712051182985306
full,whole_parcel,MD,LH_supFrontal,L,agent,ToM,0.07182160764932632
full,whole_parcel,MD,LH_supFrontal,L,social_interactions,ToM,0.015837108716368675
full,whole_parcel,MD,LH_supFrontal,L,social_relations,ToM,0.02516978606581688
full,whole_parcel,MD,LH_supFrontal,L,desires_goals,ToM,0.00800014566630125
full,whole_parcel,MD,LH_supFrontal,L,primary_emotions,ToM,0.004751385189592838
full,whole_parcel,MD,LH_supFrontal,L,secondary_emotions,ToM,-0.0032084346748888493
full,whole_parcel,MD,LH_supFrontal,L,emotion_fewshot,ToM,0.03706205263733864
full,whole_parcel,MD,LH_supFrontal,L,norm_appropriate,ToM,0.07676368206739426
full,whole_parcel,MD,LH_supFrontal,L,norm_moral,ToM,0.05600399523973465
full,whole_parcel,MD,LH_Precentral_A_PrecG,L,anaphor_gender_agreement,Lan,0.09584853798151016
full,whole_parcel,MD,LH_Precentral_A_PrecG,L,det_noun_agreement_irregular,Lan,0.10956589132547379
full,whole_parcel,MD,LH_Precentral_A_PrecG,L,det_noun_agreement_regular,Lan,0.10976757109165192
full,whole_parcel,MD,LH_Precentral_A_PrecG,L,det_noun_agreement_with_adjective,Lan,0.12549875676631927
full,whole_parcel,MD,LH_Precentral_A_PrecG,L,subject_verb_agreement,Lan,0.08120429515838623
full,whole_parcel,MD,LH_Precentral_A_PrecG,L,npi,Lan,0.14274409413337708
full,whole_parcel,MD,LH_Precentral_A_PrecG,L,hypernymy,Lan,0.08615897595882416
full,whole_parcel,MD,LH_Precentral_A_PrecG,L,wug,Lan,0.15626734495162964
full,whole_parcel,MD,LH_Precentral_A_PrecG,L,logic_syllogism_1,MD,0.13649877905845642
full,whole_parcel,MD,LH_Precentral_A_PrecG,L,logic_syllogism_symbolic,MD,0.11978524178266525
full,whole_parcel,MD,LH_Precentral_A_PrecG,L,logic_propositional_1,MD,0.1506161242723465
full,whole_parcel,MD,LH_Precentral_A_PrecG,L,logic_propositional_symbolic,MD,0.15707038342952728
full,whole_parcel,MD,LH_Precentral_A_PrecG,L,number_sequence,MD,0.14991611242294312
full,whole_parcel,MD,LH_Precentral_A_PrecG,L,add_sub_2op_verbal,MD,0.21302682161331177
full,whole_parcel,MD,LH_Precentral_A_PrecG,L,add_sub_2op_symbolic,MD,0.09333181381225586
full,whole_parcel,MD,LH_Precentral_A_PrecG,L,add_sub_3op_verbal,MD,0.22704048454761505
full,whole_parcel,MD,LH_Precentral_A_PrecG,L,add_sub_3op_symbolic,MD,0.1303347796201706
full,whole_parcel,MD,LH_Precentral_A_PrecG,L,mul_div_2op_verbal,MD,0.18421931564807892
full,whole_parcel,MD,LH_Precentral_A_PrecG,L,mul_div_2op_symbolic,MD,0.09935630112886429
full,whole_parcel,MD,LH_Precentral_A_PrecG,L,mul_div_3op_verbal,MD,0.2087872475385666
full,whole_parcel,MD,LH_Precentral_A_PrecG,L,mul_div_3op_symbolic,MD,0.14239731431007385
full,whole_parcel,MD,LH_Precentral_A_PrecG,L,simple_equation,MD,0.15283361077308655
full,whole_parcel,MD,LH_Precentral_A_PrecG,L,number_sorting,MD,0.3040356934070587
full,whole_parcel,MD,LH_Precentral_A_PrecG,L,code_conditional,MD,0.1853848099708557
full,whole_parcel,MD,LH_Precentral_A_PrecG,L,code_loop,MD,0.17973116040229797
full,whole_parcel,MD,LH_Precentral_A_PrecG,L,code_list,MD,0.18117079138755798
full,whole_parcel,MD,LH_Precentral_A_PrecG,L,code_A,MD,0.188232883810997
full,whole_parcel,MD,LH_Precentral_A_PrecG,L,code_B,MD,0.18658970296382904
full,whole_parcel,MD,LH_Precentral_A_PrecG,L,phys_newton,phys,0.18327368795871735
full,whole_parcel,MD,LH_Precentral_A_PrecG,L,phys_prost,phys,0.1925879716873169
full,whole_parcel,MD,LH_Precentral_A_PrecG,L,physics_buoyancy,phys,0.22539874911308289
full,whole_parcel,MD,LH_Precentral_A_PrecG,L,physics_brightness,phys,0.20920079946517944
full,whole_parcel,MD,LH_Precentral_A_PrecG,L,physics_elasticity,phys,0.20472677052021027
full,whole_parcel,MD,LH_Precentral_A_PrecG,L,physics_solubility,phys,0.2069471776485443
full,whole_parcel,MD,LH_Precentral_A_PrecG,L,physics_speed,phys,0.1880916804075241
full,whole_parcel,MD,LH_Precentral_A_PrecG,L,physics_stability,phys,0.2151871770620346
full,whole_parcel,MD,LH_Precentral_A_PrecG,L,physics_temperature,phys,0.18690858781337738
full,whole_parcel,MD,LH_Precentral_A_PrecG,L,agent,ToM,0.1649678647518158
full,whole_parcel,MD,LH_Precentral_A_PrecG,L,social_interactions,ToM,0.13312029838562012
full,whole_parcel,MD,LH_Precentral_A_PrecG,L,social_relations,ToM,0.16433119773864746
full,whole_parcel,MD,LH_Precentral_A_PrecG,L,desires_goals,ToM,0.12615102529525757
full,whole_parcel,MD,LH_Precentral_A_PrecG,L,primary_emotions,ToM,0.11458106338977814
full,whole_parcel,MD,LH_Precentral_A_PrecG,L,secondary_emotions,ToM,0.1096896231174469
full,whole_parcel,MD,LH_Precentral_A_PrecG,L,emotion_fewshot,ToM,0.1277826428413391
full,whole_parcel,MD,LH_Precentral_A_PrecG,L,norm_appropriate,ToM,0.16818112134933472
full,whole_parcel,MD,LH_Precentral_A_PrecG,L,norm_moral,ToM,0.16106067597866058
full,whole_parcel,MD,LH_Precental_B_IFGop,L,anaphor_gender_agreement,Lan,0.08297278732061386
full,whole_parcel,MD,LH_Precental_B_IFGop,L,det_noun_agreement_irregular,Lan,0.10465001314878464
full,whole_parcel,MD,LH_Precental_B_IFGop,L,det_noun_agreement_regular,Lan,0.10648484528064728
full,whole_parcel,MD,LH_Precental_B_IFGop,L,det_noun_agreement_with_adjective,Lan,0.12751884758472443
full,whole_parcel,MD,LH_Precental_B_IFGop,L,subject_verb_agreement,Lan,0.0815051719546318
full,whole_parcel,MD,LH_Precental_B_IFGop,L,npi,Lan,0.13011036813259125
full,whole_parcel,MD,LH_Precental_B_IFGop,L,hypernymy,Lan,0.09480953961610794
full,whole_parcel,MD,LH_Precental_B_IFGop,L,wug,Lan,0.1936424821615219
full,whole_parcel,MD,LH_Precental_B_IFGop,L,logic_syllogism_1,MD,0.16071510314941406
full,whole_parcel,MD,LH_Precental_B_IFGop,L,logic_syllogism_symbolic,MD,0.14375555515289307
full,whole_parcel,MD,LH_Precental_B_IFGop,L,logic_propositional_1,MD,0.18179871141910553
full,whole_parcel,MD,LH_Precental_B_IFGop,L,logic_propositional_symbolic,MD,0.1772971898317337
full,whole_parcel,MD,LH_Precental_B_IFGop,L,number_sequence,MD,0.20121663808822632
full,whole_parcel,MD,LH_Precental_B_IFGop,L,add_sub_2op_verbal,MD,0.31486329436302185
full,whole_parcel,MD,LH_Precental_B_IFGop,L,add_sub_2op_symbolic,MD,0.11169087141752243
full,whole_parcel,MD,LH_Precental_B_IFGop,L,add_sub_3op_verbal,MD,0.3307073712348938
full,whole_parcel,MD,LH_Precental_B_IFGop,L,add_sub_3op_symbolic,MD,0.17474284768104553
full,whole_parcel,MD,LH_Precental_B_IFGop,L,mul_div_2op_verbal,MD,0.2703581750392914
full,whole_parcel,MD,LH_Precental_B_IFGop,L,mul_div_2op_symbolic,MD,0.1279623657464981
full,whole_parcel,MD,LH_Precental_B_IFGop,L,mul_div_3op_verbal,MD,0.30653059482574463
full,whole_parcel,MD,LH_Precental_B_IFGop,L,mul_div_3op_symbolic,MD,0.20682959258556366
full,whole_parcel,MD,LH_Precental_B_IFGop,L,simple_equation,MD,0.21143649518489838
full,whole_parcel,MD,LH_Precental_B_IFGop,L,number_sorting,MD,0.3369504511356354
full,whole_parcel,MD,LH_Precental_B_IFGop,L,code_conditional,MD,0.19355444610118866
full,whole_parcel,MD,LH_Precental_B_IFGop,L,code_loop,MD,0.20848582684993744
full,whole_parcel,MD,LH_Precental_B_IFGop,L,code_list,MD,0.20470181107521057
full,whole_parcel,MD,LH_Precental_B_IFGop,L,code_A,MD,0.21526062488555908
full,whole_parcel,MD,LH_Precental_B_IFGop,L,code_B,MD,0.2136443853378296
full,whole_parcel,MD,LH_Precental_B_IFGop,L,phys_newton,phys,0.20811831951141357
full,whole_parcel,MD,LH_Precental_B_IFGop,L,phys_prost,phys,0.207687646150589
full,whole_parcel,MD,LH_Precental_B_IFGop,L,physics_buoyancy,phys,0.24835842847824097
full,whole_parcel,MD,LH_Precental_B_IFGop,L,physics_brightness,phys,0.24230819940567017
full,whole_parcel,MD,LH_Precental_B_IFGop,L,physics_elasticity,phys,0.2155858427286148
full,whole_parcel,MD,LH_Precental_B_IFGop,L,physics_solubility,phys,0.24169696867465973
full,whole_parcel,MD,LH_Precental_B_IFGop,L,physics_speed,phys,0.20716747641563416
full,whole_parcel,MD,LH_Precental_B_IFGop,L,physics_stability,phys,0.22515827417373657
full,whole_parcel,MD,LH_Precental_B_IFGop,L,physics_temperature,phys,0.19928856194019318
full,whole_parcel,MD,LH_Precental_B_IFGop,L,agent,ToM,0.12850023806095123
full,whole_parcel,MD,LH_Precental_B_IFGop,L,social_interactions,ToM,0.09997274726629257
full,whole_parcel,MD,LH_Precental_B_IFGop,L,social_relations,ToM,0.14308300614356995
full,whole_parcel,MD,LH_Precental_B_IFGop,L,desires_goals,ToM,0.10773608833551407
full,whole_parcel,MD,LH_Precental_B_IFGop,L,primary_emotions,ToM,0.08580377697944641
full,whole_parcel,MD,LH_Precental_B_IFGop,L,secondary_emotions,ToM,0.0872492864727974
full,whole_parcel,MD,LH_Precental_B_IFGop,L,emotion_fewshot,ToM,0.1199696734547615
full,whole_parcel,MD,LH_Precental_B_IFGop,L,norm_appropriate,ToM,0.13519072532653809
full,whole_parcel,MD,LH_Precental_B_IFGop,L,norm_moral,ToM,0.1232801154255867
full,whole_parcel,MD,LH_midFrontal,L,anaphor_gender_agreement,Lan,0.05737415328621864
full,whole_parcel,MD,LH_midFrontal,L,det_noun_agreement_irregular,Lan,0.05842505395412445
full,whole_parcel,MD,LH_midFrontal,L,det_noun_agreement_regular,Lan,0.06182481721043587
full,whole_parcel,MD,LH_midFrontal,L,det_noun_agreement_with_adjective,Lan,0.06460612267255783
full,whole_parcel,MD,LH_midFrontal,L,subject_verb_agreement,Lan,0.07455090433359146
full,whole_parcel,MD,LH_midFrontal,L,npi,Lan,0.06516162306070328
full,whole_parcel,MD,LH_midFrontal,L,hypernymy,Lan,0.07915456593036652
full,whole_parcel,MD,LH_midFrontal,L,wug,Lan,0.12617169320583344
full,whole_parcel,MD,LH_midFrontal,L,logic_syllogism_1,MD,0.08880443125963211
full,whole_parcel,MD,LH_midFrontal,L,logic_syllogism_symbolic,MD,0.08349765092134476
full,whole_parcel,MD,LH_midFrontal,L,logic_propositional_1,MD,0.09792375564575195
full,whole_parcel,MD,LH_midFrontal,L,logic_propositional_symbolic,MD,0.1120276227593422
full,whole_parcel,MD,LH_midFrontal,L,number_sequence,MD,0.1584218144416809
full,whole_parcel,MD,LH_midFrontal,L,add_sub_2op_verbal,MD,0.24876689910888672
full,whole_parcel,MD,LH_midFrontal,L,add_sub_2op_symbolic,MD,0.09688658267259598
full,whole_parcel,MD,LH_midFrontal,L,add_sub_3op_verbal,MD,0.26715436577796936
full,whole_parcel,MD,LH_midFrontal,L,add_sub_3op_symbolic,MD,0.13533799350261688
full,whole_parcel,MD,LH_midFrontal,L,mul_div_2op_verbal,MD,0.21114620566368103
full,whole_parcel,MD,LH_midFrontal,L,mul_div_2op_symbolic,MD,0.10290981084108353
full,whole_parcel,MD,LH_midFrontal,L,mul_div_3op_verbal,MD,0.2347661703824997
full,whole_parcel,MD,LH_midFrontal,L,mul_div_3op_symbolic,MD,0.15172268450260162
full,whole_parcel,MD,LH_midFrontal,L,simple_equation,MD,0.1525614708662033
full,whole_parcel,MD,LH_midFrontal,L,number_sorting,MD,0.28560060262680054
full,whole_parcel,MD,LH_midFrontal,L,code_conditional,MD,0.13213682174682617
full,whole_parcel,MD,LH_midFrontal,L,code_loop,MD,0.14558443427085876
full,whole_parcel,MD,LH_midFrontal,L,code_list,MD,0.1418297439813614
full,whole_parcel,MD,LH_midFrontal,L,code_A,MD,0.14746037125587463
full,whole_parcel,MD,LH_midFrontal,L,code_B,MD,0.14657330513000488
full,whole_parcel,MD,LH_midFrontal,L,phys_newton,phys,0.123991958796978
full,whole_parcel,MD,LH_midFrontal,L,phys_prost,phys,0.12895485758781433
full,whole_parcel,MD,LH_midFrontal,L,physics_buoyancy,phys,0.166618213057518
full,whole_parcel,MD,LH_midFrontal,L,physics_brightness,phys,0.1574336290359497
full,whole_parcel,MD,LH_midFrontal,L,physics_elasticity,phys,0.13154417276382446
full,whole_parcel,MD,LH_midFrontal,L,physics_solubility,phys,0.15023507177829742
full,whole_parcel,MD,LH_midFrontal,L,physics_speed,phys,0.12565770745277405
full,whole_parcel,MD,LH_midFrontal,L,physics_stability,phys,0.13927973806858063
full,whole_parcel,MD,LH_midFrontal,L,physics_temperature,phys,0.13467517495155334
full,whole_parcel,MD,LH_midFrontal,L,agent,ToM,0.0812029242515564
full,whole_parcel,MD,LH_midFrontal,L,social_interactions,ToM,0.03582531958818436
full,whole_parcel,MD,LH_midFrontal,L,social_relations,ToM,0.0898783728480339
full,whole_parcel,MD,LH_midFrontal,L,desires_goals,ToM,0.0427807979285717
full,whole_parcel,MD,LH_midFrontal,L,primary_emotions,ToM,0.022324159741401672
full,whole_parcel,MD,LH_midFrontal,L,secondary_emotions,ToM,0.021190160885453224
full,whole_parcel,MD,LH_midFrontal,L,emotion_fewshot,ToM,0.07237818837165833
full,whole_parcel,MD,LH_midFrontal,L,norm_appropriate,ToM,0.09205880761146545
full,whole_parcel,MD,LH_midFrontal,L,norm_moral,ToM,0.08546401560306549
full,whole_parcel,MD,LH_midFrontalOrb,L,anaphor_gender_agreement,Lan,0.05548502877354622
full,whole_parcel,MD,LH_midFrontalOrb,L,det_noun_agreement_irregular,Lan,0.03570668771862984
full,whole_parcel,MD,LH_midFrontalOrb,L,det_noun_agreement_regular,Lan,0.03712139651179314
full,whole_parcel,MD,LH_midFrontalOrb,L,det_noun_agreement_with_adjective,Lan,0.014341090805828571
full,whole_parcel,MD,LH_midFrontalOrb,L,subject_verb_agreement,Lan,0.08357753604650497
full,whole_parcel,MD,LH_midFrontalOrb,L,npi,Lan,-0.0013853500131517649
full,whole_parcel,MD,LH_midFrontalOrb,L,hypernymy,Lan,0.0756126344203949
full,whole_parcel,MD,LH_midFrontalOrb,L,wug,Lan,0.046597521752119064
full,whole_parcel,MD,LH_midFrontalOrb,L,logic_syllogism_1,MD,-0.03523016348481178
full,whole_parcel,MD,LH_midFrontalOrb,L,logic_syllogism_symbolic,MD,0.011728337034583092
full,whole_parcel,MD,LH_midFrontalOrb,L,logic_propositional_1,MD,-0.022838272154331207
full,whole_parcel,MD,LH_midFrontalOrb,L,logic_propositional_symbolic,MD,0.030831102281808853
full,whole_parcel,MD,LH_midFrontalOrb,L,number_sequence,MD,0.10875001549720764
full,whole_parcel,MD,LH_midFrontalOrb,L,add_sub_2op_verbal,MD,0.14476023614406586
full,whole_parcel,MD,LH_midFrontalOrb,L,add_sub_2op_symbolic,MD,0.10272835940122604
full,whole_parcel,MD,LH_midFrontalOrb,L,add_sub_3op_verbal,MD,0.1567666083574295
full,whole_parcel,MD,LH_midFrontalOrb,L,add_sub_3op_symbolic,MD,0.09651336818933487
full,whole_parcel,MD,LH_midFrontalOrb,L,mul_div_2op_verbal,MD,0.13022634387016296
full,whole_parcel,MD,LH_midFrontalOrb,L,mul_div_2op_symbolic,MD,0.09820922464132309
full,whole_parcel,MD,LH_midFrontalOrb,L,mul_div_3op_verbal,MD,0.13564851880073547
full,whole_parcel,MD,LH_midFrontalOrb,L,mul_div_3op_symbolic,MD,0.09399564564228058
full,whole_parcel,MD,LH_midFrontalOrb,L,simple_equation,MD,0.06771621108055115
full,whole_parcel,MD,LH_midFrontalOrb,L,number_sorting,MD,0.13893280923366547
full,whole_parcel,MD,LH_midFrontalOrb,L,code_conditional,MD,0.035326648503541946
full,whole_parcel,MD,LH_midFrontalOrb,L,code_loop,MD,0.03391402214765549
full,whole_parcel,MD,LH_midFrontalOrb,L,code_list,MD,0.0295632965862751
full,whole_parcel,MD,LH_midFrontalOrb,L,code_A,MD,0.034874677658081055
full,whole_parcel,MD,LH_midFrontalOrb,L,code_B,MD,0.029697610065340996
full,whole_parcel,MD,LH_midFrontalOrb,L,phys_newton,phys,-0.012627575546503067
full,whole_parcel,MD,LH_midFrontalOrb,L,phys_prost,phys,0.0049657500348985195
full,whole_parcel,MD,LH_midFrontalOrb,L,physics_buoyancy,phys,0.0032885160762816668
full,whole_parcel,MD,LH_midFrontalOrb,L,physics_brightness,phys,-0.005768547300249338
full,whole_parcel,MD,LH_midFrontalOrb,L,physics_elasticity,phys,-0.021221183240413666
full,whole_parcel,MD,LH_midFrontalOrb,L,physics_solubility,phys,-0.0016425816575065255
full,whole_parcel,MD,LH_midFrontalOrb,L,physics_speed,phys,-0.013232364319264889
full,whole_parcel,MD,LH_midFrontalOrb,L,physics_stability,phys,-0.017525937408208847
full,whole_parcel,MD,LH_midFrontalOrb,L,physics_temperature,phys,-0.015415825881063938
full,whole_parcel,MD,LH_midFrontalOrb,L,agent,ToM,0.0062760645523667336
full,whole_parcel,MD,LH_midFrontalOrb,L,social_interactions,ToM,-0.03817398473620415
full,whole_parcel,MD,LH_midFrontalOrb,L,social_relations,ToM,-0.020837225019931793
full,whole_parcel,MD,LH_midFrontalOrb,L,desires_goals,ToM,-0.03821196407079697
full,whole_parcel,MD,LH_midFrontalOrb,L,primary_emotions,ToM,-0.03138979896903038
full,whole_parcel,MD,LH_midFrontalOrb,L,secondary_emotions,ToM,-0.03188079968094826
full,whole_parcel,MD,LH_midFrontalOrb,L,emotion_fewshot,ToM,-0.03089369274675846
full,whole_parcel,MD,LH_midFrontalOrb,L,norm_appropriate,ToM,-0.018767252564430237
full,whole_parcel,MD,LH_midFrontalOrb,L,norm_moral,ToM,-0.018190370872616768
full,whole_parcel,MD,LH_insula,L,anaphor_gender_agreement,Lan,0.11110405623912811
full,whole_parcel,MD,LH_insula,L,det_noun_agreement_irregular,Lan,0.08868928998708725
full,whole_parcel,MD,LH_insula,L,det_noun_agreement_regular,Lan,0.08954329788684845
full,whole_parcel,MD,LH_insula,L,det_noun_agreement_with_adjective,Lan,0.07395092397928238
full,whole_parcel,MD,LH_insula,L,subject_verb_agreement,Lan,0.1373266726732254
full,whole_parcel,MD,LH_insula,L,npi,Lan,0.05963584780693054
full,whole_parcel,MD,LH_insula,L,hypernymy,Lan,0.1151580810546875
full,whole_parcel,MD,LH_insula,L,wug,Lan,0.10177010297775269
full,whole_parcel,MD,LH_insula,L,logic_syllogism_1,MD,0.03516635671257973
full,whole_parcel,MD,LH_insula,L,logic_syllogism_symbolic,MD,0.0523696132004261
full,whole_parcel,MD,LH_insula,L,logic_propositional_1,MD,0.03577904775738716
full,whole_parcel,MD,LH_insula,L,logic_propositional_symbolic,MD,0.07706562429666519
full,whole_parcel,MD,LH_insula,L,number_sequence,MD,0.1517764925956726
full,whole_parcel,MD,LH_insula,L,add_sub_2op_verbal,MD,0.18124696612358093
full,whole_parcel,MD,LH_insula,L,add_sub_2op_symbolic,MD,0.1427772492170334
full,whole_parcel,MD,LH_insula,L,add_sub_3op_verbal,MD,0.1748397797346115
full,whole_parcel,MD,LH_insula,L,add_sub_3op_symbolic,MD,0.13998128473758698
full,whole_parcel,MD,LH_insula,L,mul_div_2op_verbal,MD,0.17137551307678223
full,whole_parcel,MD,LH_insula,L,mul_div_2op_symbolic,MD,0.13659416139125824
full,whole_parcel,MD,LH_insula,L,mul_div_3op_verbal,MD,0.1738751381635666
full,whole_parcel,MD,LH_insula,L,mul_div_3op_symbolic,MD,0.1384550929069519
full,whole_parcel,MD,LH_insula,L,simple_equation,MD,0.10846476256847382
full,whole_parcel,MD,LH_insula,L,number_sorting,MD,0.1133907362818718
full,whole_parcel,MD,LH_insula,L,code_conditional,MD,0.06418081372976303
full,whole_parcel,MD,LH_insula,L,code_loop,MD,0.05992969498038292
full,whole_parcel,MD,LH_insula,L,code_list,MD,0.05816526338458061
full,whole_parcel,MD,LH_insula,L,code_A,MD,0.0636158138513565
full,whole_parcel,MD,LH_insula,L,code_B,MD,0.05860082432627678
full,whole_parcel,MD,LH_insula,L,phys_newton,phys,0.024545958265662193
full,whole_parcel,MD,LH_insula,L,phys_prost,phys,0.036151617765426636
full,whole_parcel,MD,LH_insula,L,physics_buoyancy,phys,-0.002014732686802745
full,whole_parcel,MD,LH_insula,L,physics_brightness,phys,-0.01103208214044571
full,whole_parcel,MD,LH_insula,L,physics_elasticity,phys,-0.018259752541780472
full,whole_parcel,MD,LH_insula,L,physics_solubility,phys,-0.006013794336467981
full,whole_parcel,MD,LH_insula,L,physics_speed,phys,-0.009384549222886562
full,whole_parcel,MD,LH_insula,L,physics_stability,phys,-0.0231305118650198
full,whole_parcel,MD,LH_insula,L,physics_temperature,phys,-0.03086497262120247
full,whole_parcel,MD,LH_insula,L,agent,ToM,0.02605961449444294
full,whole_parcel,MD,LH_insula,L,social_interactions,ToM,0.025985196232795715
full,whole_parcel,MD,LH_insula,L,social_relations,ToM,0.03253913298249245
full,whole_parcel,MD,LH_insula,L,desires_goals,ToM,0.018710443750023842
full,whole_parcel,MD,LH_insula,L,primary_emotions,ToM,0.03394820913672447
full,whole_parcel,MD,LH_insula,L,secondary_emotions,ToM,0.032212767750024796
full,whole_parcel,MD,LH_insula,L,emotion_fewshot,ToM,-0.005576913710683584
full,whole_parcel,MD,LH_insula,L,norm_appropriate,ToM,-0.0021112202666699886
full,whole_parcel,MD,LH_insula,L,norm_moral,ToM,0.0001619988470338285
full,whole_parcel,MD,LH_medialFrontal,L,anaphor_gender_agreement,Lan,0.10532527416944504
full,whole_parcel,MD,LH_medialFrontal,L,det_noun_agreement_irregular,Lan,0.09540648013353348
full,whole_parcel,MD,LH_medialFrontal,L,det_noun_agreement_regular,Lan,0.09593664854764938
full,whole_parcel,MD,LH_medialFrontal,L,det_noun_agreement_with_adjective,Lan,0.08884485065937042
full,whole_parcel,MD,LH_medialFrontal,L,subject_verb_agreement,Lan,0.11807354539632797
full,whole_parcel,MD,LH_medialFrontal,L,npi,Lan,0.09571897983551025
full,whole_parcel,MD,LH_medialFrontal,L,hypernymy,Lan,0.10691322386264801
full,whole_parcel,MD,LH_medialFrontal,L,wug,Lan,0.13661116361618042
full,whole_parcel,MD,LH_medialFrontal,L,logic_syllogism_1,MD,0.10340753197669983
full,whole_parcel,MD,LH_medialFrontal,L,logic_syllogism_symbolic,MD,0.1054660826921463
full,whole_parcel,MD,LH_medialFrontal,L,logic_propositional_1,MD,0.12102910876274109
full,whole_parcel,MD,LH_medialFrontal,L,logic_propositional_symbolic,MD,0.1375165581703186
full,whole_parcel,MD,LH_medialFrontal,L,number_sequence,MD,0.16904151439666748
full,whole_parcel,MD,LH_medialFrontal,L,add_sub_2op_verbal,MD,0.21147839725017548
full,whole_parcel,MD,LH_medialFrontal,L,add_sub_2op_symbolic,MD,0.13872189819812775
full,whole_parcel,MD,LH_medialFrontal,L,add_sub_3op_verbal,MD,0.21788284182548523
full,whole_parcel,MD,LH_medialFrontal,L,add_sub_3op_symbolic,MD,0.15132497251033783
full,whole_parcel,MD,LH_medialFrontal,L,mul_div_2op_verbal,MD,0.19248266518115997
full,whole_parcel,MD,LH_medialFrontal,L,mul_div_2op_symbolic,MD,0.134626567363739
full,whole_parcel,MD,LH_medialFrontal,L,mul_div_3op_verbal,MD,0.2017327845096588
full,whole_parcel,MD,LH_medialFrontal,L,mul_div_3op_symbolic,MD,0.15151962637901306
full,whole_parcel,MD,LH_medialFrontal,L,simple_equation,MD,0.1430504322052002
full,whole_parcel,MD,LH_medialFrontal,L,number_sorting,MD,0.26555782556533813
full,whole_parcel,MD,LH_medialFrontal,L,code_conditional,MD,0.14984305202960968
full,whole_parcel,MD,LH_medialFrontal,L,code_loop,MD,0.14530491828918457
full,whole_parcel,MD,LH_medialFrontal,L,code_list,MD,0.14293190836906433
full,whole_parcel,MD,LH_medialFrontal,L,code_A,MD,0.14754989743232727
full,whole_parcel,MD,LH_medialFrontal,L,code_B,MD,0.14502190053462982
full,whole_parcel,MD,LH_medialFrontal,L,phys_newton,phys,0.09366407245397568
full,whole_parcel,MD,LH_medialFrontal,L,phys_prost,phys,0.10127107053995132
full,whole_parcel,MD,LH_medialFrontal,L,physics_buoyancy,phys,0.098170205950737
full,whole_parcel,MD,LH_medialFrontal,L,physics_brightness,phys,0.06982027739286423
full,whole_parcel,MD,LH_medialFrontal,L,physics_elasticity,phys,0.06869052350521088
full,whole_parcel,MD,LH_medialFrontal,L,physics_solubility,phys,0.07287946343421936
full,whole_parcel,MD,LH_medialFrontal,L,physics_speed,phys,0.06731876730918884
full,whole_parcel,MD,LH_medialFrontal,L,physics_stability,phys,0.06565351784229279
full,whole_parcel,MD,LH_medialFrontal,L,physics_temperature,phys,0.07233528792858124
full,whole_parcel,MD,LH_medialFrontal,L,agent,ToM,0.12272750586271286
full,whole_parcel,MD,LH_medialFrontal,L,social_interactions,ToM,0.09086165577173233
full,whole_parcel,MD,LH_medialFrontal,L,social_relations,ToM,0.12182729691267014
full,whole_parcel,MD,LH_medialFrontal,L,desires_goals,ToM,0.0706176906824112
full,whole_parcel,MD,LH_medialFrontal,L,primary_emotions,ToM,0.06785798072814941
full,whole_parcel,MD,LH_medialFrontal,L,secondary_emotions,ToM,0.06435413658618927
full,whole_parcel,MD,LH_medialFrontal,L,emotion_fewshot,ToM,0.07967275381088257
full,whole_parcel,MD,LH_medialFrontal,L,norm_appropriate,ToM,0.1112036183476448
full,whole_parcel,MD,LH_medialFrontal,L,norm_moral,ToM,0.11792612075805664
full,whole_parcel,MD,RH_postParietal,R,anaphor_gender_agreement,Lan,0.048751477152109146
full,whole_parcel,MD,RH_postParietal,R,det_noun_agreement_irregular,Lan,0.04786317050457001
full,whole_parcel,MD,RH_postParietal,R,det_noun_agreement_regular,Lan,0.05004144832491875
full,whole_parcel,MD,RH_postParietal,R,det_noun_agreement_with_adjective,Lan,0.04136607050895691
full,whole_parcel,MD,RH_postParietal,R,subject_verb_agreement,Lan,0.05138443782925606
full,whole_parcel,MD,RH_postParietal,R,npi,Lan,0.03224114701151848
full,whole_parcel,MD,RH_postParietal,R,hypernymy,Lan,0.04189055413007736
full,whole_parcel,MD,RH_postParietal,R,wug,Lan,-0.004455652087926865
full,whole_parcel,MD,RH_postParietal,R,logic_syllogism_1,MD,-0.1253191977739334
full,whole_parcel,MD,RH_postParietal,R,logic_syllogism_symbolic,MD,-0.09899339824914932
full,whole_parcel,MD,RH_postParietal,R,logic_propositional_1,MD,-0.12971055507659912
full,whole_parcel,MD,RH_postParietal,R,logic_propositional_symbolic,MD,-0.054724786430597305
full,whole_parcel,MD,RH_postParietal,R,number_sequence,MD,0.004735423251986504
full,whole_parcel,MD,RH_postParietal,R,add_sub_2op_verbal,MD,0.03164965286850929
full,whole_parcel,MD,RH_postParietal,R,add_sub_2op_symbolic,MD,0.03573402389883995
full,whole_parcel,MD,RH_postParietal,R,add_sub_3op_verbal,MD,0.033507201820611954
full,whole_parcel,MD,RH_postParietal,R,add_sub_3op_symbolic,MD,0.005684140603989363
full,whole_parcel,MD,RH_postParietal,R,mul_div_2op_verbal,MD,0.0213413555175066
full,whole_parcel,MD,RH_postParietal,R,mul_div_2op_symbolic,MD,0.020373929291963577
full,whole_parcel,MD,RH_postParietal,R,mul_div_3op_verbal,MD,0.019886696711182594
full,whole_parcel,MD,RH_postParietal,R,mul_div_3op_symbolic,MD,-0.01686231791973114
full,whole_parcel,MD,RH_postParietal,R,simple_equation,MD,-0.03842697665095329
full,whole_parcel,MD,RH_postParietal,R,number_sorting,MD,0.0013577680801972747
full,whole_parcel,MD,RH_postParietal,R,code_conditional,MD,-0.033669233322143555
full,whole_parcel,MD,RH_postParietal,R,code_loop,MD,-0.06336836516857147
full,whole_parcel,MD,RH_postParietal,R,code_list,MD,-0.04946908727288246
full,whole_parcel,MD,RH_postParietal,R,code_A,MD,-0.05279167741537094
full,whole_parcel,MD,RH_postParietal,R,code_B,MD,-0.04656083881855011
full,whole_parcel,MD,RH_postParietal,R,phys_newton,phys,-0.004906589165329933
full,whole_parcel,MD,RH_postParietal,R,phys_prost,phys,0.03281405568122864
full,whole_parcel,MD,RH_postParietal,R,physics_buoyancy,phys,0.023682231083512306
full,whole_parcel,MD,RH_postParietal,R,physics_brightness,phys,0.026431336998939514
full,whole_parcel,MD,RH_postParietal,R,physics_elasticity,phys,0.030643222853541374
full,whole_parcel,MD,RH_postParietal,R,physics_solubility,phys,0.048619817942380905
full,whole_parcel,MD,RH_postParietal,R,physics_speed,phys,0.014559118077158928
full,whole_parcel,MD,RH_postParietal,R,physics_stability,phys,0.031010862439870834
full,whole_parcel,MD,RH_postParietal,R,physics_temperature,phys,0.004734206013381481
full,whole_parcel,MD,RH_postParietal,R,agent,ToM,0.007661028765141964
full,whole_parcel,MD,RH_postParietal,R,social_interactions,ToM,-0.03339777886867523
full,whole_parcel,MD,RH_postParietal,R,social_relations,ToM,-0.025649698451161385
full,whole_parcel,MD,RH_postParietal,R,desires_goals,ToM,-0.019880767911672592
full,whole_parcel,MD,RH_postParietal,R,primary_emotions,ToM,-0.0036795896012336016
full,whole_parcel,MD,RH_postParietal,R,secondary_emotions,ToM,-0.018170638009905815
full,whole_parcel,MD,RH_postParietal,R,emotion_fewshot,ToM,-0.046664047986269
full,whole_parcel,MD,RH_postParietal,R,norm_appropriate,ToM,-0.018744895234704018
full,whole_parcel,MD,RH_postParietal,R,norm_moral,ToM,-0.04680837690830231
full,whole_parcel,MD,RH_midParietal,R,anaphor_gender_agreement,Lan,0.07555334270000458
full,whole_parcel,MD,RH_midParietal,R,det_noun_agreement_irregular,Lan,0.05951196700334549
full,whole_parcel,MD,RH_midParietal,R,det_noun_agreement_regular,Lan,0.06248673424124718
full,whole_parcel,MD,RH_midParietal,R,det_noun_agreement_with_adjective,Lan,0.03817358985543251
full,whole_parcel,MD,RH_midParietal,R,subject_verb_agreement,Lan,0.11188790947198868
full,whole_parcel,MD,RH_midParietal,R,npi,Lan,0.0263044610619545
full,whole_parcel,MD,RH_midParietal,R,hypernymy,Lan,0.10711652040481567
full,whole_parcel,MD,RH_midParietal,R,wug,Lan,0.08958949893712997
full,whole_parcel,MD,RH_midParietal,R,logic_syllogism_1,MD,-0.0589531734585762
full,whole_parcel,MD,RH_midParietal,R,logic_syllogism_symbolic,MD,-0.016430100426077843
full,whole_parcel,MD,RH_midParietal,R,logic_propositional_1,MD,-0.07778105139732361
full,whole_parcel,MD,RH_midParietal,R,logic_propositional_symbolic,MD,0.02150774374604225
full,whole_parcel,MD,RH_midParietal,R,number_sequence,MD,0.13803532719612122
full,whole_parcel,MD,RH_midParietal,R,add_sub_2op_verbal,MD,0.2254360318183899
full,whole_parcel,MD,RH_midParietal,R,add_sub_2op_symbolic,MD,0.12358491122722626
full,whole_parcel,MD,RH_midParietal,R,add_sub_3op_verbal,MD,0.24078887701034546
full,whole_parcel,MD,RH_midParietal,R,add_sub_3op_symbolic,MD,0.11664612591266632
full,whole_parcel,MD,RH_midParietal,R,mul_div_2op_verbal,MD,0.1911817193031311
full,whole_parcel,MD,RH_midParietal,R,mul_div_2op_symbolic,MD,0.11555176228284836
full,whole_parcel,MD,RH_midParietal,R,mul_div_3op_verbal,MD,0.20507238805294037
full,whole_parcel,MD,RH_midParietal,R,mul_div_3op_symbolic,MD,0.11153100430965424
full,whole_parcel,MD,RH_midParietal,R,simple_equation,MD,0.0811852291226387
full,whole_parcel,MD,RH_midParietal,R,number_sorting,MD,0.16103602945804596
full,whole_parcel,MD,RH_midParietal,R,code_conditional,MD,0.030903294682502747
full,whole_parcel,MD,RH_midParietal,R,code_loop,MD,0.025138216093182564
full,whole_parcel,MD,RH_midParietal,R,code_list,MD,0.026929069310426712
full,whole_parcel,MD,RH_midParietal,R,code_A,MD,0.03016730025410652
full,whole_parcel,MD,RH_midParietal,R,code_B,MD,0.023982912302017212
full,whole_parcel,MD,RH_midParietal,R,phys_newton,phys,-0.01567464880645275
full,whole_parcel,MD,RH_midParietal,R,phys_prost,phys,0.0031012671533972025
full,whole_parcel,MD,RH_midParietal,R,physics_buoyancy,phys,-0.01642359420657158
full,whole_parcel,MD,RH_midParietal,R,physics_brightness,phys,-0.032493479549884796
full,whole_parcel,MD,RH_midParietal,R,physics_elasticity,phys,-0.06167662888765335
full,whole_parcel,MD,RH_midParietal,R,physics_solubility,phys,-0.015160481445491314
full,whole_parcel,MD,RH_midParietal,R,physics_speed,phys,-0.040212053805589676
full,whole_parcel,MD,RH_midParietal,R,physics_stability,phys,-0.04713305085897446
full,whole_parcel,MD,RH_midParietal,R,physics_temperature,phys,-0.04127563163638115
full,whole_parcel,MD,RH_midParietal,R,agent,ToM,-0.01405338104814291
full,whole_parcel,MD,RH_midParietal,R,social_interactions,ToM,-0.0719938650727272
full,whole_parcel,MD,RH_midParietal,R,social_relations,ToM,-0.019754450768232346
full,whole_parcel,MD,RH_midParietal,R,desires_goals,ToM,-0.03032539412379265
full,whole_parcel,MD,RH_midParietal,R,primary_emotions,ToM,-0.03496667370200157
full,whole_parcel,MD,RH_midParietal,R,secondary_emotions,ToM,-0.0358254611492157
full,whole_parcel,MD,RH_midParietal,R,emotion_fewshot,ToM,-0.06668301671743393
full,whole_parcel,MD,RH_midParietal,R,norm_appropriate,ToM,-0.06240677833557129
full,whole_parcel,MD,RH_midParietal,R,norm_moral,ToM,-0.069340281188488
full,whole_parcel,MD,RH_antParietal,R,anaphor_gender_agreement,Lan,0.049083299934864044
full,whole_parcel,MD,RH_antParietal,R,det_noun_agreement_irregular,Lan,0.03467779606580734
full,whole_parcel,MD,RH_antParietal,R,det_noun_agreement_regular,Lan,0.03516756743192673
full,whole_parcel,MD,RH_antParietal,R,det_noun_agreement_with_adjective,Lan,0.02067440003156662
full,whole_parcel,MD,RH_antParietal,R,subject_verb_agreement,Lan,0.07568424195051193
full,whole_parcel,MD,RH_antParietal,R,npi,Lan,0.009051878936588764
full,whole_parcel,MD,RH_antParietal,R,hypernymy,Lan,0.05967758595943451
full,whole_parcel,MD,RH_antParietal,R,wug,Lan,0.02768993377685547
full,whole_parcel,MD,RH_antParietal,R,logic_syllogism_1,MD,-0.055955804884433746
full,whole_parcel,MD,RH_antParietal,R,logic_syllogism_symbolic,MD,-0.011171689257025719
full,whole_parcel,MD,RH_antParietal,R,logic_propositional_1,MD,-0.038372624665498734
full,whole_parcel,MD,RH_antParietal,R,logic_propositional_symbolic,MD,0.0011941223638132215
full,whole_parcel,MD,RH_antParietal,R,number_sequence,MD,0.07003213465213776
full,whole_parcel,MD,RH_antParietal,R,add_sub_2op_verbal,MD,0.11219649761915207
full,whole_parcel,MD,RH_antParietal,R,add_sub_2op_symbolic,MD,0.0727175697684288
full,whole_parcel,MD,RH_antParietal,R,add_sub_3op_verbal,MD,0.12878954410552979
full,whole_parcel,MD,RH_antParietal,R,add_sub_3op_symbolic,MD,0.06930719316005707
full,whole_parcel,MD,RH_antParietal,R,mul_div_2op_verbal,MD,0.0985744372010231
full,whole_parcel,MD,RH_antParietal,R,mul_div_2op_symbolic,MD,0.07014250755310059
full,whole_parcel,MD,RH_antParietal,R,mul_div_3op_verbal,MD,0.10779884457588196
full,whole_parcel,MD,RH_antParietal,R,mul_div_3op_symbolic,MD,0.07102436572313309
full,whole_parcel,MD,RH_antParietal,R,simple_equation,MD,0.03848833590745926
full,whole_parcel,MD,RH_antParietal,R,number_sorting,MD,0.13760699331760406
full,whole_parcel,MD,RH_antParietal,R,code_conditional,MD,0.021630937233567238
full,whole_parcel,MD,RH_antParietal,R,code_loop,MD,0.01611766591668129
full,whole_parcel,MD,RH_antParietal,R,code_list,MD,0.011716606095433235
full,whole_parcel,MD,RH_antParietal,R,code_A,MD,0.020318908616900444
full,whole_parcel,MD,RH_antParietal,R,code_B,MD,0.013728229328989983
full,whole_parcel,MD,RH_antParietal,R,phys_newton,phys,0.016407696530222893
full,whole_parcel,MD,RH_antParietal,R,phys_prost,phys,0.03371196985244751
full,whole_parcel,MD,RH_antParietal,R,physics_buoyancy,phys,0.059532154351472855
full,whole_parcel,MD,RH_antParietal,R,physics_brightness,phys,0.06568821519613266
full,whole_parcel,MD,RH_antParietal,R,physics_elasticity,phys,0.04926302284002304
full,whole_parcel,MD,RH_antParietal,R,physics_solubility,phys,0.07563816010951996
full,whole_parcel,MD,RH_antParietal,R,physics_speed,phys,0.046089544892311096
full,whole_parcel,MD,RH_antParietal,R,physics_stability,phys,0.07014694809913635
full,whole_parcel,MD,RH_antParietal,R,physics_temperature,phys,0.028309190645813942
full,whole_parcel,MD,RH_antParietal,R,agent,ToM,0.011559096165001392
full,whole_parcel,MD,RH_antParietal,R,social_interactions,ToM,-0.03368791937828064
full,whole_parcel,MD,RH_antParietal,R,social_relations,ToM,-0.03199627250432968
full,whole_parcel,MD,RH_antParietal,R,desires_goals,ToM,-0.026359643787145615
full,whole_parcel,MD,RH_antParietal,R,primary_emotions,ToM,-0.030826285481452942
full,whole_parcel,MD,RH_antParietal,R,secondary_emotions,ToM,-0.029661118984222412
full,whole_parcel,MD,RH_antParietal,R,emotion_fewshot,ToM,-0.0168958380818367
full,whole_parcel,MD,RH_antParietal,R,norm_appropriate,ToM,-0.009154325351119041
full,whole_parcel,MD,RH_antParietal,R,norm_moral,ToM,-0.00263636140152812
full,whole_parcel,MD,RH_supFrontal,R,anaphor_gender_agreement,Lan,0.08791691809892654
full,whole_parcel,MD,RH_supFrontal,R,det_noun_agreement_irregular,Lan,0.08044642210006714
full,whole_parcel,MD,RH_supFrontal,R,det_noun_agreement_regular,Lan,0.08304513245820999
full,whole_parcel,MD,RH_supFrontal,R,det_noun_agreement_with_adjective,Lan,0.07407893985509872
full,whole_parcel,MD,RH_supFrontal,R,subject_verb_agreement,Lan,0.09621862322092056
full,whole_parcel,MD,RH_supFrontal,R,npi,Lan,0.06388077139854431
full,whole_parcel,MD,RH_supFrontal,R,hypernymy,Lan,0.08713750541210175
full,whole_parcel,MD,RH_supFrontal,R,wug,Lan,0.0483044870197773
full,whole_parcel,MD,RH_supFrontal,R,logic_syllogism_1,MD,-0.033237211406230927
full,whole_parcel,MD,RH_supFrontal,R,logic_syllogism_symbolic,MD,-0.009151610545814037
full,whole_parcel,MD,RH_supFrontal,R,logic_propositional_1,MD,-0.017848199233412743
full,whole_parcel,MD,RH_supFrontal,R,logic_propositional_symbolic,MD,0.03128136694431305
full,whole_parcel,MD,RH_supFrontal,R,number_sequence,MD,0.08467043191194534
full,whole_parcel,MD,RH_supFrontal,R,add_sub_2op_verbal,MD,0.11339154094457626
full,whole_parcel,MD,RH_supFrontal,R,add_sub_2op_symbolic,MD,0.09314155578613281
full,whole_parcel,MD,RH_supFrontal,R,add_sub_3op_verbal,MD,0.12362688779830933
full,whole_parcel,MD,RH_supFrontal,R,add_sub_3op_symbolic,MD,0.079307422041893
full,whole_parcel,MD,RH_supFrontal,R,mul_div_2op_verbal,MD,0.10111401975154877
full,whole_parcel,MD,RH_supFrontal,R,mul_div_2op_symbolic,MD,0.08370400965213776
full,whole_parcel,MD,RH_supFrontal,R,mul_div_3op_verbal,MD,0.10633135586977005
full,whole_parcel,MD,RH_supFrontal,R,mul_div_3op_symbolic,MD,0.06663297861814499
full,whole_parcel,MD,RH_supFrontal,R,simple_equation,MD,0.04767099767923355
full,whole_parcel,MD,RH_supFrontal,R,number_sorting,MD,0.14453651010990143
full,whole_parcel,MD,RH_supFrontal,R,code_conditional,MD,0.06110158935189247
full,whole_parcel,MD,RH_supFrontal,R,code_loop,MD,0.041288163512945175
full,whole_parcel,MD,RH_supFrontal,R,code_list,MD,0.04832545295357704
full,whole_parcel,MD,RH_supFrontal,R,code_A,MD,0.05029568821191788
full,whole_parcel,MD,RH_supFrontal,R,code_B,MD,0.05143407732248306
full,whole_parcel,MD,RH_supFrontal,R,phys_newton,phys,0.07300866395235062
full,whole_parcel,MD,RH_supFrontal,R,phys_prost,phys,0.10276218503713608
full,whole_parcel,MD,RH_supFrontal,R,physics_buoyancy,phys,0.12394323945045471
full,whole_parcel,MD,RH_supFrontal,R,physics_brightness,phys,0.11965914070606232
full,whole_parcel,MD,RH_supFrontal,R,physics_elasticity,phys,0.12284770607948303
full,whole_parcel,MD,RH_supFrontal,R,physics_solubility,phys,0.12965551018714905
full,whole_parcel,MD,RH_supFrontal,R,physics_speed,phys,0.10402674227952957
full,whole_parcel,MD,RH_supFrontal,R,physics_stability,phys,0.12805774807929993
full,whole_parcel,MD,RH_supFrontal,R,physics_temperature,phys,0.10052528977394104
full,whole_parcel,MD,RH_supFrontal,R,agent,ToM,0.08769340068101883
full,whole_parcel,MD,RH_supFrontal,R,social_interactions,ToM,0.032603874802589417
full,whole_parcel,MD,RH_supFrontal,R,social_relations,ToM,0.03864012658596039
full,whole_parcel,MD,RH_supFrontal,R,desires_goals,ToM,0.02829965204000473
full,whole_parcel,MD,RH_supFrontal,R,primary_emotions,ToM,0.03238305076956749
full,whole_parcel,MD,RH_supFrontal,R,secondary_emotions,ToM,0.022982370108366013
full,whole_parcel,MD,RH_supFrontal,R,emotion_fewshot,ToM,0.04827499017119408
full,whole_parcel,MD,RH_supFrontal,R,norm_appropriate,ToM,0.08808919042348862
full,whole_parcel,MD,RH_supFrontal,R,norm_moral,ToM,0.06928535550832748
full,whole_parcel,MD,RH_Precentral_A_PrecG,R,anaphor_gender_agreement,Lan,0.17116904258728027
full,whole_parcel,MD,RH_Precentral_A_PrecG,R,det_noun_agreement_irregular,Lan,0.17516912519931793
full,whole_parcel,MD,RH_Precentral_A_PrecG,R,det_noun_agreement_regular,Lan,0.17498734593391418
full,whole_parcel,MD,RH_Precentral_A_PrecG,R,det_noun_agreement_with_adjective,Lan,0.17976897954940796
full,whole_parcel,MD,RH_Precentral_A_PrecG,R,subject_verb_agreement,Lan,0.15929564833641052
full,whole_parcel,MD,RH_Precentral_A_PrecG,R,npi,Lan,0.17774946987628937
full,whole_parcel,MD,RH_Precentral_A_PrecG,R,hypernymy,Lan,0.14577172696590424
full,whole_parcel,MD,RH_Precentral_A_PrecG,R,wug,Lan,0.16924862563610077
full,whole_parcel,MD,RH_Precentral_A_PrecG,R,logic_syllogism_1,MD,0.12078505754470825
full,whole_parcel,MD,RH_Precentral_A_PrecG,R,logic_syllogism_symbolic,MD,0.13105450570583344
full,whole_parcel,MD,RH_Precentral_A_PrecG,R,logic_propositional_1,MD,0.14938567578792572
full,whole_parcel,MD,RH_Precentral_A_PrecG,R,logic_propositional_symbolic,MD,0.1856381595134735
full,whole_parcel,MD,RH_Precentral_A_PrecG,R,number_sequence,MD,0.20196431875228882
full,whole_parcel,MD,RH_Precentral_A_PrecG,R,add_sub_2op_verbal,MD,0.22630028426647186
full,whole_parcel,MD,RH_Precentral_A_PrecG,R,add_sub_2op_symbolic,MD,0.16883309185504913
full,whole_parcel,MD,RH_Precentral_A_PrecG,R,add_sub_3op_verbal,MD,0.23005534708499908
full,whole_parcel,MD,RH_Precentral_A_PrecG,R,add_sub_3op_symbolic,MD,0.1817133128643036
full,whole_parcel,MD,RH_Precentral_A_PrecG,R,mul_div_2op_verbal,MD,0.2113572061061859
full,whole_parcel,MD,RH_Precentral_A_PrecG,R,mul_div_2op_symbolic,MD,0.16804254055023193
full,whole_parcel,MD,RH_Precentral_A_PrecG,R,mul_div_3op_verbal,MD,0.22601492702960968
full,whole_parcel,MD,RH_Precentral_A_PrecG,R,mul_div_3op_symbolic,MD,0.18309760093688965
full,whole_parcel,MD,RH_Precentral_A_PrecG,R,simple_equation,MD,0.1718285232782364
full,whole_parcel,MD,RH_Precentral_A_PrecG,R,number_sorting,MD,0.29336148500442505
full,whole_parcel,MD,RH_Precentral_A_PrecG,R,code_conditional,MD,0.21144698560237885
full,whole_parcel,MD,RH_Precentral_A_PrecG,R,code_loop,MD,0.1909421682357788
full,whole_parcel,MD,RH_Precentral_A_PrecG,R,code_list,MD,0.1953554004430771
full,whole_parcel,MD,RH_Precentral_A_PrecG,R,code_A,MD,0.20363421738147736
full,whole_parcel,MD,RH_Precentral_A_PrecG,R,code_B,MD,0.20088329911231995
full,whole_parcel,MD,RH_Precentral_A_PrecG,R,phys_newton,phys,0.18070822954177856
full,whole_parcel,MD,RH_Precentral_A_PrecG,R,phys_prost,phys,0.19969609379768372
full,whole_parcel,MD,RH_Precentral_A_PrecG,R,physics_buoyancy,phys,0.19425544142723083
full,whole_parcel,MD,RH_Precentral_A_PrecG,R,physics_brightness,phys,0.16847404837608337
full,whole_parcel,MD,RH_Precentral_A_PrecG,R,physics_elasticity,phys,0.18289175629615784
full,whole_parcel,MD,RH_Precentral_A_PrecG,R,physics_solubility,phys,0.17914623022079468
full,whole_parcel,MD,RH_Precentral_A_PrecG,R,physics_speed,phys,0.16677147150039673
full,whole_parcel,MD,RH_Precentral_A_PrecG,R,physics_stability,phys,0.17934682965278625
full,whole_parcel,MD,RH_Precentral_A_PrecG,R,physics_temperature,phys,0.15434390306472778
full,whole_parcel,MD,RH_Precentral_A_PrecG,R,agent,ToM,0.19095438718795776
full,whole_parcel,MD,RH_Precentral_A_PrecG,R,social_interactions,ToM,0.16069410741329193
full,whole_parcel,MD,RH_Precentral_A_PrecG,R,social_relations,ToM,0.17029614746570587
full,whole_parcel,MD,RH_Precentral_A_PrecG,R,desires_goals,ToM,0.1390509307384491
full,whole_parcel,MD,RH_Precentral_A_PrecG,R,primary_emotions,ToM,0.14788636565208435
full,whole_parcel,MD,RH_Precentral_A_PrecG,R,secondary_emotions,ToM,0.13994936645030975
full,whole_parcel,MD,RH_Precentral_A_PrecG,R,emotion_fewshot,ToM,0.13497771322727203
full,whole_parcel,MD,RH_Precentral_A_PrecG,R,norm_appropriate,ToM,0.18982668220996857
full,whole_parcel,MD,RH_Precentral_A_PrecG,R,norm_moral,ToM,0.17485389113426208
full,whole_parcel,MD,RH_Precental_B_IFGop,R,anaphor_gender_agreement,Lan,0.14887289702892303
full,whole_parcel,MD,RH_Precental_B_IFGop,R,det_noun_agreement_irregular,Lan,0.15253259241580963
full,whole_parcel,MD,RH_Precental_B_IFGop,R,det_noun_agreement_regular,Lan,0.15450388193130493
full,whole_parcel,MD,RH_Precental_B_IFGop,R,det_noun_agreement_with_adjective,Lan,0.15655753016471863
full,whole_parcel,MD,RH_Precental_B_IFGop,R,subject_verb_agreement,Lan,0.15534235537052155
full,whole_parcel,MD,RH_Precental_B_IFGop,R,npi,Lan,0.14497773349285126
full,whole_parcel,MD,RH_Precental_B_IFGop,R,hypernymy,Lan,0.15519769489765167
full,whole_parcel,MD,RH_Precental_B_IFGop,R,wug,Lan,0.20098824799060822
full,whole_parcel,MD,RH_Precental_B_IFGop,R,logic_syllogism_1,MD,0.10593158006668091
full,whole_parcel,MD,RH_Precental_B_IFGop,R,logic_syllogism_symbolic,MD,0.12074335664510727
full,whole_parcel,MD,RH_Precental_B_IFGop,R,logic_propositional_1,MD,0.11812710016965866
full,whole_parcel,MD,RH_Precental_B_IFGop,R,logic_propositional_symbolic,MD,0.1746768057346344
full,whole_parcel,MD,RH_Precental_B_IFGop,R,number_sequence,MD,0.24610912799835205
full,whole_parcel,MD,RH_Precental_B_IFGop,R,add_sub_2op_verbal,MD,0.33722394704818726
full,whole_parcel,MD,RH_Precental_B_IFGop,R,add_sub_2op_symbolic,MD,0.18398472666740417
full,whole_parcel,MD,RH_Precental_B_IFGop,R,add_sub_3op_verbal,MD,0.34472593665122986
full,whole_parcel,MD,RH_Precental_B_IFGop,R,add_sub_3op_symbolic,MD,0.21508173644542694
full,whole_parcel,MD,RH_Precental_B_IFGop,R,mul_div_2op_verbal,MD,0.29899340867996216
full,whole_parcel,MD,RH_Precental_B_IFGop,R,mul_div_2op_symbolic,MD,0.1887235939502716
full,whole_parcel,MD,RH_Precental_B_IFGop,R,mul_div_3op_verbal,MD,0.3261297941207886
full,whole_parcel,MD,RH_Precental_B_IFGop,R,mul_div_3op_symbolic,MD,0.22896620631217957
full,whole_parcel,MD,RH_Precental_B_IFGop,R,simple_equation,MD,0.21198593080043793
full,whole_parcel,MD,RH_Precental_B_IFGop,R,number_sorting,MD,0.29091542959213257
full,whole_parcel,MD,RH_Precental_B_IFGop,R,code_conditional,MD,0.18408553302288055
full,whole_parcel,MD,RH_Precental_B_IFGop,R,code_loop,MD,0.18030273914337158
full,whole_parcel,MD,RH_Precental_B_IFGop,R,code_list,MD,0.18079644441604614
full,whole_parcel,MD,RH_Precental_B_IFGop,R,code_A,MD,0.1911044865846634
full,whole_parcel,MD,RH_Precental_B_IFGop,R,code_B,MD,0.18675482273101807
full,whole_parcel,MD,RH_Precental_B_IFGop,R,phys_newton,phys,0.16253647208213806
full,whole_parcel,MD,RH_Precental_B_IFGop,R,phys_prost,phys,0.1800813376903534
full,whole_parcel,MD,RH_Precental_B_IFGop,R,physics_buoyancy,phys,0.17170622944831848
full,whole_parcel,MD,RH_Precental_B_IFGop,R,physics_brightness,phys,0.15925782918930054
full,whole_parcel,MD,RH_Precental_B_IFGop,R,physics_elasticity,phys,0.141195610165596
full,whole_parcel,MD,RH_Precental_B_IFGop,R,physics_solubility,phys,0.167729914188385
full,whole_parcel,MD,RH_Precental_B_IFGop,R,physics_speed,phys,0.13944190740585327
full,whole_parcel,MD,RH_Precental_B_IFGop,R,physics_stability,phys,0.14393679797649384
full,whole_parcel,MD,RH_Precental_B_IFGop,R,physics_temperature,phys,0.12240473926067352
full,whole_parcel,MD,RH_Precental_B_IFGop,R,agent,ToM,0.1193118616938591
full,whole_parcel,MD,RH_Precental_B_IFGop,R,social_interactions,ToM,0.08809762448072433
full,whole_parcel,MD,RH_Precental_B_IFGop,R,social_relations,ToM,0.12102244049310684
full,whole_parcel,MD,RH_Precental_B_IFGop,R,desires_goals,ToM,0.09279865026473999
full,whole_parcel,MD,RH_Precental_B_IFGop,R,primary_emotions,ToM,0.0956985130906105
full,whole_parcel,MD,RH_Precental_B_IFGop,R,secondary_emotions,ToM,0.09259965270757675
full,whole_parcel,MD,RH_Precental_B_IFGop,R,emotion_fewshot,ToM,0.07922748476266861
full,whole_parcel,MD,RH_Precental_B_IFGop,R,norm_appropriate,ToM,0.10380744934082031
full,whole_parcel,MD,RH_Precental_B_IFGop,R,norm_moral,ToM,0.0879507064819336
full,whole_parcel,MD,RH_midFrontal,R,anaphor_gender_agreement,Lan,0.11342907696962357
full,whole_parcel,MD,RH_midFrontal,R,det_noun_agreement_irregular,Lan,0.10525304079055786
full,whole_parcel,MD,RH_midFrontal,R,det_noun_agreement_regular,Lan,0.10871003568172455
full,whole_parcel,MD,RH_midFrontal,R,det_noun_agreement_with_adjective,Lan,0.09896711260080338
full,whole_parcel,MD,RH_midFrontal,R,subject_verb_agreement,Lan,0.12436486035585403
full,whole_parcel,MD,RH_midFrontal,R,npi,Lan,0.09258319437503815
full,whole_parcel,MD,RH_midFrontal,R,hypernymy,Lan,0.12597671151161194
full,whole_parcel,MD,RH_midFrontal,R,wug,Lan,0.12294790148735046
full,whole_parcel,MD,RH_midFrontal,R,logic_syllogism_1,MD,0.017393995076417923
full,whole_parcel,MD,RH_midFrontal,R,logic_syllogism_symbolic,MD,0.033652909100055695
full,whole_parcel,MD,RH_midFrontal,R,logic_propositional_1,MD,0.005544482730329037
full,whole_parcel,MD,RH_midFrontal,R,logic_propositional_symbolic,MD,0.086397685110569
full,whole_parcel,MD,RH_midFrontal,R,number_sequence,MD,0.16452787816524506
full,whole_parcel,MD,RH_midFrontal,R,add_sub_2op_verbal,MD,0.22820578515529633
full,whole_parcel,MD,RH_midFrontal,R,add_sub_2op_symbolic,MD,0.13558441400527954
full,whole_parcel,MD,RH_midFrontal,R,add_sub_3op_verbal,MD,0.23665665090084076
full,whole_parcel,MD,RH_midFrontal,R,add_sub_3op_symbolic,MD,0.13930831849575043
full,whole_parcel,MD,RH_midFrontal,R,mul_div_2op_verbal,MD,0.197772815823555
full,whole_parcel,MD,RH_midFrontal,R,mul_div_2op_symbolic,MD,0.12879183888435364
full,whole_parcel,MD,RH_midFrontal,R,mul_div_3op_verbal,MD,0.2115214765071869
full,whole_parcel,MD,RH_midFrontal,R,mul_div_3op_symbolic,MD,0.13263219594955444
full,whole_parcel,MD,RH_midFrontal,R,simple_equation,MD,0.12157703191041946
full,whole_parcel,MD,RH_midFrontal,R,number_sorting,MD,0.1946631669998169
full,whole_parcel,MD,RH_midFrontal,R,code_conditional,MD,0.10510358959436417
full,whole_parcel,MD,RH_midFrontal,R,code_loop,MD,0.09220779687166214
full,whole_parcel,MD,RH_midFrontal,R,code_list,MD,0.09907324612140656
full,whole_parcel,MD,RH_midFrontal,R,code_A,MD,0.10052934288978577
full,whole_parcel,MD,RH_midFrontal,R,code_B,MD,0.09973586350679398
full,whole_parcel,MD,RH_midFrontal,R,phys_newton,phys,0.08183050155639648
full,whole_parcel,MD,RH_midFrontal,R,phys_prost,phys,0.10627762228250504
full,whole_parcel,MD,RH_midFrontal,R,physics_buoyancy,phys,0.09439446777105331
full,whole_parcel,MD,RH_midFrontal,R,physics_brightness,phys,0.07854509353637695
full,whole_parcel,MD,RH_midFrontal,R,physics_elasticity,phys,0.06636069715023041
full,whole_parcel,MD,RH_midFrontal,R,physics_solubility,phys,0.082443006336689
full,whole_parcel,MD,RH_midFrontal,R,physics_speed,phys,0.065284863114357
full,whole_parcel,MD,RH_midFrontal,R,physics_stability,phys,0.06882592290639877
full,whole_parcel,MD,RH_midFrontal,R,physics_temperature,phys,0.06732384860515594
full,whole_parcel,MD,RH_midFrontal,R,agent,ToM,0.07902796566486359
full,whole_parcel,MD,RH_midFrontal,R,social_interactions,ToM,0.03398033231496811
full,whole_parcel,MD,RH_midFrontal,R,social_relations,ToM,0.07333225011825562
full,whole_parcel,MD,RH_midFrontal,R,desires_goals,ToM,0.0475267730653286
full,whole_parcel,MD,RH_midFrontal,R,primary_emotions,ToM,0.052935726940631866
full,whole_parcel,MD,RH_midFrontal,R,secondary_emotions,ToM,0.044672850519418716
full,whole_parcel,MD,RH_midFrontal,R,emotion_fewshot,ToM,0.03092085011303425
full,whole_parcel,MD,RH_midFrontal,R,norm_appropriate,ToM,0.06633401662111282
full,whole_parcel,MD,RH_midFrontal,R,norm_moral,ToM,0.04450075700879097
full,whole_parcel,MD,RH_midFrontalOrb,R,anaphor_gender_agreement,Lan,0.0270987655967474
full,whole_parcel,MD,RH_midFrontalOrb,R,det_noun_agreement_irregular,Lan,-0.002429309766739607
full,whole_parcel,MD,RH_midFrontalOrb,R,det_noun_agreement_regular,Lan,-0.0005048003513365984
full,whole_parcel,MD,RH_midFrontalOrb,R,det_noun_agreement_with_adjective,Lan,-0.02961229719221592
full,whole_parcel,MD,RH_midFrontalOrb,R,subject_verb_agreement,Lan,0.06070611625909805
full,whole_parcel,MD,RH_midFrontalOrb,R,npi,Lan,-0.046291302889585495
full,whole_parcel,MD,RH_midFrontalOrb,R,hypernymy,Lan,0.04925709217786789
full,whole_parcel,MD,RH_midFrontalOrb,R,wug,Lan,-0.010998103767633438
full,whole_parcel,MD,RH_midFrontalOrb,R,logic_syllogism_1,MD,-0.1316191405057907
full,whole_parcel,MD,RH_midFrontalOrb,R,logic_syllogism_symbolic,MD,-0.06648934632539749
full,whole_parcel,MD,RH_midFrontalOrb,R,logic_propositional_1,MD,-0.1224488690495491
full,whole_parcel,MD,RH_midFrontalOrb,R,logic_propositional_symbolic,MD,-0.033263061195611954
full,whole_parcel,MD,RH_midFrontalOrb,R,number_sequence,MD,0.058320142328739166
full,whole_parcel,MD,RH_midFrontalOrb,R,add_sub_2op_verbal,MD,0.09193083643913269
full,whole_parcel,MD,RH_midFrontalOrb,R,add_sub_2op_symbolic,MD,0.061711858958005905
full,whole_parcel,MD,RH_midFrontalOrb,R,add_sub_3op_verbal,MD,0.10491030663251877
full,whole_parcel,MD,RH_midFrontalOrb,R,add_sub_3op_symbolic,MD,0.04162762314081192
full,whole_parcel,MD,RH_midFrontalOrb,R,mul_div_2op_verbal,MD,0.07452111691236496
full,whole_parcel,MD,RH_midFrontalOrb,R,mul_div_2op_symbolic,MD,0.051477618515491486
full,whole_parcel,MD,RH_midFrontalOrb,R,mul_div_3op_verbal,MD,0.07875878363847733
full,whole_parcel,MD,RH_midFrontalOrb,R,mul_div_3op_symbolic,MD,0.027307836338877678
full,whole_parcel,MD,RH_midFrontalOrb,R,simple_equation,MD,-0.0005500373081304133
full,whole_parcel,MD,RH_midFrontalOrb,R,number_sorting,MD,0.06851471960544586
full,whole_parcel,MD,RH_midFrontalOrb,R,code_conditional,MD,-0.019750483334064484
full,whole_parcel,MD,RH_midFrontalOrb,R,code_loop,MD,-0.03333108127117157
full,whole_parcel,MD,RH_midFrontalOrb,R,code_list,MD,-0.03249539062380791
full,whole_parcel,MD,RH_midFrontalOrb,R,code_A,MD,-0.030162867158651352
full,whole_parcel,MD,RH_midFrontalOrb,R,code_B,MD,-0.0339379608631134
full,whole_parcel,MD,RH_midFrontalOrb,R,phys_newton,phys,-0.07892175018787384
full,whole_parcel,MD,RH_midFrontalOrb,R,phys_prost,phys,-0.046152617782354355
full,whole_parcel,MD,RH_midFrontalOrb,R,physics_buoyancy,phys,-0.0469600111246109
full,whole_parcel,MD,RH_midFrontalOrb,R,physics_brightness,phys,-0.05577433481812477
full,whole_parcel,MD,RH_midFrontalOrb,R,physics_elasticity,phys,-0.06892713904380798
full,whole_parcel,MD,RH_midFrontalOrb,R,physics_solubility,phys,-0.047789014875888824
full,whole_parcel,MD,RH_midFrontalOrb,R,physics_speed,phys,-0.06020015478134155
full,whole_parcel,MD,RH_midFrontalOrb,R,physics_stability,phys,-0.06516250967979431
full,whole_parcel,MD,RH_midFrontalOrb,R,physics_temperature,phys,-0.06915660947561264
full,whole_parcel,MD,RH_midFrontalOrb,R,agent,ToM,-0.036577995866537094
full,whole_parcel,MD,RH_midFrontalOrb,R,social_interactions,ToM,-0.09243495017290115
full,whole_parcel,MD,RH_midFrontalOrb,R,social_relations,ToM,-0.0775257796049118
full,whole_parcel,MD,RH_midFrontalOrb,R,desires_goals,ToM,-0.09227051585912704
full,whole_parcel,MD,RH_midFrontalOrb,R,primary_emotions,ToM,-0.07359368354082108
full,whole_parcel,MD,RH_midFrontalOrb,R,secondary_emotions,ToM,-0.07879998534917831
full,whole_parcel,MD,RH_midFrontalOrb,R,emotion_fewshot,ToM,-0.09789171069860458
full,whole_parcel,MD,RH_midFrontalOrb,R,norm_appropriate,ToM,-0.06968642771244049
full,whole_parcel,MD,RH_midFrontalOrb,R,norm_moral,ToM,-0.08500176668167114
full,whole_parcel,MD,RH_insula,R,anaphor_gender_agreement,Lan,0.11208938807249069
full,whole_parcel,MD,RH_insula,R,det_noun_agreement_irregular,Lan,0.0810549408197403
full,whole_parcel,MD,RH_insula,R,det_noun_agreement_regular,Lan,0.08232040703296661
full,whole_parcel,MD,RH_insula,R,det_noun_agreement_with_adjective,Lan,0.060492467135190964
full,whole_parcel,MD,RH_insula,R,subject_verb_agreement,Lan,0.14738225936889648
full,whole_parcel,MD,RH_insula,R,npi,Lan,0.04641395062208176
full,whole_parcel,MD,RH_insula,R,hypernymy,Lan,0.11981525272130966
full,whole_parcel,MD,RH_insula,R,wug,Lan,0.08755679428577423
full,whole_parcel,MD,RH_insula,R,logic_syllogism_1,MD,-0.0011865256819874048
full,whole_parcel,MD,RH_insula,R,logic_syllogism_symbolic,MD,0.02608656696975231
full,whole_parcel,MD,RH_insula,R,logic_propositional_1,MD,0.00025638120132498443
full,whole_parcel,MD,RH_insula,R,logic_propositional_symbolic,MD,0.05604998767375946
full,whole_parcel,MD,RH_insula,R,number_sequence,MD,0.14290988445281982
full,whole_parcel,MD,RH_insula,R,add_sub_2op_verbal,MD,0.17613793909549713
full,whole_parcel,MD,RH_insula,R,add_sub_2op_symbolic,MD,0.1444316804409027
full,whole_parcel,MD,RH_insula,R,add_sub_3op_verbal,MD,0.17213954031467438
full,whole_parcel,MD,RH_insula,R,add_sub_3op_symbolic,MD,0.1311504989862442
full,whole_parcel,MD,RH_insula,R,mul_div_2op_verbal,MD,0.16484715044498444
full,whole_parcel,MD,RH_insula,R,mul_div_2op_symbolic,MD,0.13352099061012268
full,whole_parcel,MD,RH_insula,R,mul_div_3op_verbal,MD,0.1659887433052063
full,whole_parcel,MD,RH_insula,R,mul_div_3op_symbolic,MD,0.12272180616855621
full,whole_parcel,MD,RH_insula,R,simple_equation,MD,0.08697967231273651
full,whole_parcel,MD,RH_insula,R,number_sorting,MD,0.10841589421033859
full,whole_parcel,MD,RH_insula,R,code_conditional,MD,0.04929448664188385
full,whole_parcel,MD,RH_insula,R,code_loop,MD,0.03971770778298378
full,whole_parcel,MD,RH_insula,R,code_list,MD,0.0382491759955883
full,whole_parcel,MD,RH_insula,R,code_A,MD,0.04338895529508591
full,whole_parcel,MD,RH_insula,R,code_B,MD,0.037600111216306686
full,whole_parcel,MD,RH_insula,R,phys_newton,phys,0.003568188287317753
full,whole_parcel,MD,RH_insula,R,phys_prost,phys,0.02143915370106697
full,whole_parcel,MD,RH_insula,R,physics_buoyancy,phys,-0.013326477259397507
full,whole_parcel,MD,RH_insula,R,physics_brightness,phys,-0.02503218688070774
full,whole_parcel,MD,RH_insula,R,physics_elasticity,phys,-0.03114853799343109
full,whole_parcel,MD,RH_insula,R,physics_solubility,phys,-0.01732376031577587
full,whole_parcel,MD,RH_insula,R,physics_speed,phys,-0.020465755835175514
full,whole_parcel,MD,RH_insula,R,physics_stability,phys,-0.032719895243644714
full,whole_parcel,MD,RH_insula,R,physics_temperature,phys,-0.04342413693666458
full,whole_parcel,MD,RH_insula,R,agent,ToM,0.02051912620663643
full,whole_parcel,MD,RH_insula,R,social_interactions,ToM,0.009604517370462418
full,whole_parcel,MD,RH_insula,R,social_relations,ToM,0.01536872424185276
full,whole_parcel,MD,RH_insula,R,desires_goals,ToM,0.0020351430866867304
full,whole_parcel,MD,RH_insula,R,primary_emotions,ToM,0.01927526667714119
full,whole_parcel,MD,RH_insula,R,secondary_emotions,ToM,0.015653841197490692
full,whole_parcel,MD,RH_insula,R,emotion_fewshot,ToM,-0.024666287004947662
full,whole_parcel,MD,RH_insula,R,norm_appropriate,ToM,-0.016338923946022987
full,whole_parcel,MD,RH_insula,R,norm_moral,ToM,-0.01676872931420803
full,whole_parcel,MD,RH_medialFrontal,R,anaphor_gender_agreement,Lan,0.14586442708969116
full,whole_parcel,MD,RH_medialFrontal,R,det_noun_agreement_irregular,Lan,0.11939236521720886
full,whole_parcel,MD,RH_medialFrontal,R,det_noun_agreement_regular,Lan,0.12076490372419357
full,whole_parcel,MD,RH_medialFrontal,R,det_noun_agreement_with_adjective,Lan,0.09870792925357819
full,whole_parcel,MD,RH_medialFrontal,R,subject_verb_agreement,Lan,0.170276939868927
full,whole_parcel,MD,RH_medialFrontal,R,npi,Lan,0.08710648864507675
full,whole_parcel,MD,RH_medialFrontal,R,hypernymy,Lan,0.14747579395771027
full,whole_parcel,MD,RH_medialFrontal,R,wug,Lan,0.12274955958127975
full,whole_parcel,MD,RH_medialFrontal,R,logic_syllogism_1,MD,0.03371814638376236
full,whole_parcel,MD,RH_medialFrontal,R,logic_syllogism_symbolic,MD,0.0665326938033104
full,whole_parcel,MD,RH_medialFrontal,R,logic_propositional_1,MD,0.03857487067580223
full,whole_parcel,MD,RH_medialFrontal,R,logic_propositional_symbolic,MD,0.10984449088573456
full,whole_parcel,MD,RH_medialFrontal,R,number_sequence,MD,0.18872983753681183
full,whole_parcel,MD,RH_medialFrontal,R,add_sub_2op_verbal,MD,0.21414603292942047
full,whole_parcel,MD,RH_medialFrontal,R,add_sub_2op_symbolic,MD,0.17873626947402954
full,whole_parcel,MD,RH_medialFrontal,R,add_sub_3op_verbal,MD,0.21597787737846375
full,whole_parcel,MD,RH_medialFrontal,R,add_sub_3op_symbolic,MD,0.16910551488399506
full,whole_parcel,MD,RH_medialFrontal,R,mul_div_2op_verbal,MD,0.2001778483390808
full,whole_parcel,MD,RH_medialFrontal,R,mul_div_2op_symbolic,MD,0.1676984578371048
full,whole_parcel,MD,RH_medialFrontal,R,mul_div_3op_verbal,MD,0.20307223498821259
full,whole_parcel,MD,RH_medialFrontal,R,mul_div_3op_symbolic,MD,0.1586216241121292
full,whole_parcel,MD,RH_medialFrontal,R,simple_equation,MD,0.13287529349327087
full,whole_parcel,MD,RH_medialFrontal,R,number_sorting,MD,0.20609277486801147
full,whole_parcel,MD,RH_medialFrontal,R,code_conditional,MD,0.12090291827917099
full,whole_parcel,MD,RH_medialFrontal,R,code_loop,MD,0.1062726378440857
full,whole_parcel,MD,RH_medialFrontal,R,code_list,MD,0.10748543590307236
full,whole_parcel,MD,RH_medialFrontal,R,code_A,MD,0.11126546561717987
full,whole_parcel,MD,RH_medialFrontal,R,code_B,MD,0.10638876259326935
full,whole_parcel,MD,RH_medialFrontal,R,phys_newton,phys,0.04936632141470909
full,whole_parcel,MD,RH_medialFrontal,R,phys_prost,phys,0.06989283859729767
full,whole_parcel,MD,RH_medialFrontal,R,physics_buoyancy,phys,0.04116826876997948
full,whole_parcel,MD,RH_medialFrontal,R,physics_brightness,phys,0.015182740055024624
full,whole_parcel,MD,RH_medialFrontal,R,physics_elasticity,phys,0.012944387272000313
full,whole_parcel,MD,RH_medialFrontal,R,physics_solubility,phys,0.020747460424900055
full,whole_parcel,MD,RH_medialFrontal,R,physics_speed,phys,0.01980016566812992
full,whole_parcel,MD,RH_medialFrontal,R,physics_stability,phys,0.010356830433011055
full,whole_parcel,MD,RH_medialFrontal,R,physics_temperature,phys,0.016214940696954727
full,whole_parcel,MD,RH_medialFrontal,R,agent,ToM,0.09070777893066406
full,whole_parcel,MD,RH_medialFrontal,R,social_interactions,ToM,0.055029865354299545
full,whole_parcel,MD,RH_medialFrontal,R,social_relations,ToM,0.07407976686954498
full,whole_parcel,MD,RH_medialFrontal,R,desires_goals,ToM,0.04304772987961769
full,whole_parcel,MD,RH_medialFrontal,R,primary_emotions,ToM,0.058510009199380875
full,whole_parcel,MD,RH_medialFrontal,R,secondary_emotions,ToM,0.052913930267095566
full,whole_parcel,MD,RH_medialFrontal,R,emotion_fewshot,ToM,0.030876653268933296
full,whole_parcel,MD,RH_medialFrontal,R,norm_appropriate,ToM,0.07002973556518555
full,whole_parcel,MD,RH_medialFrontal,R,norm_moral,ToM,0.06375231593847275
full,whole_parcel,TOM,LH_TPJ,L,anaphor_gender_agreement,Lan,0.09048623591661453
full,whole_parcel,TOM,LH_TPJ,L,det_noun_agreement_irregular,Lan,0.10329142212867737
full,whole_parcel,TOM,LH_TPJ,L,det_noun_agreement_regular,Lan,0.10590117424726486
full,whole_parcel,TOM,LH_TPJ,L,det_noun_agreement_with_adjective,Lan,0.12301258742809296
full,whole_parcel,TOM,LH_TPJ,L,subject_verb_agreement,Lan,0.06179998070001602
full,whole_parcel,TOM,LH_TPJ,L,npi,Lan,0.17205114662647247
full,whole_parcel,TOM,LH_TPJ,L,hypernymy,Lan,0.049905966967344284
full,whole_parcel,TOM,LH_TPJ,L,wug,Lan,0.11616651713848114
full,whole_parcel,TOM,LH_TPJ,L,logic_syllogism_1,MD,0.14253465831279755
full,whole_parcel,TOM,LH_TPJ,L,logic_syllogism_symbolic,MD,0.08134201914072037
full,whole_parcel,TOM,LH_TPJ,L,logic_propositional_1,MD,0.12238159775733948
full,whole_parcel,TOM,LH_TPJ,L,logic_propositional_symbolic,MD,0.16377094388008118
full,whole_parcel,TOM,LH_TPJ,L,number_sequence,MD,0.09419526904821396
full,whole_parcel,TOM,LH_TPJ,L,add_sub_2op_verbal,MD,0.10657888650894165
full,whole_parcel,TOM,LH_TPJ,L,add_sub_2op_symbolic,MD,0.05176779255270958
full,whole_parcel,TOM,LH_TPJ,L,add_sub_3op_verbal,MD,0.11216047406196594
full,whole_parcel,TOM,LH_TPJ,L,add_sub_3op_symbolic,MD,0.06793259084224701
full,whole_parcel,TOM,LH_TPJ,L,mul_div_2op_verbal,MD,0.08225800842046738
full,whole_parcel,TOM,LH_TPJ,L,mul_div_2op_symbolic,MD,0.03865506500005722
full,whole_parcel,TOM,LH_TPJ,L,mul_div_3op_verbal,MD,0.09270794689655304
full,whole_parcel,TOM,LH_TPJ,L,mul_div_3op_symbolic,MD,0.04694388806819916
full,whole_parcel,TOM,LH_TPJ,L,simple_equation,MD,0.09064016491174698
full,whole_parcel,TOM,LH_TPJ,L,number_sorting,MD,0.2968553304672241
full,whole_parcel,TOM,LH_TPJ,L,code_conditional,MD,0.21572178602218628
full,whole_parcel,TOM,LH_TPJ,L,code_loop,MD,0.18393144011497498
full,whole_parcel,TOM,LH_TPJ,L,code_list,MD,0.20546771585941315
full,whole_parcel,TOM,LH_TPJ,L,code_A,MD,0.19682075083255768
full,whole_parcel,TOM,LH_TPJ,L,code_B,MD,0.20676778256893158
full,whole_parcel,TOM,LH_TPJ,L,phys_newton,phys,0.17779824137687683
full,whole_parcel,TOM,LH_TPJ,L,phys_prost,phys,0.19160506129264832
full,whole_parcel,TOM,LH_TPJ,L,physics_buoyancy,phys,0.19967320561408997
full,whole_parcel,TOM,LH_TPJ,L,physics_brightness,phys,0.14407628774642944
full,whole_parcel,TOM,LH_TPJ,L,physics_elasticity,phys,0.17863354086875916
full,whole_parcel,TOM,LH_TPJ,L,physics_solubility,phys,0.13555994629859924
full,whole_parcel,TOM,LH_TPJ,L,physics_speed,phys,0.13853032886981964
full,whole_parcel,TOM,LH_TPJ,L,physics_stability,phys,0.16286160051822662
full,whole_parcel,TOM,LH_TPJ,L,physics_temperature,phys,0.183884859085083
full,whole_parcel,TOM,LH_TPJ,L,agent,ToM,0.22123530507087708
full,whole_parcel,TOM,LH_TPJ,L,social_interactions,ToM,0.17521415650844574
full,whole_parcel,TOM,LH_TPJ,L,social_relations,ToM,0.2634269595146179
full,whole_parcel,TOM,LH_TPJ,L,desires_goals,ToM,0.15357768535614014
full,whole_parcel,TOM,LH_TPJ,L,primary_emotions,ToM,0.142839252948761
full,whole_parcel,TOM,LH_TPJ,L,secondary_emotions,ToM,0.11877217888832092
full,whole_parcel,TOM,LH_TPJ,L,emotion_fewshot,ToM,0.15104436874389648
full,whole_parcel,TOM,LH_TPJ,L,norm_appropriate,ToM,0.26384878158569336
full,whole_parcel,TOM,LH_TPJ,L,norm_moral,ToM,0.22439435124397278
full,whole_parcel,TOM,LH_DMPFC,L,anaphor_gender_agreement,Lan,0.0895732119679451
full,whole_parcel,TOM,LH_DMPFC,L,det_noun_agreement_irregular,Lan,0.0898386761546135
full,whole_parcel,TOM,LH_DMPFC,L,det_noun_agreement_regular,Lan,0.08832716196775436
full,whole_parcel,TOM,LH_DMPFC,L,det_noun_agreement_with_adjective,Lan,0.09135349839925766
full,whole_parcel,TOM,LH_DMPFC,L,subject_verb_agreement,Lan,0.0651000365614891
full,whole_parcel,TOM,LH_DMPFC,L,npi,Lan,0.13043458759784698
full,whole_parcel,TOM,LH_DMPFC,L,hypernymy,Lan,0.05033641308546066
full,whole_parcel,TOM,LH_DMPFC,L,wug,Lan,0.08155480027198792
full,whole_parcel,TOM,LH_DMPFC,L,logic_syllogism_1,MD,0.14777061343193054
full,whole_parcel,TOM,LH_DMPFC,L,logic_syllogism_symbolic,MD,0.10475827008485794
full,whole_parcel,TOM,LH_DMPFC,L,logic_propositional_1,MD,0.15796172618865967
full,whole_parcel,TOM,LH_DMPFC,L,logic_propositional_symbolic,MD,0.15078821778297424
full,whole_parcel,TOM,LH_DMPFC,L,number_sequence,MD,0.08448990434408188
full,whole_parcel,TOM,LH_DMPFC,L,add_sub_2op_verbal,MD,0.04725751653313637
full,whole_parcel,TOM,LH_DMPFC,L,add_sub_2op_symbolic,MD,0.07191923260688782
full,whole_parcel,TOM,LH_DMPFC,L,add_sub_3op_verbal,MD,0.04667893797159195
full,whole_parcel,TOM,LH_DMPFC,L,add_sub_3op_symbolic,MD,0.07227297127246857
full,whole_parcel,TOM,LH_DMPFC,L,mul_div_2op_verbal,MD,0.047570545226335526
full,whole_parcel,TOM,LH_DMPFC,L,mul_div_2op_symbolic,MD,0.05981401726603508
full,whole_parcel,TOM,LH_DMPFC,L,mul_div_3op_verbal,MD,0.04305710643529892
full,whole_parcel,TOM,LH_DMPFC,L,mul_div_3op_symbolic,MD,0.052842091768980026
full,whole_parcel,TOM,LH_DMPFC,L,simple_equation,MD,0.07880588620901108
full,whole_parcel,TOM,LH_DMPFC,L,number_sorting,MD,0.25943878293037415
full,whole_parcel,TOM,LH_DMPFC,L,code_conditional,MD,0.1786441206932068
full,whole_parcel,TOM,LH_DMPFC,L,code_loop,MD,0.15216973423957825
full,whole_parcel,TOM,LH_DMPFC,L,code_list,MD,0.16476242244243622
full,whole_parcel,TOM,LH_DMPFC,L,code_A,MD,0.15763704478740692
full,whole_parcel,TOM,LH_DMPFC,L,code_B,MD,0.16562862694263458
full,whole_parcel,TOM,LH_DMPFC,L,phys_newton,phys,0.10406158119440079
full,whole_parcel,TOM,LH_DMPFC,L,phys_prost,phys,0.1072947308421135
full,whole_parcel,TOM,LH_DMPFC,L,physics_buoyancy,phys,0.1156134307384491
full,whole_parcel,TOM,LH_DMPFC,L,physics_brightness,phys,0.06463811546564102
full,whole_parcel,TOM,LH_DMPFC,L,physics_elasticity,phys,0.09971872717142105
full,whole_parcel,TOM,LH_DMPFC,L,physics_solubility,phys,0.0612056739628315
full,whole_parcel,TOM,LH_DMPFC,L,physics_speed,phys,0.06734447926282883
full,whole_parcel,TOM,LH_DMPFC,L,physics_stability,phys,0.08257614821195602
full,whole_parcel,TOM,LH_DMPFC,L,physics_temperature,phys,0.10781683772802353
full,whole_parcel,TOM,LH_DMPFC,L,agent,ToM,0.20712605118751526
full,whole_parcel,TOM,LH_DMPFC,L,social_interactions,ToM,0.17940010130405426
full,whole_parcel,TOM,LH_DMPFC,L,social_relations,ToM,0.22280898690223694
full,whole_parcel,TOM,LH_DMPFC,L,desires_goals,ToM,0.12845902144908905
full,whole_parcel,TOM,LH_DMPFC,L,primary_emotions,ToM,0.1250223070383072
full,whole_parcel,TOM,LH_DMPFC,L,secondary_emotions,ToM,0.11067891120910645
full,whole_parcel,TOM,LH_DMPFC,L,emotion_fewshot,ToM,0.15395483374595642
full,whole_parcel,TOM,LH_DMPFC,L,norm_appropriate,ToM,0.24231192469596863
full,whole_parcel,TOM,LH_DMPFC,L,norm_moral,ToM,0.24378693103790283
full,whole_parcel,TOM,LH_MMPFC,L,anaphor_gender_agreement,Lan,0.05015728995203972
full,whole_parcel,TOM,LH_MMPFC,L,det_noun_agreement_irregular,Lan,0.03855522349476814
full,whole_parcel,TOM,LH_MMPFC,L,det_noun_agreement_regular,Lan,0.04128296300768852
full,whole_parcel,TOM,LH_MMPFC,L,det_noun_agreement_with_adjective,Lan,0.03164199739694595
full,whole_parcel,TOM,LH_MMPFC,L,subject_verb_agreement,Lan,0.05047674477100372
full,whole_parcel,TOM,LH_MMPFC,L,npi,Lan,0.0353391095995903
full,whole_parcel,TOM,LH_MMPFC,L,hypernymy,Lan,0.04230031743645668
full,whole_parcel,TOM,LH_MMPFC,L,wug,Lan,-0.003523475956171751
full,whole_parcel,TOM,LH_MMPFC,L,logic_syllogism_1,MD,-0.048455312848091125
full,whole_parcel,TOM,LH_MMPFC,L,logic_syllogism_symbolic,MD,-0.050588108599185944
full,whole_parcel,TOM,LH_MMPFC,L,logic_propositional_1,MD,-0.06810436397790909
full,whole_parcel,TOM,LH_MMPFC,L,logic_propositional_symbolic,MD,-0.014585457742214203
full,whole_parcel,TOM,LH_MMPFC,L,number_sequence,MD,0.00724364398047328
full,whole_parcel,TOM,LH_MMPFC,L,add_sub_2op_verbal,MD,-0.0157943032681942
full,whole_parcel,TOM,LH_MMPFC,L,add_sub_2op_symbolic,MD,0.03563249856233597
full,whole_parcel,TOM,LH_MMPFC,L,add_sub_3op_verbal,MD,-0.025141704827547073
full,whole_parcel,TOM,LH_MMPFC,L,add_sub_3op_symbolic,MD,0.007544582709670067
full,whole_parcel,TOM,LH_MMPFC,L,mul_div_2op_verbal,MD,-0.010668106377124786
full,whole_parcel,TOM,LH_MMPFC,L,mul_div_2op_symbolic,MD,0.019315559417009354
full,whole_parcel,TOM,LH_MMPFC,L,mul_div_3op_verbal,MD,-0.02668864093720913
full,whole_parcel,TOM,LH_MMPFC,L,mul_div_3op_symbolic,MD,-0.01625930145382881
full,whole_parcel,TOM,LH_MMPFC,L,simple_equation,MD,-0.024180646985769272
full,whole_parcel,TOM,LH_MMPFC,L,number_sorting,MD,0.019801288843154907
full,whole_parcel,TOM,LH_MMPFC,L,code_conditional,MD,-0.0038322589825838804
full,whole_parcel,TOM,LH_MMPFC,L,code_loop,MD,-0.026152893900871277
full,whole_parcel,TOM,LH_MMPFC,L,code_list,MD,-0.009593071416020393
full,whole_parcel,TOM,LH_MMPFC,L,code_A,MD,-0.02184683457016945
full,whole_parcel,TOM,LH_MMPFC,L,code_B,MD,-0.010684587992727757
full,whole_parcel,TOM,LH_MMPFC,L,phys_newton,phys,-0.011280974373221397
full,whole_parcel,TOM,LH_MMPFC,L,phys_prost,phys,-0.0033285748213529587
full,whole_parcel,TOM,LH_MMPFC,L,physics_buoyancy,phys,-0.01828671060502529
full,whole_parcel,TOM,LH_MMPFC,L,physics_brightness,phys,-0.041442859917879105
full,whole_parcel,TOM,LH_MMPFC,L,physics_elasticity,phys,-0.020281638950109482
full,whole_parcel,TOM,LH_MMPFC,L,physics_solubility,phys,-0.02726013958454132
full,whole_parcel,TOM,LH_MMPFC,L,physics_speed,phys,-0.0313381627202034
full,whole_parcel,TOM,LH_MMPFC,L,physics_stability,phys,-0.03694498911499977
full,whole_parcel,TOM,LH_MMPFC,L,physics_temperature,phys,-0.009770994074642658
full,whole_parcel,TOM,LH_MMPFC,L,agent,ToM,0.029150761663913727
full,whole_parcel,TOM,LH_MMPFC,L,social_interactions,ToM,0.00875244289636612
full,whole_parcel,TOM,LH_MMPFC,L,social_relations,ToM,0.041304681450128555
full,whole_parcel,TOM,LH_MMPFC,L,desires_goals,ToM,0.01361024845391512
full,whole_parcel,TOM,LH_MMPFC,L,primary_emotions,ToM,0.0212083887308836
full,whole_parcel,TOM,LH_MMPFC,L,secondary_emotions,ToM,0.0070497095584869385
full,whole_parcel,TOM,LH_MMPFC,L,emotion_fewshot,ToM,0.002413688227534294
full,whole_parcel,TOM,LH_MMPFC,L,norm_appropriate,ToM,0.04003008455038071
full,whole_parcel,TOM,LH_MMPFC,L,norm_moral,ToM,0.00963908713310957
full,whole_parcel,TOM,LH_VMPFC,L,anaphor_gender_agreement,Lan,0.045076627284288406
full,whole_parcel,TOM,LH_VMPFC,L,det_noun_agreement_irregular,Lan,0.04947774484753609
full,whole_parcel,TOM,LH_VMPFC,L,det_noun_agreement_regular,Lan,0.05151774734258652
full,whole_parcel,TOM,LH_VMPFC,L,det_noun_agreement_with_adjective,Lan,0.05088995769619942
full,whole_parcel,TOM,LH_VMPFC,L,subject_verb_agreement,Lan,0.04092295840382576
full,whole_parcel,TOM,LH_VMPFC,L,npi,Lan,0.0563531331717968
full,whole_parcel,TOM,LH_VMPFC,L,hypernymy,Lan,0.03986130282282829
full,whole_parcel,TOM,LH_VMPFC,L,wug,Lan,0.03423682972788811
full,whole_parcel,TOM,LH_VMPFC,L,logic_syllogism_1,MD,0.01807183399796486
full,whole_parcel,TOM,LH_VMPFC,L,logic_syllogism_symbolic,MD,-0.003018003888428211
full,whole_parcel,TOM,LH_VMPFC,L,logic_propositional_1,MD,0.0019973176531493664
full,whole_parcel,TOM,LH_VMPFC,L,logic_propositional_symbolic,MD,0.014642992988228798
full,whole_parcel,TOM,LH_VMPFC,L,number_sequence,MD,0.020675810053944588
full,whole_parcel,TOM,LH_VMPFC,L,add_sub_2op_verbal,MD,0.020176885649561882
full,whole_parcel,TOM,LH_VMPFC,L,add_sub_2op_symbolic,MD,0.03707413747906685
full,whole_parcel,TOM,LH_VMPFC,L,add_sub_3op_verbal,MD,0.013587549328804016
full,whole_parcel,TOM,LH_VMPFC,L,add_sub_3op_symbolic,MD,0.025420842692255974
full,whole_parcel,TOM,LH_VMPFC,L,mul_div_2op_verbal,MD,0.01917843334376812
full,whole_parcel,TOM,LH_VMPFC,L,mul_div_2op_symbolic,MD,0.02802526019513607
full,whole_parcel,TOM,LH_VMPFC,L,mul_div_3op_verbal,MD,0.010797068476676941
full,whole_parcel,TOM,LH_VMPFC,L,mul_div_3op_symbolic,MD,0.013723482377827168
full,whole_parcel,TOM,LH_VMPFC,L,simple_equation,MD,0.01403509546071291
full,whole_parcel,TOM,LH_VMPFC,L,number_sorting,MD,0.022998180240392685
full,whole_parcel,TOM,LH_VMPFC,L,code_conditional,MD,0.018944652751088142
full,whole_parcel,TOM,LH_VMPFC,L,code_loop,MD,0.011245775036513805
full,whole_parcel,TOM,LH_VMPFC,L,code_list,MD,0.022979089990258217
full,whole_parcel,TOM,LH_VMPFC,L,code_A,MD,0.01348590012639761
full,whole_parcel,TOM,LH_VMPFC,L,code_B,MD,0.021922871470451355
full,whole_parcel,TOM,LH_VMPFC,L,phys_newton,phys,0.024475378915667534
full,whole_parcel,TOM,LH_VMPFC,L,phys_prost,phys,0.022905465215444565
full,whole_parcel,TOM,LH_VMPFC,L,physics_buoyancy,phys,0.0066327196545898914
full,whole_parcel,TOM,LH_VMPFC,L,physics_brightness,phys,-0.003676485735923052
full,whole_parcel,TOM,LH_VMPFC,L,physics_elasticity,phys,-0.0007693961961194873
full,whole_parcel,TOM,LH_VMPFC,L,physics_solubility,phys,0.006073762662708759
full,whole_parcel,TOM,LH_VMPFC,L,physics_speed,phys,-0.00031172233866527677
full,whole_parcel,TOM,LH_VMPFC,L,physics_stability,phys,-0.009000597521662712
full,whole_parcel,TOM,LH_VMPFC,L,physics_temperature,phys,0.014794429764151573
full,whole_parcel,TOM,LH_VMPFC,L,agent,ToM,0.028246987611055374
full,whole_parcel,TOM,LH_VMPFC,L,social_interactions,ToM,0.026716051623225212
full,whole_parcel,TOM,LH_VMPFC,L,social_relations,ToM,0.05825870856642723
full,whole_parcel,TOM,LH_VMPFC,L,desires_goals,ToM,0.042795903980731964
full,whole_parcel,TOM,LH_VMPFC,L,primary_emotions,ToM,0.04196953773498535
full,whole_parcel,TOM,LH_VMPFC,L,secondary_emotions,ToM,0.034672293812036514
full,whole_parcel,TOM,LH_VMPFC,L,emotion_fewshot,ToM,0.026297621428966522
full,whole_parcel,TOM,LH_VMPFC,L,norm_appropriate,ToM,0.030127236619591713
full,whole_parcel,TOM,LH_VMPFC,L,norm_moral,ToM,0.016695888713002205
full,whole_parcel,TOM,LH_PC,L,anaphor_gender_agreement,Lan,0.050260234624147415
full,whole_parcel,TOM,LH_PC,L,det_noun_agreement_irregular,Lan,0.04658873751759529
full,whole_parcel,TOM,LH_PC,L,det_noun_agreement_regular,Lan,0.0523369126021862
full,whole_parcel,TOM,LH_PC,L,det_noun_agreement_with_adjective,Lan,0.04678584262728691
full,whole_parcel,TOM,LH_PC,L,subject_verb_agreement,Lan,0.0392141118645668
full,whole_parcel,TOM,LH_PC,L,npi,Lan,0.070588119328022
full,whole_parcel,TOM,LH_PC,L,hypernymy,Lan,0.032481491565704346
full,whole_parcel,TOM,LH_PC,L,wug,Lan,-0.01194670982658863
full,whole_parcel,TOM,LH_PC,L,logic_syllogism_1,MD,-0.0595490038394928
full,whole_parcel,TOM,LH_PC,L,logic_syllogism_symbolic,MD,-0.11220467835664749
full,whole_parcel,TOM,LH_PC,L,logic_propositional_1,MD,-0.12380556017160416
full,whole_parcel,TOM,LH_PC,L,logic_propositional_symbolic,MD,-0.042565859854221344
full,whole_parcel,TOM,LH_PC,L,number_sequence,MD,-0.042831480503082275
full,whole_parcel,TOM,LH_PC,L,add_sub_2op_verbal,MD,-0.06631170958280563
full,whole_parcel,TOM,LH_PC,L,add_sub_2op_symbolic,MD,-0.0009643801604397595
full,whole_parcel,TOM,LH_PC,L,add_sub_3op_verbal,MD,-0.08253004401922226
full,whole_parcel,TOM,LH_PC,L,add_sub_3op_symbolic,MD,-0.04750862345099449
full,whole_parcel,TOM,LH_PC,L,mul_div_2op_verbal,MD,-0.06757668405771255
full,whole_parcel,TOM,LH_PC,L,mul_div_2op_symbolic,MD,-0.033899031579494476
full,whole_parcel,TOM,LH_PC,L,mul_div_3op_verbal,MD,-0.09080074727535248
full,whole_parcel,TOM,LH_PC,L,mul_div_3op_symbolic,MD,-0.09881381690502167
full,whole_parcel,TOM,LH_PC,L,simple_equation,MD,-0.07589001208543777
full,whole_parcel,TOM,LH_PC,L,number_sorting,MD,-0.03909466043114662
full,whole_parcel,TOM,LH_PC,L,code_conditional,MD,-0.011897055432200432
full,whole_parcel,TOM,LH_PC,L,code_loop,MD,-0.05202990770339966
full,whole_parcel,TOM,LH_PC,L,code_list,MD,-0.015236493200063705
full,whole_parcel,TOM,LH_PC,L,code_A,MD,-0.04405781626701355
full,whole_parcel,TOM,LH_PC,L,code_B,MD,-0.020060908049345016
full,whole_parcel,TOM,LH_PC,L,phys_newton,phys,-0.01631990820169449
full,whole_parcel,TOM,LH_PC,L,phys_prost,phys,0.003764990484341979
full,whole_parcel,TOM,LH_PC,L,physics_buoyancy,phys,-0.02092880569398403
full,whole_parcel,TOM,LH_PC,L,physics_brightness,phys,-0.05658956617116928
full,whole_parcel,TOM,LH_PC,L,physics_elasticity,phys,-0.022232824936509132
full,whole_parcel,TOM,LH_PC,L,physics_solubility,phys,-0.04430393502116203
full,whole_parcel,TOM,LH_PC,L,physics_speed,phys,-0.045430924743413925
full,whole_parcel,TOM,LH_PC,L,physics_stability,phys,-0.04977850615978241
full,whole_parcel,TOM,LH_PC,L,physics_temperature,phys,-0.0007492146687582135
full,whole_parcel,TOM,LH_PC,L,agent,ToM,0.05855865404009819
full,whole_parcel,TOM,LH_PC,L,social_interactions,ToM,0.027863221243023872
full,whole_parcel,TOM,LH_PC,L,social_relations,ToM,0.10725148767232895
full,whole_parcel,TOM,LH_PC,L,desires_goals,ToM,0.045640796422958374
full,whole_parcel,TOM,LH_PC,L,primary_emotions,ToM,0.05243627727031708
full,whole_parcel,TOM,LH_PC,L,secondary_emotions,ToM,0.024501964449882507
full,whole_parcel,TOM,LH_PC,L,emotion_fewshot,ToM,0.01498056948184967
full,whole_parcel,TOM,LH_PC,L,norm_appropriate,ToM,0.08779982477426529
full,whole_parcel,TOM,LH_PC,L,norm_moral,ToM,0.030961574986577034
full,whole_parcel,TOM,RH_TPJ,R,anaphor_gender_agreement,Lan,0.11117131263017654
full,whole_parcel,TOM,RH_TPJ,R,det_noun_agreement_irregular,Lan,0.10878226161003113
full,whole_parcel,TOM,RH_TPJ,R,det_noun_agreement_regular,Lan,0.11232493072748184
full,whole_parcel,TOM,RH_TPJ,R,det_noun_agreement_with_adjective,Lan,0.11734817177057266
full,whole_parcel,TOM,RH_TPJ,R,subject_verb_agreement,Lan,0.08823344111442566
full,whole_parcel,TOM,RH_TPJ,R,npi,Lan,0.13683733344078064
full,whole_parcel,TOM,RH_TPJ,R,hypernymy,Lan,0.06932827085256577
full,whole_parcel,TOM,RH_TPJ,R,wug,Lan,0.07340431958436966
full,whole_parcel,TOM,RH_TPJ,R,logic_syllogism_1,MD,0.009131073951721191
full,whole_parcel,TOM,RH_TPJ,R,logic_syllogism_symbolic,MD,0.012868165038526058
full,whole_parcel,TOM,RH_TPJ,R,logic_propositional_1,MD,-0.007131874095648527
full,whole_parcel,TOM,RH_TPJ,R,logic_propositional_symbolic,MD,0.10860082507133484
full,whole_parcel,TOM,RH_TPJ,R,number_sequence,MD,0.0906951054930687
full,whole_parcel,TOM,RH_TPJ,R,add_sub_2op_verbal,MD,0.08221668004989624
full,whole_parcel,TOM,RH_TPJ,R,add_sub_2op_symbolic,MD,0.06700841337442398
full,whole_parcel,TOM,RH_TPJ,R,add_sub_3op_verbal,MD,0.08414929360151291
full,whole_parcel,TOM,RH_TPJ,R,add_sub_3op_symbolic,MD,0.062317825853824615
full,whole_parcel,TOM,RH_TPJ,R,mul_div_2op_verbal,MD,0.06452768296003342
full,whole_parcel,TOM,RH_TPJ,R,mul_div_2op_symbolic,MD,0.0505804680287838
full,whole_parcel,TOM,RH_TPJ,R,mul_div_3op_verbal,MD,0.06953445076942444
full,whole_parcel,TOM,RH_TPJ,R,mul_div_3op_symbolic,MD,0.03299732133746147
full,whole_parcel,TOM,RH_TPJ,R,simple_equation,MD,0.05325706675648689
full,whole_parcel,TOM,RH_TPJ,R,number_sorting,MD,0.19197601079940796
full,whole_parcel,TOM,RH_TPJ,R,code_conditional,MD,0.16136445105075836
full,whole_parcel,TOM,RH_TPJ,R,code_loop,MD,0.11428997665643692
full,whole_parcel,TOM,RH_TPJ,R,code_list,MD,0.13661643862724304
full,whole_parcel,TOM,RH_TPJ,R,code_A,MD,0.13116438686847687
full,whole_parcel,TOM,RH_TPJ,R,code_B,MD,0.13830536603927612
full,whole_parcel,TOM,RH_TPJ,R,phys_newton,phys,0.12008040398359299
full,whole_parcel,TOM,RH_TPJ,R,phys_prost,phys,0.1567014753818512
full,whole_parcel,TOM,RH_TPJ,R,physics_buoyancy,phys,0.1305222362279892
full,whole_parcel,TOM,RH_TPJ,R,physics_brightness,phys,0.08167800307273865
full,whole_parcel,TOM,RH_TPJ,R,physics_elasticity,phys,0.12430822849273682
full,whole_parcel,TOM,RH_TPJ,R,physics_solubility,phys,0.08522948622703552
full,whole_parcel,TOM,RH_TPJ,R,physics_speed,phys,0.08895522356033325
full,whole_parcel,TOM,RH_TPJ,R,physics_stability,phys,0.10202024132013321
full,whole_parcel,TOM,RH_TPJ,R,physics_temperature,phys,0.11330031603574753
full,whole_parcel,TOM,RH_TPJ,R,agent,ToM,0.1625424325466156
full,whole_parcel,TOM,RH_TPJ,R,social_interactions,ToM,0.10948159545660019
full,whole_parcel,TOM,RH_TPJ,R,social_relations,ToM,0.1645657867193222
full,whole_parcel,TOM,RH_TPJ,R,desires_goals,ToM,0.09201198071241379
full,whole_parcel,TOM,RH_TPJ,R,primary_emotions,ToM,0.10987738519906998
full,whole_parcel,TOM,RH_TPJ,R,secondary_emotions,ToM,0.0817377120256424
full,whole_parcel,TOM,RH_TPJ,R,emotion_fewshot,ToM,0.06362379342317581
full,whole_parcel,TOM,RH_TPJ,R,norm_appropriate,ToM,0.1867854744195938
full,whole_parcel,TOM,RH_TPJ,R,norm_moral,ToM,0.12054784595966339
full,whole_parcel,TOM,RH_DMPFC,R,anaphor_gender_agreement,Lan,0.11703883856534958
full,whole_parcel,TOM,RH_DMPFC,R,det_noun_agreement_irregular,Lan,0.10691145062446594
full,whole_parcel,TOM,RH_DMPFC,R,det_noun_agreement_regular,Lan,0.10710450261831284
full,whole_parcel,TOM,RH_DMPFC,R,det_noun_agreement_with_adjective,Lan,0.10371083766222
full,whole_parcel,TOM,RH_DMPFC,R,subject_verb_agreement,Lan,0.09133417159318924
full,whole_parcel,TOM,RH_DMPFC,R,npi,Lan,0.13180314004421234
full,whole_parcel,TOM,RH_DMPFC,R,hypernymy,Lan,0.068846195936203
full,whole_parcel,TOM,RH_DMPFC,R,wug,Lan,0.06367827206850052
full,whole_parcel,TOM,RH_DMPFC,R,logic_syllogism_1,MD,0.0731184184551239
full,whole_parcel,TOM,RH_DMPFC,R,logic_syllogism_symbolic,MD,0.061658263206481934
full,whole_parcel,TOM,RH_DMPFC,R,logic_propositional_1,MD,0.07257123291492462
full,whole_parcel,TOM,RH_DMPFC,R,logic_propositional_symbolic,MD,0.13403120636940002
full,whole_parcel,TOM,RH_DMPFC,R,number_sequence,MD,0.09257280826568604
full,whole_parcel,TOM,RH_DMPFC,R,add_sub_2op_verbal,MD,0.036756254732608795
full,whole_parcel,TOM,RH_DMPFC,R,add_sub_2op_symbolic,MD,0.08360832184553146
full,whole_parcel,TOM,RH_DMPFC,R,add_sub_3op_verbal,MD,0.034867361187934875
full,whole_parcel,TOM,RH_DMPFC,R,add_sub_3op_symbolic,MD,0.0716264620423317
full,whole_parcel,TOM,RH_DMPFC,R,mul_div_2op_verbal,MD,0.037115778774023056
full,whole_parcel,TOM,RH_DMPFC,R,mul_div_2op_symbolic,MD,0.06504721939563751
full,whole_parcel,TOM,RH_DMPFC,R,mul_div_3op_verbal,MD,0.029980484396219254
full,whole_parcel,TOM,RH_DMPFC,R,mul_div_3op_symbolic,MD,0.03899739310145378
full,whole_parcel,TOM,RH_DMPFC,R,simple_equation,MD,0.06410732120275497
full,whole_parcel,TOM,RH_DMPFC,R,number_sorting,MD,0.23424123227596283
full,whole_parcel,TOM,RH_DMPFC,R,code_conditional,MD,0.1771133989095688
full,whole_parcel,TOM,RH_DMPFC,R,code_loop,MD,0.1353989839553833
full,whole_parcel,TOM,RH_DMPFC,R,code_list,MD,0.15339644253253937
full,whole_parcel,TOM,RH_DMPFC,R,code_A,MD,0.14517641067504883
full,whole_parcel,TOM,RH_DMPFC,R,code_B,MD,0.15287160873413086
full,whole_parcel,TOM,RH_DMPFC,R,phys_newton,phys,0.09095415472984314
full,whole_parcel,TOM,RH_DMPFC,R,phys_prost,phys,0.1115221306681633
full,whole_parcel,TOM,RH_DMPFC,R,physics_buoyancy,phys,0.0991872027516365
full,whole_parcel,TOM,RH_DMPFC,R,physics_brightness,phys,0.042913176119327545
full,whole_parcel,TOM,RH_DMPFC,R,physics_elasticity,phys,0.08617908507585526
full,whole_parcel,TOM,RH_DMPFC,R,physics_solubility,phys,0.039625849574804306
full,whole_parcel,TOM,RH_DMPFC,R,physics_speed,phys,0.05072919651865959
full,whole_parcel,TOM,RH_DMPFC,R,physics_stability,phys,0.06509548425674438
full,whole_parcel,TOM,RH_DMPFC,R,physics_temperature,phys,0.09100599586963654
full,whole_parcel,TOM,RH_DMPFC,R,agent,ToM,0.19982944428920746
full,whole_parcel,TOM,RH_DMPFC,R,social_interactions,ToM,0.15869194269180298
full,whole_parcel,TOM,RH_DMPFC,R,social_relations,ToM,0.20098748803138733
full,whole_parcel,TOM,RH_DMPFC,R,desires_goals,ToM,0.11158612370491028
full,whole_parcel,TOM,RH_DMPFC,R,primary_emotions,ToM,0.12435755133628845
full,whole_parcel,TOM,RH_DMPFC,R,secondary_emotions,ToM,0.10261006653308868
full,whole_parcel,TOM,RH_DMPFC,R,emotion_fewshot,ToM,0.11619134247303009
full,whole_parcel,TOM,RH_DMPFC,R,norm_appropriate,ToM,0.23824208974838257
full,whole_parcel,TOM,RH_DMPFC,R,norm_moral,ToM,0.21141032874584198
full,whole_parcel,TOM,RH_MMPFC,R,anaphor_gender_agreement,Lan,0.061735641211271286
full,whole_parcel,TOM,RH_MMPFC,R,det_noun_agreement_irregular,Lan,0.047776997089385986
full,whole_parcel,TOM,RH_MMPFC,R,det_noun_agreement_regular,Lan,0.04948341101408005
full,whole_parcel,TOM,RH_MMPFC,R,det_noun_agreement_with_adjective,Lan,0.03862631320953369
full,whole_parcel,TOM,RH_MMPFC,R,subject_verb_agreement,Lan,0.0530209057033062
full,whole_parcel,TOM,RH_MMPFC,R,npi,Lan,0.04966149479150772
full,whole_parcel,TOM,RH_MMPFC,R,hypernymy,Lan,0.035292934626340866
full,whole_parcel,TOM,RH_MMPFC,R,wug,Lan,-0.0053746965713799
full,whole_parcel,TOM,RH_MMPFC,R,logic_syllogism_1,MD,-0.05408431589603424
full,whole_parcel,TOM,RH_MMPFC,R,logic_syllogism_symbolic,MD,-0.04965268820524216
full,whole_parcel,TOM,RH_MMPFC,R,logic_propositional_1,MD,-0.07199765741825104
full,whole_parcel,TOM,RH_MMPFC,R,logic_propositional_symbolic,MD,0.0062821898609399796
full,whole_parcel,TOM,RH_MMPFC,R,number_sequence,MD,0.010966241359710693
full,whole_parcel,TOM,RH_MMPFC,R,add_sub_2op_verbal,MD,-0.024498293176293373
full,whole_parcel,TOM,RH_MMPFC,R,add_sub_2op_symbolic,MD,0.03205186501145363
full,whole_parcel,TOM,RH_MMPFC,R,add_sub_3op_verbal,MD,-0.03127213194966316
full,whole_parcel,TOM,RH_MMPFC,R,add_sub_3op_symbolic,MD,0.0018882103031501174
full,whole_parcel,TOM,RH_MMPFC,R,mul_div_2op_verbal,MD,-0.02200150676071644
full,whole_parcel,TOM,RH_MMPFC,R,mul_div_2op_symbolic,MD,0.011783120222389698
full,whole_parcel,TOM,RH_MMPFC,R,mul_div_3op_verbal,MD,-0.034386273473501205
full,whole_parcel,TOM,RH_MMPFC,R,mul_div_3op_symbolic,MD,-0.032788004726171494
full,whole_parcel,TOM,RH_MMPFC,R,simple_equation,MD,-0.025583548471331596
full,whole_parcel,TOM,RH_MMPFC,R,number_sorting,MD,0.053663913160562515
full,whole_parcel,TOM,RH_MMPFC,R,code_conditional,MD,0.03203698620200157
full,whole_parcel,TOM,RH_MMPFC,R,code_loop,MD,-0.004630505573004484
full,whole_parcel,TOM,RH_MMPFC,R,code_list,MD,0.01613331027328968
full,whole_parcel,TOM,RH_MMPFC,R,code_A,MD,0.004209483973681927
full,whole_parcel,TOM,RH_MMPFC,R,code_B,MD,0.012984291650354862
full,whole_parcel,TOM,RH_MMPFC,R,phys_newton,phys,-0.016289282590150833
full,whole_parcel,TOM,RH_MMPFC,R,phys_prost,phys,0.006183569319546223
full,whole_parcel,TOM,RH_MMPFC,R,physics_buoyancy,phys,-0.017863240092992783
full,whole_parcel,TOM,RH_MMPFC,R,physics_brightness,phys,-0.054055213928222656
full,whole_parcel,TOM,RH_MMPFC,R,physics_elasticity,phys,-0.02455367147922516
full,whole_parcel,TOM,RH_MMPFC,R,physics_solubility,phys,-0.045769862830638885
full,whole_parcel,TOM,RH_MMPFC,R,physics_speed,phys,-0.041800569742918015
full,whole_parcel,TOM,RH_MMPFC,R,physics_stability,phys,-0.04043208435177803
full,whole_parcel,TOM,RH_MMPFC,R,physics_temperature,phys,-0.014794344082474709
full,whole_parcel,TOM,RH_MMPFC,R,agent,ToM,0.06885915249586105
full,whole_parcel,TOM,RH_MMPFC,R,social_interactions,ToM,0.0323728509247303
full,whole_parcel,TOM,RH_MMPFC,R,social_relations,ToM,0.06649959087371826
full,whole_parcel,TOM,RH_MMPFC,R,desires_goals,ToM,0.022227030247449875
full,whole_parcel,TOM,RH_MMPFC,R,primary_emotions,ToM,0.038044288754463196
full,whole_parcel,TOM,RH_MMPFC,R,secondary_emotions,ToM,0.019719937816262245
full,whole_parcel,TOM,RH_MMPFC,R,emotion_fewshot,ToM,0.003967680502682924
full,whole_parcel,TOM,RH_MMPFC,R,norm_appropriate,ToM,0.08269359171390533
full,whole_parcel,TOM,RH_MMPFC,R,norm_moral,ToM,0.049101341515779495
full,whole_parcel,TOM,RH_VMPFC,R,anaphor_gender_agreement,Lan,0.07657678425312042
full,whole_parcel,TOM,RH_VMPFC,R,det_noun_agreement_irregular,Lan,0.08008822798728943
full,whole_parcel,TOM,RH_VMPFC,R,det_noun_agreement_regular,Lan,0.08142512291669846
full,whole_parcel,TOM,RH_VMPFC,R,det_noun_agreement_with_adjective,Lan,0.08222123235464096
full,whole_parcel,TOM,RH_VMPFC,R,subject_verb_agreement,Lan,0.06392941623926163
full,whole_parcel,TOM,RH_VMPFC,R,npi,Lan,0.08909694850444794
full,whole_parcel,TOM,RH_VMPFC,R,hypernymy,Lan,0.05910757556557655
full,whole_parcel,TOM,RH_VMPFC,R,wug,Lan,0.04902671277523041
full,whole_parcel,TOM,RH_VMPFC,R,logic_syllogism_1,MD,0.04490519315004349
full,whole_parcel,TOM,RH_VMPFC,R,logic_syllogism_symbolic,MD,0.015556061640381813
full,whole_parcel,TOM,RH_VMPFC,R,logic_propositional_1,MD,0.022185318171977997
full,whole_parcel,TOM,RH_VMPFC,R,logic_propositional_symbolic,MD,0.03655901923775673
full,whole_parcel,TOM,RH_VMPFC,R,number_sequence,MD,0.03325263410806656
full,whole_parcel,TOM,RH_VMPFC,R,add_sub_2op_verbal,MD,0.014484225772321224
full,whole_parcel,TOM,RH_VMPFC,R,add_sub_2op_symbolic,MD,0.054832831025123596
full,whole_parcel,TOM,RH_VMPFC,R,add_sub_3op_verbal,MD,0.0023078403901308775
full,whole_parcel,TOM,RH_VMPFC,R,add_sub_3op_symbolic,MD,0.038140106946229935
full,whole_parcel,TOM,RH_VMPFC,R,mul_div_2op_verbal,MD,0.01842559687793255
full,whole_parcel,TOM,RH_VMPFC,R,mul_div_2op_symbolic,MD,0.043972447514534
full,whole_parcel,TOM,RH_VMPFC,R,mul_div_3op_verbal,MD,0.007384072057902813
full,whole_parcel,TOM,RH_VMPFC,R,mul_div_3op_symbolic,MD,0.022572407498955727
full,whole_parcel,TOM,RH_VMPFC,R,simple_equation,MD,0.0249082800000906
full,whole_parcel,TOM,RH_VMPFC,R,number_sorting,MD,0.010340371169149876
full,whole_parcel,TOM,RH_VMPFC,R,code_conditional,MD,0.03795892372727394
full,whole_parcel,TOM,RH_VMPFC,R,code_loop,MD,0.024213135242462158
full,whole_parcel,TOM,RH_VMPFC,R,code_list,MD,0.03827277943491936
full,whole_parcel,TOM,RH_VMPFC,R,code_A,MD,0.028760835528373718
full,whole_parcel,TOM,RH_VMPFC,R,code_B,MD,0.03637940064072609
full,whole_parcel,TOM,RH_VMPFC,R,phys_newton,phys,0.044602133333683014
full,whole_parcel,TOM,RH_VMPFC,R,phys_prost,phys,0.04257978871464729
full,whole_parcel,TOM,RH_VMPFC,R,physics_buoyancy,phys,0.010528728365898132
full,whole_parcel,TOM,RH_VMPFC,R,physics_brightness,phys,-0.004117361269891262
full,whole_parcel,TOM,RH_VMPFC,R,physics_elasticity,phys,0.00795219000428915
full,whole_parcel,TOM,RH_VMPFC,R,physics_solubility,phys,0.0037280835676938295
full,whole_parcel,TOM,RH_VMPFC,R,physics_speed,phys,0.005595317110419273
full,whole_parcel,TOM,RH_VMPFC,R,physics_stability,phys,-0.002614738419651985
full,whole_parcel,TOM,RH_VMPFC,R,physics_temperature,phys,0.0199881624430418
full,whole_parcel,TOM,RH_VMPFC,R,agent,ToM,0.056607723236083984
full,whole_parcel,TOM,RH_VMPFC,R,social_interactions,ToM,0.06737901270389557
full,whole_parcel,TOM,RH_VMPFC,R,social_relations,ToM,0.08740328997373581
full,whole_parcel,TOM,RH_VMPFC,R,desires_goals,ToM,0.07825235277414322
full,whole_parcel,TOM,RH_VMPFC,R,primary_emotions,ToM,0.08225119858980179
full,whole_parcel,TOM,RH_VMPFC,R,secondary_emotions,ToM,0.07371842116117477
full,whole_parcel,TOM,RH_VMPFC,R,emotion_fewshot,ToM,0.053713712841272354
full,whole_parcel,TOM,RH_VMPFC,R,norm_appropriate,ToM,0.06491660326719284
full,whole_parcel,TOM,RH_VMPFC,R,norm_moral,ToM,0.05261601507663727
full,whole_parcel,TOM,RH_PC,R,anaphor_gender_agreement,Lan,0.04498372599482536
full,whole_parcel,TOM,RH_PC,R,det_noun_agreement_irregular,Lan,0.03241953253746033
full,whole_parcel,TOM,RH_PC,R,det_noun_agreement_regular,Lan,0.03880617767572403
full,whole_parcel,TOM,RH_PC,R,det_noun_agreement_with_adjective,Lan,0.028528351336717606
full,whole_parcel,TOM,RH_PC,R,subject_verb_agreement,Lan,0.030684584751725197
full,whole_parcel,TOM,RH_PC,R,npi,Lan,0.04710888862609863
full,whole_parcel,TOM,RH_PC,R,hypernymy,Lan,0.016642607748508453
full,whole_parcel,TOM,RH_PC,R,wug,Lan,-0.062013983726501465
full,whole_parcel,TOM,RH_PC,R,logic_syllogism_1,MD,-0.14399108290672302
full,whole_parcel,TOM,RH_PC,R,logic_syllogism_symbolic,MD,-0.1725465953350067
full,whole_parcel,TOM,RH_PC,R,logic_propositional_1,MD,-0.21217882633209229
full,whole_parcel,TOM,RH_PC,R,logic_propositional_symbolic,MD,-0.08632993698120117
full,whole_parcel,TOM,RH_PC,R,number_sequence,MD,-0.08206351101398468
full,whole_parcel,TOM,RH_PC,R,add_sub_2op_verbal,MD,-0.1268511712551117
full,whole_parcel,TOM,RH_PC,R,add_sub_2op_symbolic,MD,-0.02654518187046051
full,whole_parcel,TOM,RH_PC,R,add_sub_3op_verbal,MD,-0.14498312771320343
full,whole_parcel,TOM,RH_PC,R,add_sub_3op_symbolic,MD,-0.08865786343812943
full,whole_parcel,TOM,RH_PC,R,mul_div_2op_verbal,MD,-0.12542381882667542
full,whole_parcel,TOM,RH_PC,R,mul_div_2op_symbolic,MD,-0.06602375209331512
full,whole_parcel,TOM,RH_PC,R,mul_div_3op_verbal,MD,-0.15234939754009247
full,whole_parcel,TOM,RH_PC,R,mul_div_3op_symbolic,MD,-0.154867485165596
full,whole_parcel,TOM,RH_PC,R,simple_equation,MD,-0.12942472100257874
full,whole_parcel,TOM,RH_PC,R,number_sorting,MD,-0.11097294092178345
full,whole_parcel,TOM,RH_PC,R,code_conditional,MD,-0.04584294185042381
full,whole_parcel,TOM,RH_PC,R,code_loop,MD,-0.10288993269205093
full,whole_parcel,TOM,RH_PC,R,code_list,MD,-0.06068221107125282
full,whole_parcel,TOM,RH_PC,R,code_A,MD,-0.09067017585039139
full,whole_parcel,TOM,RH_PC,R,code_B,MD,-0.06670790910720825
full,whole_parcel,TOM,RH_PC,R,phys_newton,phys,-0.05408904701471329
full,whole_parcel,TOM,RH_PC,R,phys_prost,phys,-0.014863008633255959
full,whole_parcel,TOM,RH_PC,R,physics_buoyancy,phys,-0.05598887428641319
full,whole_parcel,TOM,RH_PC,R,physics_brightness,phys,-0.09383803606033325
full,whole_parcel,TOM,RH_PC,R,physics_elasticity,phys,-0.046888820827007294
full,whole_parcel,TOM,RH_PC,R,physics_solubility,phys,-0.08213143050670624
full,whole_parcel,TOM,RH_PC,R,physics_speed,phys,-0.07634728401899338
full,whole_parcel,TOM,RH_PC,R,physics_stability,phys,-0.07904976606369019
full,whole_parcel,TOM,RH_PC,R,physics_temperature,phys,-0.03331582993268967
full,whole_parcel,TOM,RH_PC,R,agent,ToM,0.04165627062320709
full,whole_parcel,TOM,RH_PC,R,social_interactions,ToM,0.0006315699429251254
full,whole_parcel,TOM,RH_PC,R,social_relations,ToM,0.06626993417739868
full,whole_parcel,TOM,RH_PC,R,desires_goals,ToM,0.013631831854581833
full,whole_parcel,TOM,RH_PC,R,primary_emotions,ToM,0.03718871623277664
full,whole_parcel,TOM,RH_PC,R,secondary_emotions,ToM,0.0022398573346436024
full,whole_parcel,TOM,RH_PC,R,emotion_fewshot,ToM,-0.033633239567279816
full,whole_parcel,TOM,RH_PC,R,norm_appropriate,ToM,0.06857558339834213
full,whole_parcel,TOM,RH_PC,R,norm_moral,ToM,-0.009278757497668266
full,whole_parcel,PHYSICS,lDMFC,L,anaphor_gender_agreement,Lan,0.05040288716554642
full,whole_parcel,PHYSICS,lDMFC,L,det_noun_agreement_irregular,Lan,0.04331253468990326
full,whole_parcel,PHYSICS,lDMFC,L,det_noun_agreement_regular,Lan,0.045037101954221725
full,whole_parcel,PHYSICS,lDMFC,L,det_noun_agreement_with_adjective,Lan,0.04104269668459892
full,whole_parcel,PHYSICS,lDMFC,L,subject_verb_agreement,Lan,0.059760626405477524
full,whole_parcel,PHYSICS,lDMFC,L,npi,Lan,0.030850069597363472
full,whole_parcel,PHYSICS,lDMFC,L,hypernymy,Lan,0.04888166859745979
full,whole_parcel,PHYSICS,lDMFC,L,wug,Lan,0.010275471024215221
full,whole_parcel,PHYSICS,lDMFC,L,logic_syllogism_1,MD,-0.046994421631097794
full,whole_parcel,PHYSICS,lDMFC,L,logic_syllogism_symbolic,MD,-0.01800294779241085
full,whole_parcel,PHYSICS,lDMFC,L,logic_propositional_1,MD,-0.018042754381895065
full,whole_parcel,PHYSICS,lDMFC,L,logic_propositional_symbolic,MD,0.00772720156237483
full,whole_parcel,PHYSICS,lDMFC,L,number_sequence,MD,0.04216565191745758
full,whole_parcel,PHYSICS,lDMFC,L,add_sub_2op_verbal,MD,0.06771653890609741
full,whole_parcel,PHYSICS,lDMFC,L,add_sub_2op_symbolic,MD,0.04998093470931053
full,whole_parcel,PHYSICS,lDMFC,L,add_sub_3op_verbal,MD,0.08187701553106308
full,whole_parcel,PHYSICS,lDMFC,L,add_sub_3op_symbolic,MD,0.044422511011362076
full,whole_parcel,PHYSICS,lDMFC,L,mul_div_2op_verbal,MD,0.05977903679013252
full,whole_parcel,PHYSICS,lDMFC,L,mul_div_2op_symbolic,MD,0.04611587151885033
full,whole_parcel,PHYSICS,lDMFC,L,mul_div_3op_verbal,MD,0.066766656935215
full,whole_parcel,PHYSICS,lDMFC,L,mul_div_3op_symbolic,MD,0.03965737298130989
full,whole_parcel,PHYSICS,lDMFC,L,simple_equation,MD,0.02059311792254448
full,whole_parcel,PHYSICS,lDMFC,L,number_sorting,MD,0.12980034947395325
full,whole_parcel,PHYSICS,lDMFC,L,code_conditional,MD,0.0373409278690815
full,whole_parcel,PHYSICS,lDMFC,L,code_loop,MD,0.023685403168201447
full,whole_parcel,PHYSICS,lDMFC,L,code_list,MD,0.02645646408200264
full,whole_parcel,PHYSICS,lDMFC,L,code_A,MD,0.03166210278868675
full,whole_parcel,PHYSICS,lDMFC,L,code_B,MD,0.03189991042017937
full,whole_parcel,PHYSICS,lDMFC,L,phys_newton,phys,0.07261333614587784
full,whole_parcel,PHYSICS,lDMFC,L,phys_prost,phys,0.09900519251823425
full,whole_parcel,PHYSICS,lDMFC,L,physics_buoyancy,phys,0.15065206587314606
full,whole_parcel,PHYSICS,lDMFC,L,physics_brightness,phys,0.16013649106025696
full,whole_parcel,PHYSICS,lDMFC,L,physics_elasticity,phys,0.15997307002544403
full,whole_parcel,PHYSICS,lDMFC,L,physics_solubility,phys,0.16693775355815887
full,whole_parcel,PHYSICS,lDMFC,L,physics_speed,phys,0.13279899954795837
full,whole_parcel,PHYSICS,lDMFC,L,physics_stability,phys,0.1728830635547638
full,whole_parcel,PHYSICS,lDMFC,L,physics_temperature,phys,0.12049226462841034
full,whole_parcel,PHYSICS,lDMFC,L,agent,ToM,0.06617403030395508
full,whole_parcel,PHYSICS,lDMFC,L,social_interactions,ToM,0.015545819886028767
full,whole_parcel,PHYSICS,lDMFC,L,social_relations,ToM,0.008959752507507801
full,whole_parcel,PHYSICS,lDMFC,L,desires_goals,ToM,0.004988871514797211
full,whole_parcel,PHYSICS,lDMFC,L,primary_emotions,ToM,0.002335579367354512
full,whole_parcel,PHYSICS,lDMFC,L,secondary_emotions,ToM,-0.004386859480291605
full,whole_parcel,PHYSICS,lDMFC,L,emotion_fewshot,ToM,0.03960653766989708
full,whole_parcel,PHYSICS,lDMFC,L,norm_appropriate,ToM,0.07134512811899185
full,whole_parcel,PHYSICS,lDMFC,L,norm_moral,ToM,0.05572199448943138
full,whole_parcel,PHYSICS,lDO,L,anaphor_gender_agreement,Lan,-0.07326861470937729
full,whole_parcel,PHYSICS,lDO,L,det_noun_agreement_irregular,Lan,-0.05582985281944275
full,whole_parcel,PHYSICS,lDO,L,det_noun_agreement_regular,Lan,-0.04746395722031593
full,whole_parcel,PHYSICS,lDO,L,det_noun_agreement_with_adjective,Lan,-0.03705752268433571
full,whole_parcel,PHYSICS,lDO,L,subject_verb_agreement,Lan,-0.07426421344280243
full,whole_parcel,PHYSICS,lDO,L,npi,Lan,-0.0496501624584198
full,whole_parcel,PHYSICS,lDO,L,hypernymy,Lan,-0.05816289782524109
full,whole_parcel,PHYSICS,lDO,L,wug,Lan,-0.07350731641054153
full,whole_parcel,PHYSICS,lDO,L,logic_syllogism_1,MD,-0.23049360513687134
full,whole_parcel,PHYSICS,lDO,L,logic_syllogism_symbolic,MD,-0.198420450091362
full,whole_parcel,PHYSICS,lDO,L,logic_propositional_1,MD,-0.24424801766872406
full,whole_parcel,PHYSICS,lDO,L,logic_propositional_symbolic,MD,-0.12851911783218384
full,whole_parcel,PHYSICS,lDO,L,number_sequence,MD,-0.0481216125190258
full,whole_parcel,PHYSICS,lDO,L,add_sub_2op_verbal,MD,0.03771030157804489
full,whole_parcel,PHYSICS,lDO,L,add_sub_2op_symbolic,MD,-0.083879254758358
full,whole_parcel,PHYSICS,lDO,L,add_sub_3op_verbal,MD,0.054037462919950485
full,whole_parcel,PHYSICS,lDO,L,add_sub_3op_symbolic,MD,-0.07202058285474777
full,whole_parcel,PHYSICS,lDO,L,mul_div_2op_verbal,MD,-0.008753628470003605
full,whole_parcel,PHYSICS,lDO,L,mul_div_2op_symbolic,MD,-0.08722733706235886
full,whole_parcel,PHYSICS,lDO,L,mul_div_3op_verbal,MD,0.014484133571386337
full,whole_parcel,PHYSICS,lDO,L,mul_div_3op_symbolic,MD,-0.0836712047457695
full,whole_parcel,PHYSICS,lDO,L,simple_equation,MD,-0.07238493114709854
full,whole_parcel,PHYSICS,lDO,L,number_sorting,MD,-0.0444108247756958
full,whole_parcel,PHYSICS,lDO,L,code_conditional,MD,-0.08990875631570816
full,whole_parcel,PHYSICS,lDO,L,code_loop,MD,-0.10660254955291748
full,whole_parcel,PHYSICS,lDO,L,code_list,MD,-0.08813324570655823
full,whole_parcel,PHYSICS,lDO,L,code_A,MD,-0.09430623054504395
full,whole_parcel,PHYSICS,lDO,L,code_B,MD,-0.07888799160718918
full,whole_parcel,PHYSICS,lDO,L,phys_newton,phys,0.006505923345685005
full,whole_parcel,PHYSICS,lDO,L,phys_prost,phys,0.06716048717498779
full,whole_parcel,PHYSICS,lDO,L,physics_buoyancy,phys,0.11570657044649124
full,whole_parcel,PHYSICS,lDO,L,physics_brightness,phys,0.15075193345546722
full,whole_parcel,PHYSICS,lDO,L,physics_elasticity,phys,0.12278476357460022
full,whole_parcel,PHYSICS,lDO,L,physics_solubility,phys,0.144073024392128
full,whole_parcel,PHYSICS,lDO,L,physics_speed,phys,0.07957492768764496
full,whole_parcel,PHYSICS,lDO,L,physics_stability,phys,0.12211567908525467
full,whole_parcel,PHYSICS,lDO,L,physics_temperature,phys,0.08813115209341049
full,whole_parcel,PHYSICS,lDO,L,agent,ToM,-0.07974810153245926
full,whole_parcel,PHYSICS,lDO,L,social_interactions,ToM,-0.1556725651025772
full,whole_parcel,PHYSICS,lDO,L,social_relations,ToM,-0.10686833411455154
full,whole_parcel,PHYSICS,lDO,L,desires_goals,ToM,-0.11722540855407715
full,whole_parcel,PHYSICS,lDO,L,primary_emotions,ToM,-0.10534295439720154
full,whole_parcel,PHYSICS,lDO,L,secondary_emotions,ToM,-0.13030625879764557
full,whole_parcel,PHYSICS,lDO,L,emotion_fewshot,ToM,-0.11416793614625931
full,whole_parcel,PHYSICS,lDO,L,norm_appropriate,ToM,-0.057986751198768616
full,whole_parcel,PHYSICS,lDO,L,norm_moral,ToM,-0.13771408796310425
full,whole_parcel,PHYSICS,lIPL,L,anaphor_gender_agreement,Lan,0.007413425948470831
full,whole_parcel,PHYSICS,lIPL,L,det_noun_agreement_irregular,Lan,-0.010857079178094864
full,whole_parcel,PHYSICS,lIPL,L,det_noun_agreement_regular,Lan,-0.010173117741942406
full,whole_parcel,PHYSICS,lIPL,L,det_noun_agreement_with_adjective,Lan,-0.01754695735871792
full,whole_parcel,PHYSICS,lIPL,L,subject_verb_agreement,Lan,0.03882540017366409
full,whole_parcel,PHYSICS,lIPL,L,npi,Lan,-0.03357977792620659
full,whole_parcel,PHYSICS,lIPL,L,hypernymy,Lan,0.01448370423167944
full,whole_parcel,PHYSICS,lIPL,L,wug,Lan,-0.008943204768002033
full,whole_parcel,PHYSICS,lIPL,L,logic_syllogism_1,MD,-0.08341271430253983
full,whole_parcel,PHYSICS,lIPL,L,logic_syllogism_symbolic,MD,-0.023429112508893013
full,whole_parcel,PHYSICS,lIPL,L,logic_propositional_1,MD,-0.03976833075284958
full,whole_parcel,PHYSICS,lIPL,L,logic_propositional_symbolic,MD,-0.009062187746167183
full,whole_parcel,PHYSICS,lIPL,L,number_sequence,MD,0.04944389685988426
full,whole_parcel,PHYSICS,lIPL,L,add_sub_2op_verbal,MD,0.10502476990222931
full,whole_parcel,PHYSICS,lIPL,L,add_sub_2op_symbolic,MD,0.031734202057123184
full,whole_parcel,PHYSICS,lIPL,L,add_sub_3op_verbal,MD,0.1282305121421814
full,whole_parcel,PHYSICS,lIPL,L,add_sub_3op_symbolic,MD,0.046834446489810944
full,whole_parcel,PHYSICS,lIPL,L,mul_div_2op_verbal,MD,0.08442796021699905
full,whole_parcel,PHYSICS,lIPL,L,mul_div_2op_symbolic,MD,0.03650877624750137
full,whole_parcel,PHYSICS,lIPL,L,mul_div_3op_verbal,MD,0.1040804535150528
full,whole_parcel,PHYSICS,lIPL,L,mul_div_3op_symbolic,MD,0.05945879593491554
full,whole_parcel,PHYSICS,lIPL,L,simple_equation,MD,0.026591438800096512
full,whole_parcel,PHYSICS,lIPL,L,number_sorting,MD,0.1651681512594223
full,whole_parcel,PHYSICS,lIPL,L,code_conditional,MD,0.018334420397877693
full,whole_parcel,PHYSICS,lIPL,L,code_loop,MD,0.01623678021132946
full,whole_parcel,PHYSICS,lIPL,L,code_list,MD,0.006204809527844191
full,whole_parcel,PHYSICS,lIPL,L,code_A,MD,0.023296339437365532
full,whole_parcel,PHYSICS,lIPL,L,code_B,MD,0.01384064182639122
full,whole_parcel,PHYSICS,lIPL,L,phys_newton,phys,0.03931840881705284
full,whole_parcel,PHYSICS,lIPL,L,phys_prost,phys,0.06510607153177261
full,whole_parcel,PHYSICS,lIPL,L,physics_buoyancy,phys,0.12098229676485062
full,whole_parcel,PHYSICS,lIPL,L,physics_brightness,phys,0.13775105774402618
full,whole_parcel,PHYSICS,lIPL,L,physics_elasticity,phys,0.12129169702529907
full,whole_parcel,PHYSICS,lIPL,L,physics_solubility,phys,0.14017465710639954
full,whole_parcel,PHYSICS,lIPL,L,physics_speed,phys,0.10205049812793732
full,whole_parcel,PHYSICS,lIPL,L,physics_stability,phys,0.14377619326114655
full,whole_parcel,PHYSICS,lIPL,L,physics_temperature,phys,0.07011230289936066
full,whole_parcel,PHYSICS,lIPL,L,agent,ToM,-0.0018304691184312105
full,whole_parcel,PHYSICS,lIPL,L,social_interactions,ToM,-0.053039487451314926
full,whole_parcel,PHYSICS,lIPL,L,social_relations,ToM,-0.06854643672704697
full,whole_parcel,PHYSICS,lIPL,L,desires_goals,ToM,-0.0686771497130394
full,whole_parcel,PHYSICS,lIPL,L,primary_emotions,ToM,-0.07142573595046997
full,whole_parcel,PHYSICS,lIPL,L,secondary_emotions,ToM,-0.07217106223106384
full,whole_parcel,PHYSICS,lIPL,L,emotion_fewshot,ToM,-0.03366345912218094
full,whole_parcel,PHYSICS,lIPL,L,norm_appropriate,ToM,-0.011515945196151733
full,whole_parcel,PHYSICS,lIPL,L,norm_moral,ToM,-0.013789074495434761
full,whole_parcel,PHYSICS,lMPL,L,anaphor_gender_agreement,Lan,0.029914526268839836
full,whole_parcel,PHYSICS,lMPL,L,det_noun_agreement_irregular,Lan,0.017854731529951096
full,whole_parcel,PHYSICS,lMPL,L,det_noun_agreement_regular,Lan,0.019808590412139893
full,whole_parcel,PHYSICS,lMPL,L,det_noun_agreement_with_adjective,Lan,0.009379343129694462
full,whole_parcel,PHYSICS,lMPL,L,subject_verb_agreement,Lan,0.06493683904409409
full,whole_parcel,PHYSICS,lMPL,L,npi,Lan,-0.00943050067871809
full,whole_parcel,PHYSICS,lMPL,L,hypernymy,Lan,0.04791215807199478
full,whole_parcel,PHYSICS,lMPL,L,wug,Lan,0.02869454398751259
full,whole_parcel,PHYSICS,lMPL,L,logic_syllogism_1,MD,-0.0687585175037384
full,whole_parcel,PHYSICS,lMPL,L,logic_syllogism_symbolic,MD,-0.012065880931913853
full,whole_parcel,PHYSICS,lMPL,L,logic_propositional_1,MD,-0.040470339357852936
full,whole_parcel,PHYSICS,lMPL,L,logic_propositional_symbolic,MD,0.001138783642090857
full,whole_parcel,PHYSICS,lMPL,L,number_sequence,MD,0.08069897443056107
full,whole_parcel,PHYSICS,lMPL,L,add_sub_2op_verbal,MD,0.14690767228603363
full,whole_parcel,PHYSICS,lMPL,L,add_sub_2op_symbolic,MD,0.06659098714590073
full,whole_parcel,PHYSICS,lMPL,L,add_sub_3op_verbal,MD,0.1685384213924408
full,whole_parcel,PHYSICS,lMPL,L,add_sub_3op_symbolic,MD,0.07899800688028336
full,whole_parcel,PHYSICS,lMPL,L,mul_div_2op_verbal,MD,0.1258060187101364
full,whole_parcel,PHYSICS,lMPL,L,mul_div_2op_symbolic,MD,0.06954067200422287
full,whole_parcel,PHYSICS,lMPL,L,mul_div_3op_verbal,MD,0.1414462774991989
full,whole_parcel,PHYSICS,lMPL,L,mul_div_3op_symbolic,MD,0.09143172204494476
full,whole_parcel,PHYSICS,lMPL,L,simple_equation,MD,0.056063469499349594
full,whole_parcel,PHYSICS,lMPL,L,number_sorting,MD,0.16399024426937103
full,whole_parcel,PHYSICS,lMPL,L,code_conditional,MD,0.02863936685025692
full,whole_parcel,PHYSICS,lMPL,L,code_loop,MD,0.031631410121917725
full,whole_parcel,PHYSICS,lMPL,L,code_list,MD,0.023535333573818207
full,whole_parcel,PHYSICS,lMPL,L,code_A,MD,0.035449329763650894
full,whole_parcel,PHYSICS,lMPL,L,code_B,MD,0.029003798961639404
full,whole_parcel,PHYSICS,lMPL,L,phys_newton,phys,0.04409099370241165
full,whole_parcel,PHYSICS,lMPL,L,phys_prost,phys,0.06027783825993538
full,whole_parcel,PHYSICS,lMPL,L,physics_buoyancy,phys,0.10456191748380661
full,whole_parcel,PHYSICS,lMPL,L,physics_brightness,phys,0.11822853237390518
full,whole_parcel,PHYSICS,lMPL,L,physics_elasticity,phys,0.09357104450464249
full,whole_parcel,PHYSICS,lMPL,L,physics_solubility,phys,0.13142293691635132
full,whole_parcel,PHYSICS,lMPL,L,physics_speed,phys,0.08520790189504623
full,whole_parcel,PHYSICS,lMPL,L,physics_stability,phys,0.11774483323097229
full,whole_parcel,PHYSICS,lMPL,L,physics_temperature,phys,0.06430407613515854
full,whole_parcel,PHYSICS,lMPL,L,agent,ToM,-0.004266866482794285
full,whole_parcel,PHYSICS,lMPL,L,social_interactions,ToM,-0.05863035470247269
full,whole_parcel,PHYSICS,lMPL,L,social_relations,ToM,-0.04963372275233269
full,whole_parcel,PHYSICS,lMPL,L,desires_goals,ToM,-0.04900812730193138
full,whole_parcel,PHYSICS,lMPL,L,primary_emotions,ToM,-0.06266617029905319
full,whole_parcel,PHYSICS,lMPL,L,secondary_emotions,ToM,-0.06090141832828522
full,whole_parcel,PHYSICS,lMPL,L,emotion_fewshot,ToM,-0.02427191473543644
full,whole_parcel,PHYSICS,lMPL,L,norm_appropriate,ToM,-0.019949769601225853
full,whole_parcel,PHYSICS,lMPL,L,norm_moral,ToM,-0.02291896380484104
full,whole_parcel,PHYSICS,lSPL,L,anaphor_gender_agreement,Lan,0.04519942030310631
full,whole_parcel,PHYSICS,lSPL,L,det_noun_agreement_irregular,Lan,0.04245516657829285
full,whole_parcel,PHYSICS,lSPL,L,det_noun_agreement_regular,Lan,0.044929139316082
full,whole_parcel,PHYSICS,lSPL,L,det_noun_agreement_with_adjective,Lan,0.03926962614059448
full,whole_parcel,PHYSICS,lSPL,L,subject_verb_agreement,Lan,0.052702996879816055
full,whole_parcel,PHYSICS,lSPL,L,npi,Lan,0.026753051206469536
full,whole_parcel,PHYSICS,lSPL,L,hypernymy,Lan,0.039940524846315384
full,whole_parcel,PHYSICS,lSPL,L,wug,Lan,-0.0031828503124415874
full,whole_parcel,PHYSICS,lSPL,L,logic_syllogism_1,MD,-0.10923627763986588
full,whole_parcel,PHYSICS,lSPL,L,logic_syllogism_symbolic,MD,-0.07323933392763138
full,whole_parcel,PHYSICS,lSPL,L,logic_propositional_1,MD,-0.1019962877035141
full,whole_parcel,PHYSICS,lSPL,L,logic_propositional_symbolic,MD,-0.038370296359062195
full,whole_parcel,PHYSICS,lSPL,L,number_sequence,MD,0.02093045599758625
full,whole_parcel,PHYSICS,lSPL,L,add_sub_2op_verbal,MD,0.05094670131802559
full,whole_parcel,PHYSICS,lSPL,L,add_sub_2op_symbolic,MD,0.038210030645132065
full,whole_parcel,PHYSICS,lSPL,L,add_sub_3op_verbal,MD,0.06044024974107742
full,whole_parcel,PHYSICS,lSPL,L,add_sub_3op_symbolic,MD,0.023012924939393997
full,whole_parcel,PHYSICS,lSPL,L,mul_div_2op_verbal,MD,0.038717951625585556
full,whole_parcel,PHYSICS,lSPL,L,mul_div_2op_symbolic,MD,0.029248960316181183
full,whole_parcel,PHYSICS,lSPL,L,mul_div_3op_verbal,MD,0.043301478028297424
full,whole_parcel,PHYSICS,lSPL,L,mul_div_3op_symbolic,MD,0.011024707928299904
full,whole_parcel,PHYSICS,lSPL,L,simple_equation,MD,-0.010415123775601387
full,whole_parcel,PHYSICS,lSPL,L,number_sorting,MD,0.052437104284763336
full,whole_parcel,PHYSICS,lSPL,L,code_conditional,MD,-0.01093866117298603
full,whole_parcel,PHYSICS,lSPL,L,code_loop,MD,-0.03151391074061394
full,whole_parcel,PHYSICS,lSPL,L,code_list,MD,-0.024135924875736237
full,whole_parcel,PHYSICS,lSPL,L,code_A,MD,-0.0218245480209589
full,whole_parcel,PHYSICS,lSPL,L,code_B,MD,-0.01897241547703743
full,whole_parcel,PHYSICS,lSPL,L,phys_newton,phys,0.034528687596321106
full,whole_parcel,PHYSICS,lSPL,L,phys_prost,phys,0.07080989331007004
full,whole_parcel,PHYSICS,lSPL,L,physics_buoyancy,phys,0.09033863246440887
full,whole_parcel,PHYSICS,lSPL,L,physics_brightness,phys,0.1048526018857956
full,whole_parcel,PHYSICS,lSPL,L,physics_elasticity,phys,0.10076355934143066
full,whole_parcel,PHYSICS,lSPL,L,physics_solubility,phys,0.11706909537315369
full,whole_parcel,PHYSICS,lSPL,L,physics_speed,phys,0.07536626607179642
full,whole_parcel,PHYSICS,lSPL,L,physics_stability,phys,0.10995952039957047
full,whole_parcel,PHYSICS,lSPL,L,physics_temperature,phys,0.06335344165563583
full,whole_parcel,PHYSICS,lSPL,L,agent,ToM,0.01510676834732294
full,whole_parcel,PHYSICS,lSPL,L,social_interactions,ToM,-0.03150612860918045
full,whole_parcel,PHYSICS,lSPL,L,social_relations,ToM,-0.030931754037737846
full,whole_parcel,PHYSICS,lSPL,L,desires_goals,ToM,-0.02191287651658058
full,whole_parcel,PHYSICS,lSPL,L,primary_emotions,ToM,-0.012518984265625477
full,whole_parcel,PHYSICS,lSPL,L,secondary_emotions,ToM,-0.024429993703961372
full,whole_parcel,PHYSICS,lSPL,L,emotion_fewshot,ToM,-0.02542296051979065
full,whole_parcel,PHYSICS,lSPL,L,norm_appropriate,ToM,0.0037223563995212317
full,whole_parcel,PHYSICS,lSPL,L,norm_moral,ToM,-0.02075093798339367
full,whole_parcel,PHYSICS,lTO,L,anaphor_gender_agreement,Lan,0.06176026165485382
full,whole_parcel,PHYSICS,lTO,L,det_noun_agreement_irregular,Lan,0.09231343120336533
full,whole_parcel,PHYSICS,lTO,L,det_noun_agreement_regular,Lan,0.09431286156177521
full,whole_parcel,PHYSICS,lTO,L,det_noun_agreement_with_adjective,Lan,0.12509696185588837
full,whole_parcel,PHYSICS,lTO,L,subject_verb_agreement,Lan,0.019885363057255745
full,whole_parcel,PHYSICS,lTO,L,npi,Lan,0.13856111466884613
full,whole_parcel,PHYSICS,lTO,L,hypernymy,Lan,0.013228637166321278
full,whole_parcel,PHYSICS,lTO,L,wug,Lan,0.043732840567827225
full,whole_parcel,PHYSICS,lTO,L,logic_syllogism_1,MD,0.025683289393782616
full,whole_parcel,PHYSICS,lTO,L,logic_syllogism_symbolic,MD,0.014497524127364159
full,whole_parcel,PHYSICS,lTO,L,logic_propositional_1,MD,0.031868383288383484
full,whole_parcel,PHYSICS,lTO,L,logic_propositional_symbolic,MD,0.07912632077932358
full,whole_parcel,PHYSICS,lTO,L,number_sequence,MD,0.02807687409222126
full,whole_parcel,PHYSICS,lTO,L,add_sub_2op_verbal,MD,0.016970667988061905
full,whole_parcel,PHYSICS,lTO,L,add_sub_2op_symbolic,MD,0.003116934560239315
full,whole_parcel,PHYSICS,lTO,L,add_sub_3op_verbal,MD,0.02316397987306118
full,whole_parcel,PHYSICS,lTO,L,add_sub_3op_symbolic,MD,0.020166639238595963
full,whole_parcel,PHYSICS,lTO,L,mul_div_2op_verbal,MD,0.011118368245661259
full,whole_parcel,PHYSICS,lTO,L,mul_div_2op_symbolic,MD,0.004731262102723122
full,whole_parcel,PHYSICS,lTO,L,mul_div_3op_verbal,MD,0.021746208891272545
full,whole_parcel,PHYSICS,lTO,L,mul_div_3op_symbolic,MD,0.01931600831449032
full,whole_parcel,PHYSICS,lTO,L,simple_equation,MD,0.027909258380532265
full,whole_parcel,PHYSICS,lTO,L,number_sorting,MD,0.15681231021881104
full,whole_parcel,PHYSICS,lTO,L,code_conditional,MD,0.12491674721240997
full,whole_parcel,PHYSICS,lTO,L,code_loop,MD,0.09434157609939575
full,whole_parcel,PHYSICS,lTO,L,code_list,MD,0.10879172384738922
full,whole_parcel,PHYSICS,lTO,L,code_A,MD,0.11160805076360703
full,whole_parcel,PHYSICS,lTO,L,code_B,MD,0.1189701184630394
full,whole_parcel,PHYSICS,lTO,L,phys_newton,phys,0.188245952129364
full,whole_parcel,PHYSICS,lTO,L,phys_prost,phys,0.20679587125778198
full,whole_parcel,PHYSICS,lTO,L,physics_buoyancy,phys,0.2146405726671219
full,whole_parcel,PHYSICS,lTO,L,physics_brightness,phys,0.1935410499572754
full,whole_parcel,PHYSICS,lTO,L,physics_elasticity,phys,0.2356439083814621
full,whole_parcel,PHYSICS,lTO,L,physics_solubility,phys,0.20927093923091888
full,whole_parcel,PHYSICS,lTO,L,physics_speed,phys,0.1825656145811081
full,whole_parcel,PHYSICS,lTO,L,physics_stability,phys,0.22402311861515045
full,whole_parcel,PHYSICS,lTO,L,physics_temperature,phys,0.18833576142787933
full,whole_parcel,PHYSICS,lTO,L,agent,ToM,0.13176845014095306
full,whole_parcel,PHYSICS,lTO,L,social_interactions,ToM,0.10407928377389908
full,whole_parcel,PHYSICS,lTO,L,social_relations,ToM,0.13055360317230225
full,whole_parcel,PHYSICS,lTO,L,desires_goals,ToM,0.10626960545778275
full,whole_parcel,PHYSICS,lTO,L,primary_emotions,ToM,0.10280671715736389
full,whole_parcel,PHYSICS,lTO,L,secondary_emotions,ToM,0.0825556218624115
full,whole_parcel,PHYSICS,lTO,L,emotion_fewshot,ToM,0.08781717717647552
full,whole_parcel,PHYSICS,lTO,L,norm_appropriate,ToM,0.16556839644908905
full,whole_parcel,PHYSICS,lTO,L,norm_moral,ToM,0.10799971967935562
full,whole_parcel,PHYSICS,rDMFC,R,anaphor_gender_agreement,Lan,0.08572699129581451
full,whole_parcel,PHYSICS,rDMFC,R,det_noun_agreement_irregular,Lan,0.08489346504211426
full,whole_parcel,PHYSICS,rDMFC,R,det_noun_agreement_regular,Lan,0.08612659573554993
full,whole_parcel,PHYSICS,rDMFC,R,det_noun_agreement_with_adjective,Lan,0.0835299864411354
full,whole_parcel,PHYSICS,rDMFC,R,subject_verb_agreement,Lan,0.08540812879800797
full,whole_parcel,PHYSICS,rDMFC,R,npi,Lan,0.07421782612800598
full,whole_parcel,PHYSICS,rDMFC,R,hypernymy,Lan,0.07939843833446503
full,whole_parcel,PHYSICS,rDMFC,R,wug,Lan,0.04203060641884804
full,whole_parcel,PHYSICS,rDMFC,R,logic_syllogism_1,MD,-0.013566600158810616
full,whole_parcel,PHYSICS,rDMFC,R,logic_syllogism_symbolic,MD,0.0038580407854169607
full,whole_parcel,PHYSICS,rDMFC,R,logic_propositional_1,MD,0.015652794390916824
full,whole_parcel,PHYSICS,rDMFC,R,logic_propositional_symbolic,MD,0.0356212817132473
full,whole_parcel,PHYSICS,rDMFC,R,number_sequence,MD,0.06891035288572311
full,whole_parcel,PHYSICS,rDMFC,R,add_sub_2op_verbal,MD,0.08830836415290833
full,whole_parcel,PHYSICS,rDMFC,R,add_sub_2op_symbolic,MD,0.08154427260160446
full,whole_parcel,PHYSICS,rDMFC,R,add_sub_3op_verbal,MD,0.09867260605096817
full,whole_parcel,PHYSICS,rDMFC,R,add_sub_3op_symbolic,MD,0.07008256018161774
full,whole_parcel,PHYSICS,rDMFC,R,mul_div_2op_verbal,MD,0.08243850618600845
full,whole_parcel,PHYSICS,rDMFC,R,mul_div_2op_symbolic,MD,0.07576470822095871
full,whole_parcel,PHYSICS,rDMFC,R,mul_div_3op_verbal,MD,0.08767056465148926
full,whole_parcel,PHYSICS,rDMFC,R,mul_div_3op_symbolic,MD,0.06207941472530365
full,whole_parcel,PHYSICS,rDMFC,R,simple_equation,MD,0.041448865085840225
full,whole_parcel,PHYSICS,rDMFC,R,number_sorting,MD,0.14287638664245605
full,whole_parcel,PHYSICS,rDMFC,R,code_conditional,MD,0.0636473074555397
full,whole_parcel,PHYSICS,rDMFC,R,code_loop,MD,0.04483722895383835
full,whole_parcel,PHYSICS,rDMFC,R,code_list,MD,0.05032361298799515
full,whole_parcel,PHYSICS,rDMFC,R,code_A,MD,0.054267823696136475
full,whole_parcel,PHYSICS,rDMFC,R,code_B,MD,0.05589786916971207
full,whole_parcel,PHYSICS,rDMFC,R,phys_newton,phys,0.09754835814237595
full,whole_parcel,PHYSICS,rDMFC,R,phys_prost,phys,0.123537577688694
full,whole_parcel,PHYSICS,rDMFC,R,physics_buoyancy,phys,0.15926532447338104
full,whole_parcel,PHYSICS,rDMFC,R,physics_brightness,phys,0.16279329359531403
full,whole_parcel,PHYSICS,rDMFC,R,physics_elasticity,phys,0.16975048184394836
full,whole_parcel,PHYSICS,rDMFC,R,physics_solubility,phys,0.17556072771549225
full,whole_parcel,PHYSICS,rDMFC,R,physics_speed,phys,0.14295557141304016
full,whole_parcel,PHYSICS,rDMFC,R,physics_stability,phys,0.17728978395462036
full,whole_parcel,PHYSICS,rDMFC,R,physics_temperature,phys,0.13115331530570984
full,whole_parcel,PHYSICS,rDMFC,R,agent,ToM,0.10408321022987366
full,whole_parcel,PHYSICS,rDMFC,R,social_interactions,ToM,0.05920804291963577
full,whole_parcel,PHYSICS,rDMFC,R,social_relations,ToM,0.04843079671263695
full,whole_parcel,PHYSICS,rDMFC,R,desires_goals,ToM,0.04663712531328201
full,whole_parcel,PHYSICS,rDMFC,R,primary_emotions,ToM,0.047897376120090485
full,whole_parcel,PHYSICS,rDMFC,R,secondary_emotions,ToM,0.04028628021478653
full,whole_parcel,PHYSICS,rDMFC,R,emotion_fewshot,ToM,0.07663927972316742
full,whole_parcel,PHYSICS,rDMFC,R,norm_appropriate,ToM,0.10807347297668457
full,whole_parcel,PHYSICS,rDMFC,R,norm_moral,ToM,0.09630852937698364
full,whole_parcel,PHYSICS,rDO,R,anaphor_gender_agreement,Lan,0.02212895266711712
full,whole_parcel,PHYSICS,rDO,R,det_noun_agreement_irregular,Lan,0.034667402505874634
full,whole_parcel,PHYSICS,rDO,R,det_noun_agreement_regular,Lan,0.041178371757268906
full,whole_parcel,PHYSICS,rDO,R,det_noun_agreement_with_adjective,Lan,0.04111720994114876
full,whole_parcel,PHYSICS,rDO,R,subject_verb_agreement,Lan,0.02115510404109955
full,whole_parcel,PHYSICS,rDO,R,npi,Lan,0.030621787533164024
full,whole_parcel,PHYSICS,rDO,R,hypernymy,Lan,0.03720303252339363
full,whole_parcel,PHYSICS,rDO,R,wug,Lan,0.012948599644005299
full,whole_parcel,PHYSICS,rDO,R,logic_syllogism_1,MD,-0.16424010694026947
full,whole_parcel,PHYSICS,rDO,R,logic_syllogism_symbolic,MD,-0.13906614482402802
full,whole_parcel,PHYSICS,rDO,R,logic_propositional_1,MD,-0.19159574806690216
full,whole_parcel,PHYSICS,rDO,R,logic_propositional_symbolic,MD,-0.0736079141497612
full,whole_parcel,PHYSICS,rDO,R,number_sequence,MD,0.02059372514486313
full,whole_parcel,PHYSICS,rDO,R,add_sub_2op_verbal,MD,0.09837529808282852
full,whole_parcel,PHYSICS,rDO,R,add_sub_2op_symbolic,MD,0.011167064309120178
full,whole_parcel,PHYSICS,rDO,R,add_sub_3op_verbal,MD,0.10619158297777176
full,whole_parcel,PHYSICS,rDO,R,add_sub_3op_symbolic,MD,0.0031933404970914125
full,whole_parcel,PHYSICS,rDO,R,mul_div_2op_verbal,MD,0.063088059425354
full,whole_parcel,PHYSICS,rDO,R,mul_div_2op_symbolic,MD,0.0024724132381379604
full,whole_parcel,PHYSICS,rDO,R,mul_div_3op_verbal,MD,0.07591968029737473
full,whole_parcel,PHYSICS,rDO,R,mul_div_3op_symbolic,MD,-0.013717146590352058
full,whole_parcel,PHYSICS,rDO,R,simple_equation,MD,-0.019986076280474663
full,whole_parcel,PHYSICS,rDO,R,number_sorting,MD,-0.024740708991885185
full,whole_parcel,PHYSICS,rDO,R,code_conditional,MD,-0.04401421174407005
full,whole_parcel,PHYSICS,rDO,R,code_loop,MD,-0.07169438898563385
full,whole_parcel,PHYSICS,rDO,R,code_list,MD,-0.05010689049959183
full,whole_parcel,PHYSICS,rDO,R,code_A,MD,-0.057992711663246155
full,whole_parcel,PHYSICS,rDO,R,code_B,MD,-0.046436551958322525
full,whole_parcel,PHYSICS,rDO,R,phys_newton,phys,0.016869939863681793
full,whole_parcel,PHYSICS,rDO,R,phys_prost,phys,0.0646878182888031
full,whole_parcel,PHYSICS,rDO,R,physics_buoyancy,phys,0.056624963879585266
full,whole_parcel,PHYSICS,rDO,R,physics_brightness,phys,0.06808517128229141
full,whole_parcel,PHYSICS,rDO,R,physics_elasticity,phys,0.0526159405708313
full,whole_parcel,PHYSICS,rDO,R,physics_solubility,phys,0.0890897810459137
full,whole_parcel,PHYSICS,rDO,R,physics_speed,phys,0.038858845829963684
full,whole_parcel,PHYSICS,rDO,R,physics_stability,phys,0.05236462503671646
full,whole_parcel,PHYSICS,rDO,R,physics_temperature,phys,0.04027244821190834
full,whole_parcel,PHYSICS,rDO,R,agent,ToM,-0.021337082609534264
full,whole_parcel,PHYSICS,rDO,R,social_interactions,ToM,-0.08353747427463531
full,whole_parcel,PHYSICS,rDO,R,social_relations,ToM,-0.04280495643615723
full,whole_parcel,PHYSICS,rDO,R,desires_goals,ToM,-0.03448956459760666
full,whole_parcel,PHYSICS,rDO,R,primary_emotions,ToM,-0.026053020730614662
full,whole_parcel,PHYSICS,rDO,R,secondary_emotions,ToM,-0.04436081647872925
full,whole_parcel,PHYSICS,rDO,R,emotion_fewshot,ToM,-0.06636448204517365
full,whole_parcel,PHYSICS,rDO,R,norm_appropriate,ToM,-0.03556687757372856
full,whole_parcel,PHYSICS,rDO,R,norm_moral,ToM,-0.09331642091274261
full,whole_parcel,PHYSICS,rIPL,R,anaphor_gender_agreement,Lan,0.06469523161649704
full,whole_parcel,PHYSICS,rIPL,R,det_noun_agreement_irregular,Lan,0.05188019946217537
full,whole_parcel,PHYSICS,rIPL,R,det_noun_agreement_regular,Lan,0.051308467984199524
full,whole_parcel,PHYSICS,rIPL,R,det_noun_agreement_with_adjective,Lan,0.04208384081721306
full,whole_parcel,PHYSICS,rIPL,R,subject_verb_agreement,Lan,0.08139012008905411
full,whole_parcel,PHYSICS,rIPL,R,npi,Lan,0.03544972091913223
full,whole_parcel,PHYSICS,rIPL,R,hypernymy,Lan,0.062496062368154526
full,whole_parcel,PHYSICS,rIPL,R,wug,Lan,0.024717606604099274
full,whole_parcel,PHYSICS,rIPL,R,logic_syllogism_1,MD,-0.028104333207011223
full,whole_parcel,PHYSICS,rIPL,R,logic_syllogism_symbolic,MD,-0.001839444157667458
full,whole_parcel,PHYSICS,rIPL,R,logic_propositional_1,MD,0.00010132568422704935
full,whole_parcel,PHYSICS,rIPL,R,logic_propositional_symbolic,MD,0.0035292834509164095
full,whole_parcel,PHYSICS,rIPL,R,number_sequence,MD,0.04552587494254112
full,whole_parcel,PHYSICS,rIPL,R,add_sub_2op_verbal,MD,0.06309349834918976
full,whole_parcel,PHYSICS,rIPL,R,add_sub_2op_symbolic,MD,0.07013827562332153
full,whole_parcel,PHYSICS,rIPL,R,add_sub_3op_verbal,MD,0.07110748440027237
full,whole_parcel,PHYSICS,rIPL,R,add_sub_3op_symbolic,MD,0.058837104588747025
full,whole_parcel,PHYSICS,rIPL,R,mul_div_2op_verbal,MD,0.06253881007432938
full,whole_parcel,PHYSICS,rIPL,R,mul_div_2op_symbolic,MD,0.06549912691116333
full,whole_parcel,PHYSICS,rIPL,R,mul_div_3op_verbal,MD,0.06302187591791153
full,whole_parcel,PHYSICS,rIPL,R,mul_div_3op_symbolic,MD,0.0577218234539032
full,whole_parcel,PHYSICS,rIPL,R,simple_equation,MD,0.020012030377984047
full,whole_parcel,PHYSICS,rIPL,R,number_sorting,MD,0.10709387063980103
full,whole_parcel,PHYSICS,rIPL,R,code_conditional,MD,0.019431034103035927
full,whole_parcel,PHYSICS,rIPL,R,code_loop,MD,0.008177531883120537
full,whole_parcel,PHYSICS,rIPL,R,code_list,MD,0.0066755241714417934
full,whole_parcel,PHYSICS,rIPL,R,code_A,MD,0.01370816957205534
full,whole_parcel,PHYSICS,rIPL,R,code_B,MD,0.010385424830019474
full,whole_parcel,PHYSICS,rIPL,R,phys_newton,phys,0.0378054641187191
full,whole_parcel,PHYSICS,rIPL,R,phys_prost,phys,0.050362423062324524
full,whole_parcel,PHYSICS,rIPL,R,physics_buoyancy,phys,0.07446116954088211
full,whole_parcel,PHYSICS,rIPL,R,physics_brightness,phys,0.08149053901433945
full,whole_parcel,PHYSICS,rIPL,R,physics_elasticity,phys,0.08055268228054047
full,whole_parcel,PHYSICS,rIPL,R,physics_solubility,phys,0.09839218854904175
full,whole_parcel,PHYSICS,rIPL,R,physics_speed,phys,0.07149194180965424
full,whole_parcel,PHYSICS,rIPL,R,physics_stability,phys,0.09533175826072693
full,whole_parcel,PHYSICS,rIPL,R,physics_temperature,phys,0.0469122938811779
full,whole_parcel,PHYSICS,rIPL,R,agent,ToM,0.04563552513718605
full,whole_parcel,PHYSICS,rIPL,R,social_interactions,ToM,0.01839408464729786
full,whole_parcel,PHYSICS,rIPL,R,social_relations,ToM,-0.0019383705221116543
full,whole_parcel,PHYSICS,rIPL,R,desires_goals,ToM,0.008509357459843159
full,whole_parcel,PHYSICS,rIPL,R,primary_emotions,ToM,0.00818337220698595
full,whole_parcel,PHYSICS,rIPL,R,secondary_emotions,ToM,0.007356767076998949
full,whole_parcel,PHYSICS,rIPL,R,emotion_fewshot,ToM,0.029339222237467766
full,whole_parcel,PHYSICS,rIPL,R,norm_appropriate,ToM,0.029833577573299408
full,whole_parcel,PHYSICS,rIPL,R,norm_moral,ToM,0.04310716688632965
full,whole_parcel,PHYSICS,rMPL,R,anaphor_gender_agreement,Lan,0.06577026098966599
full,whole_parcel,PHYSICS,rMPL,R,det_noun_agreement_irregular,Lan,0.0631817951798439
full,whole_parcel,PHYSICS,rMPL,R,det_noun_agreement_regular,Lan,0.06335306912660599
full,whole_parcel,PHYSICS,rMPL,R,det_noun_agreement_with_adjective,Lan,0.05744165554642677
full,whole_parcel,PHYSICS,rMPL,R,subject_verb_agreement,Lan,0.07433713972568512
full,whole_parcel,PHYSICS,rMPL,R,npi,Lan,0.04839097335934639
full,whole_parcel,PHYSICS,rMPL,R,hypernymy,Lan,0.06139076128602028
full,whole_parcel,PHYSICS,rMPL,R,wug,Lan,0.0342441163957119
full,whole_parcel,PHYSICS,rMPL,R,logic_syllogism_1,MD,-0.035982951521873474
full,whole_parcel,PHYSICS,rMPL,R,logic_syllogism_symbolic,MD,-0.00025099064805544913
full,whole_parcel,PHYSICS,rMPL,R,logic_propositional_1,MD,-0.018216509371995926
full,whole_parcel,PHYSICS,rMPL,R,logic_propositional_symbolic,MD,0.014496177434921265
full,whole_parcel,PHYSICS,rMPL,R,number_sequence,MD,0.06029542163014412
full,whole_parcel,PHYSICS,rMPL,R,add_sub_2op_verbal,MD,0.08002420514822006
full,whole_parcel,PHYSICS,rMPL,R,add_sub_2op_symbolic,MD,0.0692947581410408
full,whole_parcel,PHYSICS,rMPL,R,add_sub_3op_verbal,MD,0.09233272820711136
full,whole_parcel,PHYSICS,rMPL,R,add_sub_3op_symbolic,MD,0.0652739629149437
full,whole_parcel,PHYSICS,rMPL,R,mul_div_2op_verbal,MD,0.07532086223363876
full,whole_parcel,PHYSICS,rMPL,R,mul_div_2op_symbolic,MD,0.06782732903957367
full,whole_parcel,PHYSICS,rMPL,R,mul_div_3op_verbal,MD,0.08047947287559509
full,whole_parcel,PHYSICS,rMPL,R,mul_div_3op_symbolic,MD,0.06701144576072693
full,whole_parcel,PHYSICS,rMPL,R,simple_equation,MD,0.03669760748744011
full,whole_parcel,PHYSICS,rMPL,R,number_sorting,MD,0.1279117912054062
full,whole_parcel,PHYSICS,rMPL,R,code_conditional,MD,0.036470551043748856
full,whole_parcel,PHYSICS,rMPL,R,code_loop,MD,0.02603895030915737
full,whole_parcel,PHYSICS,rMPL,R,code_list,MD,0.02555583231151104
full,whole_parcel,PHYSICS,rMPL,R,code_A,MD,0.03256858512759209
full,whole_parcel,PHYSICS,rMPL,R,code_B,MD,0.029160315170884132
full,whole_parcel,PHYSICS,rMPL,R,phys_newton,phys,0.05525089427828789
full,whole_parcel,PHYSICS,rMPL,R,phys_prost,phys,0.06752479821443558
full,whole_parcel,PHYSICS,rMPL,R,physics_buoyancy,phys,0.0866701602935791
full,whole_parcel,PHYSICS,rMPL,R,physics_brightness,phys,0.09062180668115616
full,whole_parcel,PHYSICS,rMPL,R,physics_elasticity,phys,0.08628055453300476
full,whole_parcel,PHYSICS,rMPL,R,physics_solubility,phys,0.10909481346607208
full,whole_parcel,PHYSICS,rMPL,R,physics_speed,phys,0.07501351088285446
full,whole_parcel,PHYSICS,rMPL,R,physics_stability,phys,0.10251988470554352
full,whole_parcel,PHYSICS,rMPL,R,physics_temperature,phys,0.06151248887181282
full,whole_parcel,PHYSICS,rMPL,R,agent,ToM,0.03934166207909584
full,whole_parcel,PHYSICS,rMPL,R,social_interactions,ToM,0.0020677160937339067
full,whole_parcel,PHYSICS,rMPL,R,social_relations,ToM,0.001501396531239152
full,whole_parcel,PHYSICS,rMPL,R,desires_goals,ToM,0.01259115431457758
full,whole_parcel,PHYSICS,rMPL,R,primary_emotions,ToM,0.006525556091219187
full,whole_parcel,PHYSICS,rMPL,R,secondary_emotions,ToM,0.005613560788333416
full,whole_parcel,PHYSICS,rMPL,R,emotion_fewshot,ToM,0.018946494907140732
full,whole_parcel,PHYSICS,rMPL,R,norm_appropriate,ToM,0.026412297040224075
full,whole_parcel,PHYSICS,rMPL,R,norm_moral,ToM,0.027465203776955605
full,whole_parcel,PHYSICS,rSPL,R,anaphor_gender_agreement,Lan,0.04480363428592682
full,whole_parcel,PHYSICS,rSPL,R,det_noun_agreement_irregular,Lan,0.0423629991710186
full,whole_parcel,PHYSICS,rSPL,R,det_noun_agreement_regular,Lan,0.04445366561412811
full,whole_parcel,PHYSICS,rSPL,R,det_noun_agreement_with_adjective,Lan,0.03775305300951004
full,whole_parcel,PHYSICS,rSPL,R,subject_verb_agreement,Lan,0.04623715206980705
full,whole_parcel,PHYSICS,rSPL,R,npi,Lan,0.027335528284311295
full,whole_parcel,PHYSICS,rSPL,R,hypernymy,Lan,0.029469095170497894
full,whole_parcel,PHYSICS,rSPL,R,wug,Lan,-0.026609787717461586
full,whole_parcel,PHYSICS,rSPL,R,logic_syllogism_1,MD,-0.13121740520000458
full,whole_parcel,PHYSICS,rSPL,R,logic_syllogism_symbolic,MD,-0.10292281955480576
full,whole_parcel,PHYSICS,rSPL,R,logic_propositional_1,MD,-0.13180741667747498
full,whole_parcel,PHYSICS,rSPL,R,logic_propositional_symbolic,MD,-0.06307679414749146
full,whole_parcel,PHYSICS,rSPL,R,number_sequence,MD,-0.012473279610276222
full,whole_parcel,PHYSICS,rSPL,R,add_sub_2op_verbal,MD,0.0009169725235551596
full,whole_parcel,PHYSICS,rSPL,R,add_sub_2op_symbolic,MD,0.02280871942639351
full,whole_parcel,PHYSICS,rSPL,R,add_sub_3op_verbal,MD,0.0058501167222857475
full,whole_parcel,PHYSICS,rSPL,R,add_sub_3op_symbolic,MD,-0.006243397947400808
full,whole_parcel,PHYSICS,rSPL,R,mul_div_2op_verbal,MD,-0.0059410384856164455
full,whole_parcel,PHYSICS,rSPL,R,mul_div_2op_symbolic,MD,0.008324367925524712
full,whole_parcel,PHYSICS,rSPL,R,mul_div_3op_verbal,MD,-0.007667199708521366
full,whole_parcel,PHYSICS,rSPL,R,mul_div_3op_symbolic,MD,-0.026850974187254906
full,whole_parcel,PHYSICS,rSPL,R,simple_equation,MD,-0.04837026074528694
full,whole_parcel,PHYSICS,rSPL,R,number_sorting,MD,0.00659371679648757
full,whole_parcel,PHYSICS,rSPL,R,code_conditional,MD,-0.034006375819444656
full,whole_parcel,PHYSICS,rSPL,R,code_loop,MD,-0.06429973989725113
full,whole_parcel,PHYSICS,rSPL,R,code_list,MD,-0.05174127593636513
full,whole_parcel,PHYSICS,rSPL,R,code_A,MD,-0.05283842235803604
full,whole_parcel,PHYSICS,rSPL,R,code_B,MD,-0.04797963425517082
full,whole_parcel,PHYSICS,rSPL,R,phys_newton,phys,0.00766059709712863
full,whole_parcel,PHYSICS,rSPL,R,phys_prost,phys,0.04831482097506523
full,whole_parcel,PHYSICS,rSPL,R,physics_buoyancy,phys,0.05192696675658226
full,whole_parcel,PHYSICS,rSPL,R,physics_brightness,phys,0.06041016802191734
full,whole_parcel,PHYSICS,rSPL,R,physics_elasticity,phys,0.06769035011529922
full,whole_parcel,PHYSICS,rSPL,R,physics_solubility,phys,0.07650191336870193
full,whole_parcel,PHYSICS,rSPL,R,physics_speed,phys,0.04197193682193756
full,whole_parcel,PHYSICS,rSPL,R,physics_stability,phys,0.07164312899112701
full,whole_parcel,PHYSICS,rSPL,R,physics_temperature,phys,0.02940382808446884
full,whole_parcel,PHYSICS,rSPL,R,agent,ToM,0.010051742196083069
full,whole_parcel,PHYSICS,rSPL,R,social_interactions,ToM,-0.03106600046157837
full,whole_parcel,PHYSICS,rSPL,R,social_relations,ToM,-0.03444183990359306
full,whole_parcel,PHYSICS,rSPL,R,desires_goals,ToM,-0.021636994555592537
full,whole_parcel,PHYSICS,rSPL,R,primary_emotions,ToM,-0.004786266945302486
full,whole_parcel,PHYSICS,rSPL,R,secondary_emotions,ToM,-0.020047888159751892
full,whole_parcel,PHYSICS,rSPL,R,emotion_fewshot,ToM,-0.04080665484070778
full,whole_parcel,PHYSICS,rSPL,R,norm_appropriate,ToM,-0.005067312624305487
full,whole_parcel,PHYSICS,rSPL,R,norm_moral,ToM,-0.03303791582584381
full_tail,whole_parcel,LANGUAGE_noAngG,LH_IFGorb,L,anaphor_gender_agreement,Lan,0.09521232545375824
full_tail,whole_parcel,LANGUAGE_noAngG,LH_IFGorb,L,det_noun_agreement_irregular,Lan,0.11458397656679153
full_tail,whole_parcel,LANGUAGE_noAngG,LH_IFGorb,L,det_noun_agreement_regular,Lan,0.11238379031419754
full_tail,whole_parcel,LANGUAGE_noAngG,LH_IFGorb,L,det_noun_agreement_with_adjective,Lan,0.13170529901981354
full_tail,whole_parcel,LANGUAGE_noAngG,LH_IFGorb,L,subject_verb_agreement,Lan,0.07585399597883224
full_tail,whole_parcel,LANGUAGE_noAngG,LH_IFGorb,L,npi,Lan,0.1654190868139267
full_tail,whole_parcel,LANGUAGE_noAngG,LH_IFGorb,L,hypernymy,Lan,0.06823687255382538
full_tail,whole_parcel,LANGUAGE_noAngG,LH_IFGorb,L,wug,Lan,0.15887370705604553
full_tail,whole_parcel,LANGUAGE_noAngG,LH_IFGorb,L,logic_syllogism_1,MD,0.24969224631786346
full_tail,whole_parcel,LANGUAGE_noAngG,LH_IFGorb,L,logic_syllogism_symbolic,MD,0.1939598172903061
full_tail,whole_parcel,LANGUAGE_noAngG,LH_IFGorb,L,logic_propositional_1,MD,0.2720027565956116
full_tail,whole_parcel,LANGUAGE_noAngG,LH_IFGorb,L,logic_propositional_symbolic,MD,0.2324809432029724
full_tail,whole_parcel,LANGUAGE_noAngG,LH_IFGorb,L,number_sequence,MD,0.15028855204582214
full_tail,whole_parcel,LANGUAGE_noAngG,LH_IFGorb,L,add_sub_2op_verbal,MD,0.17023292183876038
full_tail,whole_parcel,LANGUAGE_noAngG,LH_IFGorb,L,add_sub_2op_symbolic,MD,0.09944964200258255
full_tail,whole_parcel,LANGUAGE_noAngG,LH_IFGorb,L,add_sub_3op_verbal,MD,0.17556187510490417
full_tail,whole_parcel,LANGUAGE_noAngG,LH_IFGorb,L,add_sub_3op_symbolic,MD,0.13044458627700806
full_tail,whole_parcel,LANGUAGE_noAngG,LH_IFGorb,L,mul_div_2op_verbal,MD,0.1495954543352127
full_tail,whole_parcel,LANGUAGE_noAngG,LH_IFGorb,L,mul_div_2op_symbolic,MD,0.10041479021310806
full_tail,whole_parcel,LANGUAGE_noAngG,LH_IFGorb,L,mul_div_3op_verbal,MD,0.16605135798454285
full_tail,whole_parcel,LANGUAGE_noAngG,LH_IFGorb,L,mul_div_3op_symbolic,MD,0.1337936669588089
full_tail,whole_parcel,LANGUAGE_noAngG,LH_IFGorb,L,simple_equation,MD,0.17125166952610016
full_tail,whole_parcel,LANGUAGE_noAngG,LH_IFGorb,L,number_sorting,MD,0.3446670472621918
full_tail,whole_parcel,LANGUAGE_noAngG,LH_IFGorb,L,code_conditional,MD,0.2607155442237854
full_tail,whole_parcel,LANGUAGE_noAngG,LH_IFGorb,L,code_loop,MD,0.2541888654232025
full_tail,whole_parcel,LANGUAGE_noAngG,LH_IFGorb,L,code_list,MD,0.25497522950172424
full_tail,whole_parcel,LANGUAGE_noAngG,LH_IFGorb,L,code_A,MD,0.2586013972759247
full_tail,whole_parcel,LANGUAGE_noAngG,LH_IFGorb,L,code_B,MD,0.25916001200675964
full_tail,whole_parcel,LANGUAGE_noAngG,LH_IFGorb,L,phys_newton,phys,0.1840200573205948
full_tail,whole_parcel,LANGUAGE_noAngG,LH_IFGorb,L,phys_prost,phys,0.1785193383693695
full_tail,whole_parcel,LANGUAGE_noAngG,LH_IFGorb,L,physics_buoyancy,phys,0.15951748192310333
full_tail,whole_parcel,LANGUAGE_noAngG,LH_IFGorb,L,physics_brightness,phys,0.11749400943517685
full_tail,whole_parcel,LANGUAGE_noAngG,LH_IFGorb,L,physics_elasticity,phys,0.13001513481140137
full_tail,whole_parcel,LANGUAGE_noAngG,LH_IFGorb,L,physics_solubility,phys,0.10629533976316452
full_tail,whole_parcel,LANGUAGE_noAngG,LH_IFGorb,L,physics_speed,phys,0.11386760324239731
full_tail,whole_parcel,LANGUAGE_noAngG,LH_IFGorb,L,physics_stability,phys,0.12267186492681503
full_tail,whole_parcel,LANGUAGE_noAngG,LH_IFGorb,L,physics_temperature,phys,0.1325681358575821
full_tail,whole_parcel,LANGUAGE_noAngG,LH_IFGorb,L,agent,ToM,0.2202455997467041
full_tail,whole_parcel,LANGUAGE_noAngG,LH_IFGorb,L,social_interactions,ToM,0.21039731800556183
full_tail,whole_parcel,LANGUAGE_noAngG,LH_IFGorb,L,social_relations,ToM,0.2542370557785034
full_tail,whole_parcel,LANGUAGE_noAngG,LH_IFGorb,L,desires_goals,ToM,0.172773540019989
full_tail,whole_parcel,LANGUAGE_noAngG,LH_IFGorb,L,primary_emotions,ToM,0.15808969736099243
full_tail,whole_parcel,LANGUAGE_noAngG,LH_IFGorb,L,secondary_emotions,ToM,0.15134583413600922
full_tail,whole_parcel,LANGUAGE_noAngG,LH_IFGorb,L,emotion_fewshot,ToM,0.17414118349552155
full_tail,whole_parcel,LANGUAGE_noAngG,LH_IFGorb,L,norm_appropriate,ToM,0.2302468717098236
full_tail,whole_parcel,LANGUAGE_noAngG,LH_IFGorb,L,norm_moral,ToM,0.2576690912246704
full_tail,whole_parcel,LANGUAGE_noAngG,LH_IFG,L,anaphor_gender_agreement,Lan,0.12061449140310287
full_tail,whole_parcel,LANGUAGE_noAngG,LH_IFG,L,det_noun_agreement_irregular,Lan,0.14884844422340393
full_tail,whole_parcel,LANGUAGE_noAngG,LH_IFG,L,det_noun_agreement_regular,Lan,0.14819903671741486
full_tail,whole_parcel,LANGUAGE_noAngG,LH_IFG,L,det_noun_agreement_with_adjective,Lan,0.17543254792690277
full_tail,whole_parcel,LANGUAGE_noAngG,LH_IFG,L,subject_verb_agreement,Lan,0.10004885494709015
full_tail,whole_parcel,LANGUAGE_noAngG,LH_IFG,L,npi,Lan,0.20605626702308655
full_tail,whole_parcel,LANGUAGE_noAngG,LH_IFG,L,hypernymy,Lan,0.09936633706092834
full_tail,whole_parcel,LANGUAGE_noAngG,LH_IFG,L,wug,Lan,0.22307920455932617
full_tail,whole_parcel,LANGUAGE_noAngG,LH_IFG,L,logic_syllogism_1,MD,0.2860233187675476
full_tail,whole_parcel,LANGUAGE_noAngG,LH_IFG,L,logic_syllogism_symbolic,MD,0.22905319929122925
full_tail,whole_parcel,LANGUAGE_noAngG,LH_IFG,L,logic_propositional_1,MD,0.3149532377719879
full_tail,whole_parcel,LANGUAGE_noAngG,LH_IFG,L,logic_propositional_symbolic,MD,0.27465835213661194
full_tail,whole_parcel,LANGUAGE_noAngG,LH_IFG,L,number_sequence,MD,0.2031676322221756
full_tail,whole_parcel,LANGUAGE_noAngG,LH_IFG,L,add_sub_2op_verbal,MD,0.27069759368896484
full_tail,whole_parcel,LANGUAGE_noAngG,LH_IFG,L,add_sub_2op_symbolic,MD,0.1295311450958252
full_tail,whole_parcel,LANGUAGE_noAngG,LH_IFG,L,add_sub_3op_verbal,MD,0.2855065166950226
full_tail,whole_parcel,LANGUAGE_noAngG,LH_IFG,L,add_sub_3op_symbolic,MD,0.17705188691616058
full_tail,whole_parcel,LANGUAGE_noAngG,LH_IFG,L,mul_div_2op_verbal,MD,0.23273774981498718
full_tail,whole_parcel,LANGUAGE_noAngG,LH_IFG,L,mul_div_2op_symbolic,MD,0.1360073834657669
full_tail,whole_parcel,LANGUAGE_noAngG,LH_IFG,L,mul_div_3op_verbal,MD,0.2620003819465637
full_tail,whole_parcel,LANGUAGE_noAngG,LH_IFG,L,mul_div_3op_symbolic,MD,0.19095797836780548
full_tail,whole_parcel,LANGUAGE_noAngG,LH_IFG,L,simple_equation,MD,0.23103389143943787
full_tail,whole_parcel,LANGUAGE_noAngG,LH_IFG,L,number_sorting,MD,0.43960240483283997
full_tail,whole_parcel,LANGUAGE_noAngG,LH_IFG,L,code_conditional,MD,0.31599757075309753
full_tail,whole_parcel,LANGUAGE_noAngG,LH_IFG,L,code_loop,MD,0.3179512917995453
full_tail,whole_parcel,LANGUAGE_noAngG,LH_IFG,L,code_list,MD,0.31958985328674316
full_tail,whole_parcel,LANGUAGE_noAngG,LH_IFG,L,code_A,MD,0.3234163224697113
full_tail,whole_parcel,LANGUAGE_noAngG,LH_IFG,L,code_B,MD,0.32604414224624634
full_tail,whole_parcel,LANGUAGE_noAngG,LH_IFG,L,phys_newton,phys,0.2628410756587982
full_tail,whole_parcel,LANGUAGE_noAngG,LH_IFG,L,phys_prost,phys,0.25794875621795654
full_tail,whole_parcel,LANGUAGE_noAngG,LH_IFG,L,physics_buoyancy,phys,0.27355918288230896
full_tail,whole_parcel,LANGUAGE_noAngG,LH_IFG,L,physics_brightness,phys,0.23520950973033905
full_tail,whole_parcel,LANGUAGE_noAngG,LH_IFG,L,physics_elasticity,phys,0.2342289388179779
full_tail,whole_parcel,LANGUAGE_noAngG,LH_IFG,L,physics_solubility,phys,0.22286535799503326
full_tail,whole_parcel,LANGUAGE_noAngG,LH_IFG,L,physics_speed,phys,0.21899348497390747
full_tail,whole_parcel,LANGUAGE_noAngG,LH_IFG,L,physics_stability,phys,0.2335406243801117
full_tail,whole_parcel,LANGUAGE_noAngG,LH_IFG,L,physics_temperature,phys,0.23662765324115753
full_tail,whole_parcel,LANGUAGE_noAngG,LH_IFG,L,agent,ToM,0.2579190731048584
full_tail,whole_parcel,LANGUAGE_noAngG,LH_IFG,L,social_interactions,ToM,0.23285819590091705
full_tail,whole_parcel,LANGUAGE_noAngG,LH_IFG,L,social_relations,ToM,0.29922062158584595
full_tail,whole_parcel,LANGUAGE_noAngG,LH_IFG,L,desires_goals,ToM,0.20251670479774475
full_tail,whole_parcel,LANGUAGE_noAngG,LH_IFG,L,primary_emotions,ToM,0.1789689064025879
full_tail,whole_parcel,LANGUAGE_noAngG,LH_IFG,L,secondary_emotions,ToM,0.1713499277830124
full_tail,whole_parcel,LANGUAGE_noAngG,LH_IFG,L,emotion_fewshot,ToM,0.2221018224954605
full_tail,whole_parcel,LANGUAGE_noAngG,LH_IFG,L,norm_appropriate,ToM,0.27505776286125183
full_tail,whole_parcel,LANGUAGE_noAngG,LH_IFG,L,norm_moral,ToM,0.28625136613845825
full_tail,whole_parcel,LANGUAGE_noAngG,LH_MFG,L,anaphor_gender_agreement,Lan,0.13847874104976654
full_tail,whole_parcel,LANGUAGE_noAngG,LH_MFG,L,det_noun_agreement_irregular,Lan,0.15458285808563232
full_tail,whole_parcel,LANGUAGE_noAngG,LH_MFG,L,det_noun_agreement_regular,Lan,0.1538085788488388
full_tail,whole_parcel,LANGUAGE_noAngG,LH_MFG,L,det_noun_agreement_with_adjective,Lan,0.16915148496627808
full_tail,whole_parcel,LANGUAGE_noAngG,LH_MFG,L,subject_verb_agreement,Lan,0.11853613704442978
full_tail,whole_parcel,LANGUAGE_noAngG,LH_MFG,L,npi,Lan,0.1830672025680542
full_tail,whole_parcel,LANGUAGE_noAngG,LH_MFG,L,hypernymy,Lan,0.1127404198050499
full_tail,whole_parcel,LANGUAGE_noAngG,LH_MFG,L,wug,Lan,0.17230857908725739
full_tail,whole_parcel,LANGUAGE_noAngG,LH_MFG,L,logic_syllogism_1,MD,0.168426051735878
full_tail,whole_parcel,LANGUAGE_noAngG,LH_MFG,L,logic_syllogism_symbolic,MD,0.1553385704755783
full_tail,whole_parcel,LANGUAGE_noAngG,LH_MFG,L,logic_propositional_1,MD,0.20807816088199615
full_tail,whole_parcel,LANGUAGE_noAngG,LH_MFG,L,logic_propositional_symbolic,MD,0.206356018781662
full_tail,whole_parcel,LANGUAGE_noAngG,LH_MFG,L,number_sequence,MD,0.16133025288581848
full_tail,whole_parcel,LANGUAGE_noAngG,LH_MFG,L,add_sub_2op_verbal,MD,0.20222365856170654
full_tail,whole_parcel,LANGUAGE_noAngG,LH_MFG,L,add_sub_2op_symbolic,MD,0.12755870819091797
full_tail,whole_parcel,LANGUAGE_noAngG,LH_MFG,L,add_sub_3op_verbal,MD,0.21134085953235626
full_tail,whole_parcel,LANGUAGE_noAngG,LH_MFG,L,add_sub_3op_symbolic,MD,0.14456909894943237
full_tail,whole_parcel,LANGUAGE_noAngG,LH_MFG,L,mul_div_2op_verbal,MD,0.1802295744419098
full_tail,whole_parcel,LANGUAGE_noAngG,LH_MFG,L,mul_div_2op_symbolic,MD,0.12829819321632385
full_tail,whole_parcel,LANGUAGE_noAngG,LH_MFG,L,mul_div_3op_verbal,MD,0.1996202915906906
full_tail,whole_parcel,LANGUAGE_noAngG,LH_MFG,L,mul_div_3op_symbolic,MD,0.1464058756828308
full_tail,whole_parcel,LANGUAGE_noAngG,LH_MFG,L,simple_equation,MD,0.16259197890758514
full_tail,whole_parcel,LANGUAGE_noAngG,LH_MFG,L,number_sorting,MD,0.33205026388168335
full_tail,whole_parcel,LANGUAGE_noAngG,LH_MFG,L,code_conditional,MD,0.24679267406463623
full_tail,whole_parcel,LANGUAGE_noAngG,LH_MFG,L,code_loop,MD,0.2303495705127716
full_tail,whole_parcel,LANGUAGE_noAngG,LH_MFG,L,code_list,MD,0.23706498742103577
full_tail,whole_parcel,LANGUAGE_noAngG,LH_MFG,L,code_A,MD,0.24214857816696167
full_tail,whole_parcel,LANGUAGE_noAngG,LH_MFG,L,code_B,MD,0.2421564757823944
full_tail,whole_parcel,LANGUAGE_noAngG,LH_MFG,L,phys_newton,phys,0.2109271138906479
full_tail,whole_parcel,LANGUAGE_noAngG,LH_MFG,L,phys_prost,phys,0.2229612022638321
full_tail,whole_parcel,LANGUAGE_noAngG,LH_MFG,L,physics_buoyancy,phys,0.24055704474449158
full_tail,whole_parcel,LANGUAGE_noAngG,LH_MFG,L,physics_brightness,phys,0.20871342718601227
full_tail,whole_parcel,LANGUAGE_noAngG,LH_MFG,L,physics_elasticity,phys,0.22342732548713684
full_tail,whole_parcel,LANGUAGE_noAngG,LH_MFG,L,physics_solubility,phys,0.21505847573280334
full_tail,whole_parcel,LANGUAGE_noAngG,LH_MFG,L,physics_speed,phys,0.20644743740558624
full_tail,whole_parcel,LANGUAGE_noAngG,LH_MFG,L,physics_stability,phys,0.2249525487422943
full_tail,whole_parcel,LANGUAGE_noAngG,LH_MFG,L,physics_temperature,phys,0.20592737197875977
full_tail,whole_parcel,LANGUAGE_noAngG,LH_MFG,L,agent,ToM,0.22895772755146027
full_tail,whole_parcel,LANGUAGE_noAngG,LH_MFG,L,social_interactions,ToM,0.19319172203540802
full_tail,whole_parcel,LANGUAGE_noAngG,LH_MFG,L,social_relations,ToM,0.2287820726633072
full_tail,whole_parcel,LANGUAGE_noAngG,LH_MFG,L,desires_goals,ToM,0.16160918772220612
full_tail,whole_parcel,LANGUAGE_noAngG,LH_MFG,L,primary_emotions,ToM,0.1577502340078354
full_tail,whole_parcel,LANGUAGE_noAngG,LH_MFG,L,secondary_emotions,ToM,0.1476941555738449
full_tail,whole_parcel,LANGUAGE_noAngG,LH_MFG,L,emotion_fewshot,ToM,0.1764875203371048
full_tail,whole_parcel,LANGUAGE_noAngG,LH_MFG,L,norm_appropriate,ToM,0.22760486602783203
full_tail,whole_parcel,LANGUAGE_noAngG,LH_MFG,L,norm_moral,ToM,0.21957603096961975
full_tail,whole_parcel,LANGUAGE_noAngG,LH_AntTemp,L,anaphor_gender_agreement,Lan,0.07151471078395844
full_tail,whole_parcel,LANGUAGE_noAngG,LH_AntTemp,L,det_noun_agreement_irregular,Lan,0.10172700881958008
full_tail,whole_parcel,LANGUAGE_noAngG,LH_AntTemp,L,det_noun_agreement_regular,Lan,0.10314610600471497
full_tail,whole_parcel,LANGUAGE_noAngG,LH_AntTemp,L,det_noun_agreement_with_adjective,Lan,0.13094545900821686
full_tail,whole_parcel,LANGUAGE_noAngG,LH_AntTemp,L,subject_verb_agreement,Lan,0.04280999302864075
full_tail,whole_parcel,LANGUAGE_noAngG,LH_AntTemp,L,npi,Lan,0.18790681660175323
full_tail,whole_parcel,LANGUAGE_noAngG,LH_AntTemp,L,hypernymy,Lan,0.04133449122309685
full_tail,whole_parcel,LANGUAGE_noAngG,LH_AntTemp,L,wug,Lan,0.13442465662956238
full_tail,whole_parcel,LANGUAGE_noAngG,LH_AntTemp,L,logic_syllogism_1,MD,0.21460281312465668
full_tail,whole_parcel,LANGUAGE_noAngG,LH_AntTemp,L,logic_syllogism_symbolic,MD,0.12128619104623795
full_tail,whole_parcel,LANGUAGE_noAngG,LH_AntTemp,L,logic_propositional_1,MD,0.19682255387306213
full_tail,whole_parcel,LANGUAGE_noAngG,LH_AntTemp,L,logic_propositional_symbolic,MD,0.16792207956314087
full_tail,whole_parcel,LANGUAGE_noAngG,LH_AntTemp,L,number_sequence,MD,0.05700527876615524
full_tail,whole_parcel,LANGUAGE_noAngG,LH_AntTemp,L,add_sub_2op_verbal,MD,0.0633070170879364
full_tail,whole_parcel,LANGUAGE_noAngG,LH_AntTemp,L,add_sub_2op_symbolic,MD,0.03693966194987297
full_tail,whole_parcel,LANGUAGE_noAngG,LH_AntTemp,L,add_sub_3op_verbal,MD,0.05408267676830292
full_tail,whole_parcel,LANGUAGE_noAngG,LH_AntTemp,L,add_sub_3op_symbolic,MD,0.050824444741010666
full_tail,whole_parcel,LANGUAGE_noAngG,LH_AntTemp,L,mul_div_2op_verbal,MD,0.05325544998049736
full_tail,whole_parcel,LANGUAGE_noAngG,LH_AntTemp,L,mul_div_2op_symbolic,MD,0.02470950223505497
full_tail,whole_parcel,LANGUAGE_noAngG,LH_AntTemp,L,mul_div_3op_verbal,MD,0.05275113880634308
full_tail,whole_parcel,LANGUAGE_noAngG,LH_AntTemp,L,mul_div_3op_symbolic,MD,0.034817349165678024
full_tail,whole_parcel,LANGUAGE_noAngG,LH_AntTemp,L,simple_equation,MD,0.0823512002825737
full_tail,whole_parcel,LANGUAGE_noAngG,LH_AntTemp,L,number_sorting,MD,0.25543826818466187
full_tail,whole_parcel,LANGUAGE_noAngG,LH_AntTemp,L,code_conditional,MD,0.2132280468940735
full_tail,whole_parcel,LANGUAGE_noAngG,LH_AntTemp,L,code_loop,MD,0.19307199120521545
full_tail,whole_parcel,LANGUAGE_noAngG,LH_AntTemp,L,code_list,MD,0.2168012112379074
full_tail,whole_parcel,LANGUAGE_noAngG,LH_AntTemp,L,code_A,MD,0.20147451758384705
full_tail,whole_parcel,LANGUAGE_noAngG,LH_AntTemp,L,code_B,MD,0.21529065072536469
full_tail,whole_parcel,LANGUAGE_noAngG,LH_AntTemp,L,phys_newton,phys,0.17935676872730255
full_tail,whole_parcel,LANGUAGE_noAngG,LH_AntTemp,L,phys_prost,phys,0.16821159422397614
full_tail,whole_parcel,LANGUAGE_noAngG,LH_AntTemp,L,physics_buoyancy,phys,0.1913498193025589
full_tail,whole_parcel,LANGUAGE_noAngG,LH_AntTemp,L,physics_brightness,phys,0.14394930005073547
full_tail,whole_parcel,LANGUAGE_noAngG,LH_AntTemp,L,physics_elasticity,phys,0.1725827008485794
full_tail,whole_parcel,LANGUAGE_noAngG,LH_AntTemp,L,physics_solubility,phys,0.1283828467130661
full_tail,whole_parcel,LANGUAGE_noAngG,LH_AntTemp,L,physics_speed,phys,0.1471274197101593
full_tail,whole_parcel,LANGUAGE_noAngG,LH_AntTemp,L,physics_stability,phys,0.1608535349369049
full_tail,whole_parcel,LANGUAGE_noAngG,LH_AntTemp,L,physics_temperature,phys,0.19989599287509918
full_tail,whole_parcel,LANGUAGE_noAngG,LH_AntTemp,L,agent,ToM,0.22532089054584503
full_tail,whole_parcel,LANGUAGE_noAngG,LH_AntTemp,L,social_interactions,ToM,0.20263774693012238
full_tail,whole_parcel,LANGUAGE_noAngG,LH_AntTemp,L,social_relations,ToM,0.30457064509391785
full_tail,whole_parcel,LANGUAGE_noAngG,LH_AntTemp,L,desires_goals,ToM,0.19482117891311646
full_tail,whole_parcel,LANGUAGE_noAngG,LH_AntTemp,L,primary_emotions,ToM,0.16863422095775604
full_tail,whole_parcel,LANGUAGE_noAngG,LH_AntTemp,L,secondary_emotions,ToM,0.14945991337299347
full_tail,whole_parcel,LANGUAGE_noAngG,LH_AntTemp,L,emotion_fewshot,ToM,0.1868155300617218
full_tail,whole_parcel,LANGUAGE_noAngG,LH_AntTemp,L,norm_appropriate,ToM,0.2620373070240021
full_tail,whole_parcel,LANGUAGE_noAngG,LH_AntTemp,L,norm_moral,ToM,0.24113984405994415
full_tail,whole_parcel,LANGUAGE_noAngG,LH_PostTemp,L,anaphor_gender_agreement,Lan,0.147279754281044
full_tail,whole_parcel,LANGUAGE_noAngG,LH_PostTemp,L,det_noun_agreement_irregular,Lan,0.17814266681671143
full_tail,whole_parcel,LANGUAGE_noAngG,LH_PostTemp,L,det_noun_agreement_regular,Lan,0.17806582152843475
full_tail,whole_parcel,LANGUAGE_noAngG,LH_PostTemp,L,det_noun_agreement_with_adjective,Lan,0.20963861048221588
full_tail,whole_parcel,LANGUAGE_noAngG,LH_PostTemp,L,subject_verb_agreement,Lan,0.11428836733102798
full_tail,whole_parcel,LANGUAGE_noAngG,LH_PostTemp,L,npi,Lan,0.259413480758667
full_tail,whole_parcel,LANGUAGE_noAngG,LH_PostTemp,L,hypernymy,Lan,0.10322418063879013
full_tail,whole_parcel,LANGUAGE_noAngG,LH_PostTemp,L,wug,Lan,0.22360393404960632
full_tail,whole_parcel,LANGUAGE_noAngG,LH_PostTemp,L,logic_syllogism_1,MD,0.2910973131656647
full_tail,whole_parcel,LANGUAGE_noAngG,LH_PostTemp,L,logic_syllogism_symbolic,MD,0.21802745759487152
full_tail,whole_parcel,LANGUAGE_noAngG,LH_PostTemp,L,logic_propositional_1,MD,0.2983414828777313
full_tail,whole_parcel,LANGUAGE_noAngG,LH_PostTemp,L,logic_propositional_symbolic,MD,0.2888866662979126
full_tail,whole_parcel,LANGUAGE_noAngG,LH_PostTemp,L,number_sequence,MD,0.17581090331077576
full_tail,whole_parcel,LANGUAGE_noAngG,LH_PostTemp,L,add_sub_2op_verbal,MD,0.2089158296585083
full_tail,whole_parcel,LANGUAGE_noAngG,LH_PostTemp,L,add_sub_2op_symbolic,MD,0.12256959825754166
full_tail,whole_parcel,LANGUAGE_noAngG,LH_PostTemp,L,add_sub_3op_verbal,MD,0.21239995956420898
full_tail,whole_parcel,LANGUAGE_noAngG,LH_PostTemp,L,add_sub_3op_symbolic,MD,0.1529550552368164
full_tail,whole_parcel,LANGUAGE_noAngG,LH_PostTemp,L,mul_div_2op_verbal,MD,0.18312406539916992
full_tail,whole_parcel,LANGUAGE_noAngG,LH_PostTemp,L,mul_div_2op_symbolic,MD,0.11753091216087341
full_tail,whole_parcel,LANGUAGE_noAngG,LH_PostTemp,L,mul_div_3op_verbal,MD,0.2014690488576889
full_tail,whole_parcel,LANGUAGE_noAngG,LH_PostTemp,L,mul_div_3op_symbolic,MD,0.14788693189620972
full_tail,whole_parcel,LANGUAGE_noAngG,LH_PostTemp,L,simple_equation,MD,0.19515347480773926
full_tail,whole_parcel,LANGUAGE_noAngG,LH_PostTemp,L,number_sorting,MD,0.42449137568473816
full_tail,whole_parcel,LANGUAGE_noAngG,LH_PostTemp,L,code_conditional,MD,0.3465677797794342
full_tail,whole_parcel,LANGUAGE_noAngG,LH_PostTemp,L,code_loop,MD,0.32320940494537354
full_tail,whole_parcel,LANGUAGE_noAngG,LH_PostTemp,L,code_list,MD,0.33860838413238525
full_tail,whole_parcel,LANGUAGE_noAngG,LH_PostTemp,L,code_A,MD,0.33791911602020264
full_tail,whole_parcel,LANGUAGE_noAngG,LH_PostTemp,L,code_B,MD,0.34103497862815857
full_tail,whole_parcel,LANGUAGE_noAngG,LH_PostTemp,L,phys_newton,phys,0.2877725064754486
full_tail,whole_parcel,LANGUAGE_noAngG,LH_PostTemp,L,phys_prost,phys,0.2856071889400482
full_tail,whole_parcel,LANGUAGE_noAngG,LH_PostTemp,L,physics_buoyancy,phys,0.285136342048645
full_tail,whole_parcel,LANGUAGE_noAngG,LH_PostTemp,L,physics_brightness,phys,0.22591650485992432
full_tail,whole_parcel,LANGUAGE_noAngG,LH_PostTemp,L,physics_elasticity,phys,0.2589460611343384
full_tail,whole_parcel,LANGUAGE_noAngG,LH_PostTemp,L,physics_solubility,phys,0.2114681601524353
full_tail,whole_parcel,LANGUAGE_noAngG,LH_PostTemp,L,physics_speed,phys,0.2317272424697876
full_tail,whole_parcel,LANGUAGE_noAngG,LH_PostTemp,L,physics_stability,phys,0.250571072101593
full_tail,whole_parcel,LANGUAGE_noAngG,LH_PostTemp,L,physics_temperature,phys,0.2612495720386505
full_tail,whole_parcel,LANGUAGE_noAngG,LH_PostTemp,L,agent,ToM,0.3151834309101105
full_tail,whole_parcel,LANGUAGE_noAngG,LH_PostTemp,L,social_interactions,ToM,0.2883838415145874
full_tail,whole_parcel,LANGUAGE_noAngG,LH_PostTemp,L,social_relations,ToM,0.36963656544685364
full_tail,whole_parcel,LANGUAGE_noAngG,LH_PostTemp,L,desires_goals,ToM,0.2546725273132324
full_tail,whole_parcel,LANGUAGE_noAngG,LH_PostTemp,L,primary_emotions,ToM,0.23785145580768585
full_tail,whole_parcel,LANGUAGE_noAngG,LH_PostTemp,L,secondary_emotions,ToM,0.21898376941680908
full_tail,whole_parcel,LANGUAGE_noAngG,LH_PostTemp,L,emotion_fewshot,ToM,0.2447129637002945
full_tail,whole_parcel,LANGUAGE_noAngG,LH_PostTemp,L,norm_appropriate,ToM,0.33677229285240173
full_tail,whole_parcel,LANGUAGE_noAngG,LH_PostTemp,L,norm_moral,ToM,0.32688575983047485
full_tail,whole_parcel,LANGUAGE_noAngG,RH_IFGorb,R,anaphor_gender_agreement,Lan,0.10368181765079498
full_tail,whole_parcel,LANGUAGE_noAngG,RH_IFGorb,R,det_noun_agreement_irregular,Lan,0.11120755225419998
full_tail,whole_parcel,LANGUAGE_noAngG,RH_IFGorb,R,det_noun_agreement_regular,Lan,0.11001858860254288
full_tail,whole_parcel,LANGUAGE_noAngG,RH_IFGorb,R,det_noun_agreement_with_adjective,Lan,0.11884616315364838
full_tail,whole_parcel,LANGUAGE_noAngG,RH_IFGorb,R,subject_verb_agreement,Lan,0.09269888699054718
full_tail,whole_parcel,LANGUAGE_noAngG,RH_IFGorb,R,npi,Lan,0.13502857089042664
full_tail,whole_parcel,LANGUAGE_noAngG,RH_IFGorb,R,hypernymy,Lan,0.07395700365304947
full_tail,whole_parcel,LANGUAGE_noAngG,RH_IFGorb,R,wug,Lan,0.11807128041982651
full_tail,whole_parcel,LANGUAGE_noAngG,RH_IFGorb,R,logic_syllogism_1,MD,0.15555520355701447
full_tail,whole_parcel,LANGUAGE_noAngG,RH_IFGorb,R,logic_syllogism_symbolic,MD,0.14132116734981537
full_tail,whole_parcel,LANGUAGE_noAngG,RH_IFGorb,R,logic_propositional_1,MD,0.1761409044265747
full_tail,whole_parcel,LANGUAGE_noAngG,RH_IFGorb,R,logic_propositional_symbolic,MD,0.20084898173809052
full_tail,whole_parcel,LANGUAGE_noAngG,RH_IFGorb,R,number_sequence,MD,0.14896610379219055
full_tail,whole_parcel,LANGUAGE_noAngG,RH_IFGorb,R,add_sub_2op_verbal,MD,0.15331444144248962
full_tail,whole_parcel,LANGUAGE_noAngG,RH_IFGorb,R,add_sub_2op_symbolic,MD,0.10674729198217392
full_tail,whole_parcel,LANGUAGE_noAngG,RH_IFGorb,R,add_sub_3op_verbal,MD,0.15968139469623566
full_tail,whole_parcel,LANGUAGE_noAngG,RH_IFGorb,R,add_sub_3op_symbolic,MD,0.1226005032658577
full_tail,whole_parcel,LANGUAGE_noAngG,RH_IFGorb,R,mul_div_2op_verbal,MD,0.13495050370693207
full_tail,whole_parcel,LANGUAGE_noAngG,RH_IFGorb,R,mul_div_2op_symbolic,MD,0.10208475589752197
full_tail,whole_parcel,LANGUAGE_noAngG,RH_IFGorb,R,mul_div_3op_verbal,MD,0.14876045286655426
full_tail,whole_parcel,LANGUAGE_noAngG,RH_IFGorb,R,mul_div_3op_symbolic,MD,0.11577067524194717
full_tail,whole_parcel,LANGUAGE_noAngG,RH_IFGorb,R,simple_equation,MD,0.1425199806690216
full_tail,whole_parcel,LANGUAGE_noAngG,RH_IFGorb,R,number_sorting,MD,0.2861315906047821
full_tail,whole_parcel,LANGUAGE_noAngG,RH_IFGorb,R,code_conditional,MD,0.2294478714466095
full_tail,whole_parcel,LANGUAGE_noAngG,RH_IFGorb,R,code_loop,MD,0.2115919440984726
full_tail,whole_parcel,LANGUAGE_noAngG,RH_IFGorb,R,code_list,MD,0.21418698132038116
full_tail,whole_parcel,LANGUAGE_noAngG,RH_IFGorb,R,code_A,MD,0.22011376917362213
full_tail,whole_parcel,LANGUAGE_noAngG,RH_IFGorb,R,code_B,MD,0.21788863837718964
full_tail,whole_parcel,LANGUAGE_noAngG,RH_IFGorb,R,phys_newton,phys,0.13905270397663116
full_tail,whole_parcel,LANGUAGE_noAngG,RH_IFGorb,R,phys_prost,phys,0.1500646471977234
full_tail,whole_parcel,LANGUAGE_noAngG,RH_IFGorb,R,physics_buoyancy,phys,0.12034577131271362
full_tail,whole_parcel,LANGUAGE_noAngG,RH_IFGorb,R,physics_brightness,phys,0.07754869014024734
full_tail,whole_parcel,LANGUAGE_noAngG,RH_IFGorb,R,physics_elasticity,phys,0.10090441256761551
full_tail,whole_parcel,LANGUAGE_noAngG,RH_IFGorb,R,physics_solubility,phys,0.0717049315571785
full_tail,whole_parcel,LANGUAGE_noAngG,RH_IFGorb,R,physics_speed,phys,0.08309604227542877
full_tail,whole_parcel,LANGUAGE_noAngG,RH_IFGorb,R,physics_stability,phys,0.0854097455739975
full_tail,whole_parcel,LANGUAGE_noAngG,RH_IFGorb,R,physics_temperature,phys,0.08735182881355286
full_tail,whole_parcel,LANGUAGE_noAngG,RH_IFGorb,R,agent,ToM,0.1860097199678421
full_tail,whole_parcel,LANGUAGE_noAngG,RH_IFGorb,R,social_interactions,ToM,0.17326240241527557
full_tail,whole_parcel,LANGUAGE_noAngG,RH_IFGorb,R,social_relations,ToM,0.1934521496295929
full_tail,whole_parcel,LANGUAGE_noAngG,RH_IFGorb,R,desires_goals,ToM,0.12743592262268066
full_tail,whole_parcel,LANGUAGE_noAngG,RH_IFGorb,R,primary_emotions,ToM,0.13884420692920685
full_tail,whole_parcel,LANGUAGE_noAngG,RH_IFGorb,R,secondary_emotions,ToM,0.1287069469690323
full_tail,whole_parcel,LANGUAGE_noAngG,RH_IFGorb,R,emotion_fewshot,ToM,0.12023220211267471
full_tail,whole_parcel,LANGUAGE_noAngG,RH_IFGorb,R,norm_appropriate,ToM,0.19664223492145538
full_tail,whole_parcel,LANGUAGE_noAngG,RH_IFGorb,R,norm_moral,ToM,0.194939523935318
full_tail,whole_parcel,LANGUAGE_noAngG,RH_IFG,R,anaphor_gender_agreement,Lan,0.13009341061115265
full_tail,whole_parcel,LANGUAGE_noAngG,RH_IFG,R,det_noun_agreement_irregular,Lan,0.14555728435516357
full_tail,whole_parcel,LANGUAGE_noAngG,RH_IFG,R,det_noun_agreement_regular,Lan,0.1464298814535141
full_tail,whole_parcel,LANGUAGE_noAngG,RH_IFG,R,det_noun_agreement_with_adjective,Lan,0.16032755374908447
full_tail,whole_parcel,LANGUAGE_noAngG,RH_IFG,R,subject_verb_agreement,Lan,0.1208232119679451
full_tail,whole_parcel,LANGUAGE_noAngG,RH_IFG,R,npi,Lan,0.1687299758195877
full_tail,whole_parcel,LANGUAGE_noAngG,RH_IFG,R,hypernymy,Lan,0.11331265419721603
full_tail,whole_parcel,LANGUAGE_noAngG,RH_IFG,R,wug,Lan,0.18346361815929413
full_tail,whole_parcel,LANGUAGE_noAngG,RH_IFG,R,logic_syllogism_1,MD,0.16657866537570953
full_tail,whole_parcel,LANGUAGE_noAngG,RH_IFG,R,logic_syllogism_symbolic,MD,0.15687544643878937
full_tail,whole_parcel,LANGUAGE_noAngG,RH_IFG,R,logic_propositional_1,MD,0.1842603087425232
full_tail,whole_parcel,LANGUAGE_noAngG,RH_IFG,R,logic_propositional_symbolic,MD,0.22575104236602783
full_tail,whole_parcel,LANGUAGE_noAngG,RH_IFG,R,number_sequence,MD,0.20954778790473938
full_tail,whole_parcel,LANGUAGE_noAngG,RH_IFG,R,add_sub_2op_verbal,MD,0.27107757329940796
full_tail,whole_parcel,LANGUAGE_noAngG,RH_IFG,R,add_sub_2op_symbolic,MD,0.14529359340667725
full_tail,whole_parcel,LANGUAGE_noAngG,RH_IFG,R,add_sub_3op_verbal,MD,0.2865913212299347
full_tail,whole_parcel,LANGUAGE_noAngG,RH_IFG,R,add_sub_3op_symbolic,MD,0.17584726214408875
full_tail,whole_parcel,LANGUAGE_noAngG,RH_IFG,R,mul_div_2op_verbal,MD,0.2325270026922226
full_tail,whole_parcel,LANGUAGE_noAngG,RH_IFG,R,mul_div_2op_symbolic,MD,0.14646628499031067
full_tail,whole_parcel,LANGUAGE_noAngG,RH_IFG,R,mul_div_3op_verbal,MD,0.25996434688568115
full_tail,whole_parcel,LANGUAGE_noAngG,RH_IFG,R,mul_div_3op_symbolic,MD,0.17934291064739227
full_tail,whole_parcel,LANGUAGE_noAngG,RH_IFG,R,simple_equation,MD,0.2050916999578476
full_tail,whole_parcel,LANGUAGE_noAngG,RH_IFG,R,number_sorting,MD,0.3495926558971405
full_tail,whole_parcel,LANGUAGE_noAngG,RH_IFG,R,code_conditional,MD,0.257987916469574
full_tail,whole_parcel,LANGUAGE_noAngG,RH_IFG,R,code_loop,MD,0.2491304725408554
full_tail,whole_parcel,LANGUAGE_noAngG,RH_IFG,R,code_list,MD,0.2509855031967163
full_tail,whole_parcel,LANGUAGE_noAngG,RH_IFG,R,code_A,MD,0.2583262026309967
full_tail,whole_parcel,LANGUAGE_noAngG,RH_IFG,R,code_B,MD,0.2566019892692566
full_tail,whole_parcel,LANGUAGE_noAngG,RH_IFG,R,phys_newton,phys,0.2008993774652481
full_tail,whole_parcel,LANGUAGE_noAngG,RH_IFG,R,phys_prost,phys,0.2131584882736206
full_tail,whole_parcel,LANGUAGE_noAngG,RH_IFG,R,physics_buoyancy,phys,0.19546286761760712
full_tail,whole_parcel,LANGUAGE_noAngG,RH_IFG,R,physics_brightness,phys,0.15870346128940582
full_tail,whole_parcel,LANGUAGE_noAngG,RH_IFG,R,physics_elasticity,phys,0.1627229005098343
full_tail,whole_parcel,LANGUAGE_noAngG,RH_IFG,R,physics_solubility,phys,0.15816299617290497
full_tail,whole_parcel,LANGUAGE_noAngG,RH_IFG,R,physics_speed,phys,0.14913122355937958
full_tail,whole_parcel,LANGUAGE_noAngG,RH_IFG,R,physics_stability,phys,0.15533499419689178
full_tail,whole_parcel,LANGUAGE_noAngG,RH_IFG,R,physics_temperature,phys,0.1521606147289276
full_tail,whole_parcel,LANGUAGE_noAngG,RH_IFG,R,agent,ToM,0.19502297043800354
full_tail,whole_parcel,LANGUAGE_noAngG,RH_IFG,R,social_interactions,ToM,0.16584241390228271
full_tail,whole_parcel,LANGUAGE_noAngG,RH_IFG,R,social_relations,ToM,0.2060541808605194
full_tail,whole_parcel,LANGUAGE_noAngG,RH_IFG,R,desires_goals,ToM,0.14425165951251984
full_tail,whole_parcel,LANGUAGE_noAngG,RH_IFG,R,primary_emotions,ToM,0.1444673389196396
full_tail,whole_parcel,LANGUAGE_noAngG,RH_IFG,R,secondary_emotions,ToM,0.1365484744310379
full_tail,whole_parcel,LANGUAGE_noAngG,RH_IFG,R,emotion_fewshot,ToM,0.14462873339653015
full_tail,whole_parcel,LANGUAGE_noAngG,RH_IFG,R,norm_appropriate,ToM,0.20491930842399597
full_tail,whole_parcel,LANGUAGE_noAngG,RH_IFG,R,norm_moral,ToM,0.19168758392333984
full_tail,whole_parcel,LANGUAGE_noAngG,RH_MFG,R,anaphor_gender_agreement,Lan,0.21103738248348236
full_tail,whole_parcel,LANGUAGE_noAngG,RH_MFG,R,det_noun_agreement_irregular,Lan,0.22096380591392517
full_tail,whole_parcel,LANGUAGE_noAngG,RH_MFG,R,det_noun_agreement_regular,Lan,0.2194475531578064
full_tail,whole_parcel,LANGUAGE_noAngG,RH_MFG,R,det_noun_agreement_with_adjective,Lan,0.23189079761505127
full_tail,whole_parcel,LANGUAGE_noAngG,RH_MFG,R,subject_verb_agreement,Lan,0.1915101408958435
full_tail,whole_parcel,LANGUAGE_noAngG,RH_MFG,R,npi,Lan,0.2307189404964447
full_tail,whole_parcel,LANGUAGE_noAngG,RH_MFG,R,hypernymy,Lan,0.1769682615995407
full_tail,whole_parcel,LANGUAGE_noAngG,RH_MFG,R,wug,Lan,0.20031559467315674
full_tail,whole_parcel,LANGUAGE_noAngG,RH_MFG,R,logic_syllogism_1,MD,0.2053682804107666
full_tail,whole_parcel,LANGUAGE_noAngG,RH_MFG,R,logic_syllogism_symbolic,MD,0.18376322090625763
full_tail,whole_parcel,LANGUAGE_noAngG,RH_MFG,R,logic_propositional_1,MD,0.24011985957622528
full_tail,whole_parcel,LANGUAGE_noAngG,RH_MFG,R,logic_propositional_symbolic,MD,0.23527534306049347
full_tail,whole_parcel,LANGUAGE_noAngG,RH_MFG,R,number_sequence,MD,0.2131263017654419
full_tail,whole_parcel,LANGUAGE_noAngG,RH_MFG,R,add_sub_2op_verbal,MD,0.22640663385391235
full_tail,whole_parcel,LANGUAGE_noAngG,RH_MFG,R,add_sub_2op_symbolic,MD,0.19459974765777588
full_tail,whole_parcel,LANGUAGE_noAngG,RH_MFG,R,add_sub_3op_verbal,MD,0.22727049887180328
full_tail,whole_parcel,LANGUAGE_noAngG,RH_MFG,R,add_sub_3op_symbolic,MD,0.20013009011745453
full_tail,whole_parcel,LANGUAGE_noAngG,RH_MFG,R,mul_div_2op_verbal,MD,0.21648690104484558
full_tail,whole_parcel,LANGUAGE_noAngG,RH_MFG,R,mul_div_2op_symbolic,MD,0.19423693418502808
full_tail,whole_parcel,LANGUAGE_noAngG,RH_MFG,R,mul_div_3op_verbal,MD,0.22921940684318542
full_tail,whole_parcel,LANGUAGE_noAngG,RH_MFG,R,mul_div_3op_symbolic,MD,0.20071522891521454
full_tail,whole_parcel,LANGUAGE_noAngG,RH_MFG,R,simple_equation,MD,0.2011553794145584
full_tail,whole_parcel,LANGUAGE_noAngG,RH_MFG,R,number_sorting,MD,0.31003689765930176
full_tail,whole_parcel,LANGUAGE_noAngG,RH_MFG,R,code_conditional,MD,0.25909146666526794
full_tail,whole_parcel,LANGUAGE_noAngG,RH_MFG,R,code_loop,MD,0.23697680234909058
full_tail,whole_parcel,LANGUAGE_noAngG,RH_MFG,R,code_list,MD,0.24259227514266968
full_tail,whole_parcel,LANGUAGE_noAngG,RH_MFG,R,code_A,MD,0.25187793374061584
full_tail,whole_parcel,LANGUAGE_noAngG,RH_MFG,R,code_B,MD,0.24882785975933075
full_tail,whole_parcel,LANGUAGE_noAngG,RH_MFG,R,phys_newton,phys,0.25894424319267273
full_tail,whole_parcel,LANGUAGE_noAngG,RH_MFG,R,phys_prost,phys,0.262081503868103
full_tail,whole_parcel,LANGUAGE_noAngG,RH_MFG,R,physics_buoyancy,phys,0.24086491763591766
full_tail,whole_parcel,LANGUAGE_noAngG,RH_MFG,R,physics_brightness,phys,0.2079399824142456
full_tail,whole_parcel,LANGUAGE_noAngG,RH_MFG,R,physics_elasticity,phys,0.23792417347431183
full_tail,whole_parcel,LANGUAGE_noAngG,RH_MFG,R,physics_solubility,phys,0.22080565989017487
full_tail,whole_parcel,LANGUAGE_noAngG,RH_MFG,R,physics_speed,phys,0.21786010265350342
full_tail,whole_parcel,LANGUAGE_noAngG,RH_MFG,R,physics_stability,phys,0.23082703351974487
full_tail,whole_parcel,LANGUAGE_noAngG,RH_MFG,R,physics_temperature,phys,0.20788100361824036
full_tail,whole_parcel,LANGUAGE_noAngG,RH_MFG,R,agent,ToM,0.2629980444908142
full_tail,whole_parcel,LANGUAGE_noAngG,RH_MFG,R,social_interactions,ToM,0.2577905058860779
full_tail,whole_parcel,LANGUAGE_noAngG,RH_MFG,R,social_relations,ToM,0.24532346427440643
full_tail,whole_parcel,LANGUAGE_noAngG,RH_MFG,R,desires_goals,ToM,0.22136837244033813
full_tail,whole_parcel,LANGUAGE_noAngG,RH_MFG,R,primary_emotions,ToM,0.22893616557121277
full_tail,whole_parcel,LANGUAGE_noAngG,RH_MFG,R,secondary_emotions,ToM,0.22177577018737793
full_tail,whole_parcel,LANGUAGE_noAngG,RH_MFG,R,emotion_fewshot,ToM,0.2276768833398819
full_tail,whole_parcel,LANGUAGE_noAngG,RH_MFG,R,norm_appropriate,ToM,0.2660483419895172
full_tail,whole_parcel,LANGUAGE_noAngG,RH_MFG,R,norm_moral,ToM,0.2625482678413391
full_tail,whole_parcel,LANGUAGE_noAngG,RH_AntTemp,R,anaphor_gender_agreement,Lan,0.1324584186077118
full_tail,whole_parcel,LANGUAGE_noAngG,RH_AntTemp,R,det_noun_agreement_irregular,Lan,0.1564483791589737
full_tail,whole_parcel,LANGUAGE_noAngG,RH_AntTemp,R,det_noun_agreement_regular,Lan,0.15733735263347626
full_tail,whole_parcel,LANGUAGE_noAngG,RH_AntTemp,R,det_noun_agreement_with_adjective,Lan,0.18170887231826782
full_tail,whole_parcel,LANGUAGE_noAngG,RH_AntTemp,R,subject_verb_agreement,Lan,0.09925618767738342
full_tail,whole_parcel,LANGUAGE_noAngG,RH_AntTemp,R,npi,Lan,0.22309352457523346
full_tail,whole_parcel,LANGUAGE_noAngG,RH_AntTemp,R,hypernymy,Lan,0.08594302088022232
full_tail,whole_parcel,LANGUAGE_noAngG,RH_AntTemp,R,wug,Lan,0.1563628762960434
full_tail,whole_parcel,LANGUAGE_noAngG,RH_AntTemp,R,logic_syllogism_1,MD,0.1945231705904007
full_tail,whole_parcel,LANGUAGE_noAngG,RH_AntTemp,R,logic_syllogism_symbolic,MD,0.13721828162670135
full_tail,whole_parcel,LANGUAGE_noAngG,RH_AntTemp,R,logic_propositional_1,MD,0.1834334433078766
full_tail,whole_parcel,LANGUAGE_noAngG,RH_AntTemp,R,logic_propositional_symbolic,MD,0.211482435464859
full_tail,whole_parcel,LANGUAGE_noAngG,RH_AntTemp,R,number_sequence,MD,0.11074213683605194
full_tail,whole_parcel,LANGUAGE_noAngG,RH_AntTemp,R,add_sub_2op_verbal,MD,0.09952357411384583
full_tail,whole_parcel,LANGUAGE_noAngG,RH_AntTemp,R,add_sub_2op_symbolic,MD,0.09024875611066818
full_tail,whole_parcel,LANGUAGE_noAngG,RH_AntTemp,R,add_sub_3op_verbal,MD,0.08859632909297943
full_tail,whole_parcel,LANGUAGE_noAngG,RH_AntTemp,R,add_sub_3op_symbolic,MD,0.09551281481981277
full_tail,whole_parcel,LANGUAGE_noAngG,RH_AntTemp,R,mul_div_2op_verbal,MD,0.09157057851552963
full_tail,whole_parcel,LANGUAGE_noAngG,RH_AntTemp,R,mul_div_2op_symbolic,MD,0.07606256753206253
full_tail,whole_parcel,LANGUAGE_noAngG,RH_AntTemp,R,mul_div_3op_verbal,MD,0.09229276329278946
full_tail,whole_parcel,LANGUAGE_noAngG,RH_AntTemp,R,mul_div_3op_symbolic,MD,0.07395990937948227
full_tail,whole_parcel,LANGUAGE_noAngG,RH_AntTemp,R,simple_equation,MD,0.1163017600774765
full_tail,whole_parcel,LANGUAGE_noAngG,RH_AntTemp,R,number_sorting,MD,0.2671810984611511
full_tail,whole_parcel,LANGUAGE_noAngG,RH_AntTemp,R,code_conditional,MD,0.25779250264167786
full_tail,whole_parcel,LANGUAGE_noAngG,RH_AntTemp,R,code_loop,MD,0.22124989330768585
full_tail,whole_parcel,LANGUAGE_noAngG,RH_AntTemp,R,code_list,MD,0.24542704224586487
full_tail,whole_parcel,LANGUAGE_noAngG,RH_AntTemp,R,code_A,MD,0.23840221762657166
full_tail,whole_parcel,LANGUAGE_noAngG,RH_AntTemp,R,code_B,MD,0.24534817039966583
full_tail,whole_parcel,LANGUAGE_noAngG,RH_AntTemp,R,phys_newton,phys,0.2083103358745575
full_tail,whole_parcel,LANGUAGE_noAngG,RH_AntTemp,R,phys_prost,phys,0.21329377591609955
full_tail,whole_parcel,LANGUAGE_noAngG,RH_AntTemp,R,physics_buoyancy,phys,0.2000725418329239
full_tail,whole_parcel,LANGUAGE_noAngG,RH_AntTemp,R,physics_brightness,phys,0.14629711210727692
full_tail,whole_parcel,LANGUAGE_noAngG,RH_AntTemp,R,physics_elasticity,phys,0.19092220067977905
full_tail,whole_parcel,LANGUAGE_noAngG,RH_AntTemp,R,physics_solubility,phys,0.13475975394248962
full_tail,whole_parcel,LANGUAGE_noAngG,RH_AntTemp,R,physics_speed,phys,0.16065558791160583
full_tail,whole_parcel,LANGUAGE_noAngG,RH_AntTemp,R,physics_stability,phys,0.17179986834526062
full_tail,whole_parcel,LANGUAGE_noAngG,RH_AntTemp,R,physics_temperature,phys,0.19921588897705078
full_tail,whole_parcel,LANGUAGE_noAngG,RH_AntTemp,R,agent,ToM,0.2620371878147125
full_tail,whole_parcel,LANGUAGE_noAngG,RH_AntTemp,R,social_interactions,ToM,0.24030113220214844
full_tail,whole_parcel,LANGUAGE_noAngG,RH_AntTemp,R,social_relations,ToM,0.3091078996658325
full_tail,whole_parcel,LANGUAGE_noAngG,RH_AntTemp,R,desires_goals,ToM,0.2143888622522354
full_tail,whole_parcel,LANGUAGE_noAngG,RH_AntTemp,R,primary_emotions,ToM,0.21619224548339844
full_tail,whole_parcel,LANGUAGE_noAngG,RH_AntTemp,R,secondary_emotions,ToM,0.19280630350112915
full_tail,whole_parcel,LANGUAGE_noAngG,RH_AntTemp,R,emotion_fewshot,ToM,0.18937325477600098
full_tail,whole_parcel,LANGUAGE_noAngG,RH_AntTemp,R,norm_appropriate,ToM,0.2961721420288086
full_tail,whole_parcel,LANGUAGE_noAngG,RH_AntTemp,R,norm_moral,ToM,0.2595488727092743
full_tail,whole_parcel,LANGUAGE_noAngG,RH_PostTemp,R,anaphor_gender_agreement,Lan,0.13799645006656647
full_tail,whole_parcel,LANGUAGE_noAngG,RH_PostTemp,R,det_noun_agreement_irregular,Lan,0.15853968262672424
full_tail,whole_parcel,LANGUAGE_noAngG,RH_PostTemp,R,det_noun_agreement_regular,Lan,0.15955229103565216
full_tail,whole_parcel,LANGUAGE_noAngG,RH_PostTemp,R,det_noun_agreement_with_adjective,Lan,0.18085362017154694
full_tail,whole_parcel,LANGUAGE_noAngG,RH_PostTemp,R,subject_verb_agreement,Lan,0.11019231379032135
full_tail,whole_parcel,LANGUAGE_noAngG,RH_PostTemp,R,npi,Lan,0.20316775143146515
full_tail,whole_parcel,LANGUAGE_noAngG,RH_PostTemp,R,hypernymy,Lan,0.09119365364313126
full_tail,whole_parcel,LANGUAGE_noAngG,RH_PostTemp,R,wug,Lan,0.14189277589321136
full_tail,whole_parcel,LANGUAGE_noAngG,RH_PostTemp,R,logic_syllogism_1,MD,0.13596224784851074
full_tail,whole_parcel,LANGUAGE_noAngG,RH_PostTemp,R,logic_syllogism_symbolic,MD,0.1187589094042778
full_tail,whole_parcel,LANGUAGE_noAngG,RH_PostTemp,R,logic_propositional_1,MD,0.13648349046707153
full_tail,whole_parcel,LANGUAGE_noAngG,RH_PostTemp,R,logic_propositional_symbolic,MD,0.2111309915781021
full_tail,whole_parcel,LANGUAGE_noAngG,RH_PostTemp,R,number_sequence,MD,0.14100423455238342
full_tail,whole_parcel,LANGUAGE_noAngG,RH_PostTemp,R,add_sub_2op_verbal,MD,0.13795197010040283
full_tail,whole_parcel,LANGUAGE_noAngG,RH_PostTemp,R,add_sub_2op_symbolic,MD,0.10635311156511307
full_tail,whole_parcel,LANGUAGE_noAngG,RH_PostTemp,R,add_sub_3op_verbal,MD,0.13597507774829865
full_tail,whole_parcel,LANGUAGE_noAngG,RH_PostTemp,R,add_sub_3op_symbolic,MD,0.11469476670026779
full_tail,whole_parcel,LANGUAGE_noAngG,RH_PostTemp,R,mul_div_2op_verbal,MD,0.12321871519088745
full_tail,whole_parcel,LANGUAGE_noAngG,RH_PostTemp,R,mul_div_2op_symbolic,MD,0.0968039408326149
full_tail,whole_parcel,LANGUAGE_noAngG,RH_PostTemp,R,mul_div_3op_verbal,MD,0.13444410264492035
full_tail,whole_parcel,LANGUAGE_noAngG,RH_PostTemp,R,mul_div_3op_symbolic,MD,0.09936739504337311
full_tail,whole_parcel,LANGUAGE_noAngG,RH_PostTemp,R,simple_equation,MD,0.13084906339645386
full_tail,whole_parcel,LANGUAGE_noAngG,RH_PostTemp,R,number_sorting,MD,0.2856428027153015
full_tail,whole_parcel,LANGUAGE_noAngG,RH_PostTemp,R,code_conditional,MD,0.2622937560081482
full_tail,whole_parcel,LANGUAGE_noAngG,RH_PostTemp,R,code_loop,MD,0.22282835841178894
full_tail,whole_parcel,LANGUAGE_noAngG,RH_PostTemp,R,code_list,MD,0.24006175994873047
full_tail,whole_parcel,LANGUAGE_noAngG,RH_PostTemp,R,code_A,MD,0.24390006065368652
full_tail,whole_parcel,LANGUAGE_noAngG,RH_PostTemp,R,code_B,MD,0.24436427652835846
full_tail,whole_parcel,LANGUAGE_noAngG,RH_PostTemp,R,phys_newton,phys,0.2161574512720108
full_tail,whole_parcel,LANGUAGE_noAngG,RH_PostTemp,R,phys_prost,phys,0.23551632463932037
full_tail,whole_parcel,LANGUAGE_noAngG,RH_PostTemp,R,physics_buoyancy,phys,0.2085627168416977
full_tail,whole_parcel,LANGUAGE_noAngG,RH_PostTemp,R,physics_brightness,phys,0.15417543053627014
full_tail,whole_parcel,LANGUAGE_noAngG,RH_PostTemp,R,physics_elasticity,phys,0.2031552940607071
full_tail,whole_parcel,LANGUAGE_noAngG,RH_PostTemp,R,physics_solubility,phys,0.1532791554927826
full_tail,whole_parcel,LANGUAGE_noAngG,RH_PostTemp,R,physics_speed,phys,0.16661915183067322
full_tail,whole_parcel,LANGUAGE_noAngG,RH_PostTemp,R,physics_stability,phys,0.18318408727645874
full_tail,whole_parcel,LANGUAGE_noAngG,RH_PostTemp,R,physics_temperature,phys,0.1823190450668335
full_tail,whole_parcel,LANGUAGE_noAngG,RH_PostTemp,R,agent,ToM,0.2376510500907898
full_tail,whole_parcel,LANGUAGE_noAngG,RH_PostTemp,R,social_interactions,ToM,0.20403261482715607
full_tail,whole_parcel,LANGUAGE_noAngG,RH_PostTemp,R,social_relations,ToM,0.2493763566017151
full_tail,whole_parcel,LANGUAGE_noAngG,RH_PostTemp,R,desires_goals,ToM,0.17732824385166168
full_tail,whole_parcel,LANGUAGE_noAngG,RH_PostTemp,R,primary_emotions,ToM,0.18994483351707458
full_tail,whole_parcel,LANGUAGE_noAngG,RH_PostTemp,R,secondary_emotions,ToM,0.1670469492673874
full_tail,whole_parcel,LANGUAGE_noAngG,RH_PostTemp,R,emotion_fewshot,ToM,0.14649170637130737
full_tail,whole_parcel,LANGUAGE_noAngG,RH_PostTemp,R,norm_appropriate,ToM,0.26194512844085693
full_tail,whole_parcel,LANGUAGE_noAngG,RH_PostTemp,R,norm_moral,ToM,0.2143828272819519
full_tail,whole_parcel,MD,LH_postParietal,L,anaphor_gender_agreement,Lan,0.03104575164616108
full_tail,whole_parcel,MD,LH_postParietal,L,det_noun_agreement_irregular,Lan,0.036756813526153564
full_tail,whole_parcel,MD,LH_postParietal,L,det_noun_agreement_regular,Lan,0.03916791453957558
full_tail,whole_parcel,MD,LH_postParietal,L,det_noun_agreement_with_adjective,Lan,0.03809351846575737
full_tail,whole_parcel,MD,LH_postParietal,L,subject_verb_agreement,Lan,0.036285400390625
full_tail,whole_parcel,MD,LH_postParietal,L,npi,Lan,0.030278576537966728
full_tail,whole_parcel,MD,LH_postParietal,L,hypernymy,Lan,0.03378390893340111
full_tail,whole_parcel,MD,LH_postParietal,L,wug,Lan,0.02029396779835224
full_tail,whole_parcel,MD,LH_postParietal,L,logic_syllogism_1,MD,-0.07379554212093353
full_tail,whole_parcel,MD,LH_postParietal,L,logic_syllogism_symbolic,MD,-0.041178565472364426
full_tail,whole_parcel,MD,LH_postParietal,L,logic_propositional_1,MD,-0.06032709404826164
full_tail,whole_parcel,MD,LH_postParietal,L,logic_propositional_symbolic,MD,-0.004399736877530813
full_tail,whole_parcel,MD,LH_postParietal,L,number_sequence,MD,0.042623370885849
full_tail,whole_parcel,MD,LH_postParietal,L,add_sub_2op_verbal,MD,0.08658592402935028
full_tail,whole_parcel,MD,LH_postParietal,L,add_sub_2op_symbolic,MD,0.03802855685353279
full_tail,whole_parcel,MD,LH_postParietal,L,add_sub_3op_verbal,MD,0.10051903128623962
full_tail,whole_parcel,MD,LH_postParietal,L,add_sub_3op_symbolic,MD,0.036520250141620636
full_tail,whole_parcel,MD,LH_postParietal,L,mul_div_2op_verbal,MD,0.06695195287466049
full_tail,whole_parcel,MD,LH_postParietal,L,mul_div_2op_symbolic,MD,0.03327758237719536
full_tail,whole_parcel,MD,LH_postParietal,L,mul_div_3op_verbal,MD,0.07940445840358734
full_tail,whole_parcel,MD,LH_postParietal,L,mul_div_3op_symbolic,MD,0.030347784981131554
full_tail,whole_parcel,MD,LH_postParietal,L,simple_equation,MD,0.022172104567289352
full_tail,whole_parcel,MD,LH_postParietal,L,number_sorting,MD,0.08690427243709564
full_tail,whole_parcel,MD,LH_postParietal,L,code_conditional,MD,0.024795321747660637
full_tail,whole_parcel,MD,LH_postParietal,L,code_loop,MD,0.010223479010164738
full_tail,whole_parcel,MD,LH_postParietal,L,code_list,MD,0.014855996705591679
full_tail,whole_parcel,MD,LH_postParietal,L,code_A,MD,0.019009418785572052
full_tail,whole_parcel,MD,LH_postParietal,L,code_B,MD,0.018855251371860504
full_tail,whole_parcel,MD,LH_postParietal,L,phys_newton,phys,0.05576878786087036
full_tail,whole_parcel,MD,LH_postParietal,L,phys_prost,phys,0.08118893951177597
full_tail,whole_parcel,MD,LH_postParietal,L,physics_buoyancy,phys,0.10169076919555664
full_tail,whole_parcel,MD,LH_postParietal,L,physics_brightness,phys,0.10402663797140121
full_tail,whole_parcel,MD,LH_postParietal,L,physics_elasticity,phys,0.0981288030743599
full_tail,whole_parcel,MD,LH_postParietal,L,physics_solubility,phys,0.11699525266885757
full_tail,whole_parcel,MD,LH_postParietal,L,physics_speed,phys,0.077207550406456
full_tail,whole_parcel,MD,LH_postParietal,L,physics_stability,phys,0.1073538288474083
full_tail,whole_parcel,MD,LH_postParietal,L,physics_temperature,phys,0.06890084594488144
full_tail,whole_parcel,MD,LH_postParietal,L,agent,ToM,0.02772366814315319
full_tail,whole_parcel,MD,LH_postParietal,L,social_interactions,ToM,-0.01565404236316681
full_tail,whole_parcel,MD,LH_postParietal,L,social_relations,ToM,-0.003028823295608163
full_tail,whole_parcel,MD,LH_postParietal,L,desires_goals,ToM,-0.007286061532795429
full_tail,whole_parcel,MD,LH_postParietal,L,primary_emotions,ToM,-0.006317897699773312
full_tail,whole_parcel,MD,LH_postParietal,L,secondary_emotions,ToM,-0.013931549154222012
full_tail,whole_parcel,MD,LH_postParietal,L,emotion_fewshot,ToM,-0.0013282235013321042
full_tail,whole_parcel,MD,LH_postParietal,L,norm_appropriate,ToM,0.018703924492001534
full_tail,whole_parcel,MD,LH_postParietal,L,norm_moral,ToM,-0.006173423957079649
full_tail,whole_parcel,MD,LH_midParietal,L,anaphor_gender_agreement,Lan,-0.006413155701011419
full_tail,whole_parcel,MD,LH_midParietal,L,det_noun_agreement_irregular,Lan,-0.008504285477101803
full_tail,whole_parcel,MD,LH_midParietal,L,det_noun_agreement_regular,Lan,-0.0067876060493290424
full_tail,whole_parcel,MD,LH_midParietal,L,det_noun_agreement_with_adjective,Lan,-0.01399921253323555
full_tail,whole_parcel,MD,LH_midParietal,L,subject_verb_agreement,Lan,0.01403263583779335
full_tail,whole_parcel,MD,LH_midParietal,L,npi,Lan,-0.014565346762537956
full_tail,whole_parcel,MD,LH_midParietal,L,hypernymy,Lan,0.014071629382669926
full_tail,whole_parcel,MD,LH_midParietal,L,wug,Lan,0.051955826580524445
full_tail,whole_parcel,MD,LH_midParietal,L,logic_syllogism_1,MD,-0.029920361936092377
full_tail,whole_parcel,MD,LH_midParietal,L,logic_syllogism_symbolic,MD,0.019757462665438652
full_tail,whole_parcel,MD,LH_midParietal,L,logic_propositional_1,MD,-0.004582924768328667
full_tail,whole_parcel,MD,LH_midParietal,L,logic_propositional_symbolic,MD,0.04830947518348694
full_tail,whole_parcel,MD,LH_midParietal,L,number_sequence,MD,0.09201015532016754
full_tail,whole_parcel,MD,LH_midParietal,L,add_sub_2op_verbal,MD,0.19327522814273834
full_tail,whole_parcel,MD,LH_midParietal,L,add_sub_2op_symbolic,MD,0.04404468834400177
full_tail,whole_parcel,MD,LH_midParietal,L,add_sub_3op_verbal,MD,0.22837421298027039
full_tail,whole_parcel,MD,LH_midParietal,L,add_sub_3op_symbolic,MD,0.07115551084280014
full_tail,whole_parcel,MD,LH_midParietal,L,mul_div_2op_verbal,MD,0.14563214778900146
full_tail,whole_parcel,MD,LH_midParietal,L,mul_div_2op_symbolic,MD,0.04725212603807449
full_tail,whole_parcel,MD,LH_midParietal,L,mul_div_3op_verbal,MD,0.17622539401054382
full_tail,whole_parcel,MD,LH_midParietal,L,mul_div_3op_symbolic,MD,0.07937194406986237
full_tail,whole_parcel,MD,LH_midParietal,L,simple_equation,MD,0.08240847289562225
full_tail,whole_parcel,MD,LH_midParietal,L,number_sorting,MD,0.23863570392131805
full_tail,whole_parcel,MD,LH_midParietal,L,code_conditional,MD,0.0750429630279541
full_tail,whole_parcel,MD,LH_midParietal,L,code_loop,MD,0.08255348354578018
full_tail,whole_parcel,MD,LH_midParietal,L,code_list,MD,0.07292842119932175
full_tail,whole_parcel,MD,LH_midParietal,L,code_A,MD,0.08148299157619476
full_tail,whole_parcel,MD,LH_midParietal,L,code_B,MD,0.07459203153848648
full_tail,whole_parcel,MD,LH_midParietal,L,phys_newton,phys,0.023353926837444305
full_tail,whole_parcel,MD,LH_midParietal,L,phys_prost,phys,0.03667878732085228
full_tail,whole_parcel,MD,LH_midParietal,L,physics_buoyancy,phys,0.04886521399021149
full_tail,whole_parcel,MD,LH_midParietal,L,physics_brightness,phys,0.03512426093220711
full_tail,whole_parcel,MD,LH_midParietal,L,physics_elasticity,phys,0.005275879055261612
full_tail,whole_parcel,MD,LH_midParietal,L,physics_solubility,phys,0.039847761392593384
full_tail,whole_parcel,MD,LH_midParietal,L,physics_speed,phys,0.014572620391845703
full_tail,whole_parcel,MD,LH_midParietal,L,physics_stability,phys,0.019567279145121574
full_tail,whole_parcel,MD,LH_midParietal,L,physics_temperature,phys,0.00907637644559145
full_tail,whole_parcel,MD,LH_midParietal,L,agent,ToM,0.0101554486900568
full_tail,whole_parcel,MD,LH_midParietal,L,social_interactions,ToM,-0.05004294216632843
full_tail,whole_parcel,MD,LH_midParietal,L,social_relations,ToM,-0.009582947008311749
full_tail,whole_parcel,MD,LH_midParietal,L,desires_goals,ToM,-0.047024525701999664
full_tail,whole_parcel,MD,LH_midParietal,L,primary_emotions,ToM,-0.06037336215376854
full_tail,whole_parcel,MD,LH_midParietal,L,secondary_emotions,ToM,-0.058160267770290375
full_tail,whole_parcel,MD,LH_midParietal,L,emotion_fewshot,ToM,-0.031591810286045074
full_tail,whole_parcel,MD,LH_midParietal,L,norm_appropriate,ToM,-0.019366227090358734
full_tail,whole_parcel,MD,LH_midParietal,L,norm_moral,ToM,-0.016295021399855614
full_tail,whole_parcel,MD,LH_antParietal,L,anaphor_gender_agreement,Lan,-0.0035915838088840246
full_tail,whole_parcel,MD,LH_antParietal,L,det_noun_agreement_irregular,Lan,-0.0052187200635671616
full_tail,whole_parcel,MD,LH_antParietal,L,det_noun_agreement_regular,Lan,-0.004499392583966255
full_tail,whole_parcel,MD,LH_antParietal,L,det_noun_agreement_with_adjective,Lan,-0.008112861774861813
full_tail,whole_parcel,MD,LH_antParietal,L,subject_verb_agreement,Lan,0.01358278188854456
full_tail,whole_parcel,MD,LH_antParietal,L,npi,Lan,-0.018880553543567657
full_tail,whole_parcel,MD,LH_antParietal,L,hypernymy,Lan,0.004115647170692682
full_tail,whole_parcel,MD,LH_antParietal,L,wug,Lan,0.00830734521150589
full_tail,whole_parcel,MD,LH_antParietal,L,logic_syllogism_1,MD,-0.055625539273023605
full_tail,whole_parcel,MD,LH_antParietal,L,logic_syllogism_symbolic,MD,-0.0016745033208280802
full_tail,whole_parcel,MD,LH_antParietal,L,logic_propositional_1,MD,-0.016034821048378944
full_tail,whole_parcel,MD,LH_antParietal,L,logic_propositional_symbolic,MD,0.011294467374682426
full_tail,whole_parcel,MD,LH_antParietal,L,number_sequence,MD,0.05106709524989128
full_tail,whole_parcel,MD,LH_antParietal,L,add_sub_2op_verbal,MD,0.11471451073884964
full_tail,whole_parcel,MD,LH_antParietal,L,add_sub_2op_symbolic,MD,0.029279857873916626
full_tail,whole_parcel,MD,LH_antParietal,L,add_sub_3op_verbal,MD,0.14196789264678955
full_tail,whole_parcel,MD,LH_antParietal,L,add_sub_3op_symbolic,MD,0.04521922394633293
full_tail,whole_parcel,MD,LH_antParietal,L,mul_div_2op_verbal,MD,0.08599688857793808
full_tail,whole_parcel,MD,LH_antParietal,L,mul_div_2op_symbolic,MD,0.03382767736911774
full_tail,whole_parcel,MD,LH_antParietal,L,mul_div_3op_verbal,MD,0.10976000130176544
full_tail,whole_parcel,MD,LH_antParietal,L,mul_div_3op_symbolic,MD,0.05618728697299957
full_tail,whole_parcel,MD,LH_antParietal,L,simple_equation,MD,0.04374907910823822
full_tail,whole_parcel,MD,LH_antParietal,L,number_sorting,MD,0.17117275297641754
full_tail,whole_parcel,MD,LH_antParietal,L,code_conditional,MD,0.04251566156744957
full_tail,whole_parcel,MD,LH_antParietal,L,code_loop,MD,0.04366014525294304
full_tail,whole_parcel,MD,LH_antParietal,L,code_list,MD,0.03469483554363251
full_tail,whole_parcel,MD,LH_antParietal,L,code_A,MD,0.048201508820056915
full_tail,whole_parcel,MD,LH_antParietal,L,code_B,MD,0.040277861058712006
full_tail,whole_parcel,MD,LH_antParietal,L,phys_newton,phys,0.060421254485845566
full_tail,whole_parcel,MD,LH_antParietal,L,phys_prost,phys,0.07660098373889923
full_tail,whole_parcel,MD,LH_antParietal,L,physics_buoyancy,phys,0.12512297928333282
full_tail,whole_parcel,MD,LH_antParietal,L,physics_brightness,phys,0.13337893784046173
full_tail,whole_parcel,MD,LH_antParietal,L,physics_elasticity,phys,0.11499940603971481
full_tail,whole_parcel,MD,LH_antParietal,L,physics_solubility,phys,0.13914823532104492
full_tail,whole_parcel,MD,LH_antParietal,L,physics_speed,phys,0.10186494886875153
full_tail,whole_parcel,MD,LH_antParietal,L,physics_stability,phys,0.13967467844486237
full_tail,whole_parcel,MD,LH_antParietal,L,physics_temperature,phys,0.07558827102184296
full_tail,whole_parcel,MD,LH_antParietal,L,agent,ToM,0.014078493230044842
full_tail,whole_parcel,MD,LH_antParietal,L,social_interactions,ToM,-0.0311573538929224
full_tail,whole_parcel,MD,LH_antParietal,L,social_relations,ToM,-0.03339080885052681
full_tail,whole_parcel,MD,LH_antParietal,L,desires_goals,ToM,-0.03839497268199921
full_tail,whole_parcel,MD,LH_antParietal,L,primary_emotions,ToM,-0.04905190318822861
full_tail,whole_parcel,MD,LH_antParietal,L,secondary_emotions,ToM,-0.04831457510590553
full_tail,whole_parcel,MD,LH_antParietal,L,emotion_fewshot,ToM,-0.007146162912249565
full_tail,whole_parcel,MD,LH_antParietal,L,norm_appropriate,ToM,0.0012493958929553628
full_tail,whole_parcel,MD,LH_antParietal,L,norm_moral,ToM,-0.000598801183514297
full_tail,whole_parcel,MD,LH_supFrontal,L,anaphor_gender_agreement,Lan,0.04703879728913307
full_tail,whole_parcel,MD,LH_supFrontal,L,det_noun_agreement_irregular,Lan,0.04991452395915985
full_tail,whole_parcel,MD,LH_supFrontal,L,det_noun_agreement_regular,Lan,0.05146033316850662
full_tail,whole_parcel,MD,LH_supFrontal,L,det_noun_agreement_with_adjective,Lan,0.0523989163339138
full_tail,whole_parcel,MD,LH_supFrontal,L,subject_verb_agreement,Lan,0.05091538280248642
full_tail,whole_parcel,MD,LH_supFrontal,L,npi,Lan,0.047833893448114395
full_tail,whole_parcel,MD,LH_supFrontal,L,hypernymy,Lan,0.04399340599775314
full_tail,whole_parcel,MD,LH_supFrontal,L,wug,Lan,0.04210560768842697
full_tail,whole_parcel,MD,LH_supFrontal,L,logic_syllogism_1,MD,-8.297033491544425e-05
full_tail,whole_parcel,MD,LH_supFrontal,L,logic_syllogism_symbolic,MD,0.017273450270295143
full_tail,whole_parcel,MD,LH_supFrontal,L,logic_propositional_1,MD,0.025708775967359543
full_tail,whole_parcel,MD,LH_supFrontal,L,logic_propositional_symbolic,MD,0.04806815832853317
full_tail,whole_parcel,MD,LH_supFrontal,L,number_sequence,MD,0.06647861003875732
full_tail,whole_parcel,MD,LH_supFrontal,L,add_sub_2op_verbal,MD,0.10401983559131622
full_tail,whole_parcel,MD,LH_supFrontal,L,add_sub_2op_symbolic,MD,0.054675642400979996
full_tail,whole_parcel,MD,LH_supFrontal,L,add_sub_3op_verbal,MD,0.11997035145759583
full_tail,whole_parcel,MD,LH_supFrontal,L,add_sub_3op_symbolic,MD,0.05886424332857132
full_tail,whole_parcel,MD,LH_supFrontal,L,mul_div_2op_verbal,MD,0.08526293933391571
full_tail,whole_parcel,MD,LH_supFrontal,L,mul_div_2op_symbolic,MD,0.05212417244911194
full_tail,whole_parcel,MD,LH_supFrontal,L,mul_div_3op_verbal,MD,0.09969006478786469
full_tail,whole_parcel,MD,LH_supFrontal,L,mul_div_3op_symbolic,MD,0.05626378953456879
full_tail,whole_parcel,MD,LH_supFrontal,L,simple_equation,MD,0.05557984858751297
full_tail,whole_parcel,MD,LH_supFrontal,L,number_sorting,MD,0.1687447726726532
full_tail,whole_parcel,MD,LH_supFrontal,L,code_conditional,MD,0.08635696768760681
full_tail,whole_parcel,MD,LH_supFrontal,L,code_loop,MD,0.07500915974378586
full_tail,whole_parcel,MD,LH_supFrontal,L,code_list,MD,0.07720637321472168
full_tail,whole_parcel,MD,LH_supFrontal,L,code_A,MD,0.08262485265731812
full_tail,whole_parcel,MD,LH_supFrontal,L,code_B,MD,0.08130615949630737
full_tail,whole_parcel,MD,LH_supFrontal,L,phys_newton,phys,0.10200244188308716
full_tail,whole_parcel,MD,LH_supFrontal,L,phys_prost,phys,0.12147790938615799
full_tail,whole_parcel,MD,LH_supFrontal,L,physics_buoyancy,phys,0.16352126002311707
full_tail,whole_parcel,MD,LH_supFrontal,L,physics_brightness,phys,0.15772853791713715
full_tail,whole_parcel,MD,LH_supFrontal,L,physics_elasticity,phys,0.15993741154670715
full_tail,whole_parcel,MD,LH_supFrontal,L,physics_solubility,phys,0.1617521047592163
full_tail,whole_parcel,MD,LH_supFrontal,L,physics_speed,phys,0.134690061211586
full_tail,whole_parcel,MD,LH_supFrontal,L,physics_stability,phys,0.1700316220521927
full_tail,whole_parcel,MD,LH_supFrontal,L,physics_temperature,phys,0.12705537676811218
full_tail,whole_parcel,MD,LH_supFrontal,L,agent,ToM,0.08812683075666428
full_tail,whole_parcel,MD,LH_supFrontal,L,social_interactions,ToM,0.045691460371017456
full_tail,whole_parcel,MD,LH_supFrontal,L,social_relations,ToM,0.05399387329816818
full_tail,whole_parcel,MD,LH_supFrontal,L,desires_goals,ToM,0.03456182777881622
full_tail,whole_parcel,MD,LH_supFrontal,L,primary_emotions,ToM,0.027695778757333755
full_tail,whole_parcel,MD,LH_supFrontal,L,secondary_emotions,ToM,0.021838940680027008
full_tail,whole_parcel,MD,LH_supFrontal,L,emotion_fewshot,ToM,0.06224315986037254
full_tail,whole_parcel,MD,LH_supFrontal,L,norm_appropriate,ToM,0.09368113428354263
full_tail,whole_parcel,MD,LH_supFrontal,L,norm_moral,ToM,0.07587838172912598
full_tail,whole_parcel,MD,LH_Precentral_A_PrecG,L,anaphor_gender_agreement,Lan,0.07987607270479202
full_tail,whole_parcel,MD,LH_Precentral_A_PrecG,L,det_noun_agreement_irregular,Lan,0.09369460493326187
full_tail,whole_parcel,MD,LH_Precentral_A_PrecG,L,det_noun_agreement_regular,Lan,0.09392210096120834
full_tail,whole_parcel,MD,LH_Precentral_A_PrecG,L,det_noun_agreement_with_adjective,Lan,0.10652134567499161
full_tail,whole_parcel,MD,LH_Precentral_A_PrecG,L,subject_verb_agreement,Lan,0.07207631319761276
full_tail,whole_parcel,MD,LH_Precentral_A_PrecG,L,npi,Lan,0.1161411926150322
full_tail,whole_parcel,MD,LH_Precentral_A_PrecG,L,hypernymy,Lan,0.07136441022157669
full_tail,whole_parcel,MD,LH_Precentral_A_PrecG,L,wug,Lan,0.12958595156669617
full_tail,whole_parcel,MD,LH_Precentral_A_PrecG,L,logic_syllogism_1,MD,0.11169265955686569
full_tail,whole_parcel,MD,LH_Precentral_A_PrecG,L,logic_syllogism_symbolic,MD,0.11124458909034729
full_tail,whole_parcel,MD,LH_Precentral_A_PrecG,L,logic_propositional_1,MD,0.13801759481430054
full_tail,whole_parcel,MD,LH_Precentral_A_PrecG,L,logic_propositional_symbolic,MD,0.14677169919013977
full_tail,whole_parcel,MD,LH_Precentral_A_PrecG,L,number_sequence,MD,0.1345089077949524
full_tail,whole_parcel,MD,LH_Precentral_A_PrecG,L,add_sub_2op_verbal,MD,0.19317935407161713
full_tail,whole_parcel,MD,LH_Precentral_A_PrecG,L,add_sub_2op_symbolic,MD,0.08837098628282547
full_tail,whole_parcel,MD,LH_Precentral_A_PrecG,L,add_sub_3op_verbal,MD,0.21124407649040222
full_tail,whole_parcel,MD,LH_Precentral_A_PrecG,L,add_sub_3op_symbolic,MD,0.11500819772481918
full_tail,whole_parcel,MD,LH_Precentral_A_PrecG,L,mul_div_2op_verbal,MD,0.16291148960590363
full_tail,whole_parcel,MD,LH_Precentral_A_PrecG,L,mul_div_2op_symbolic,MD,0.09285277873277664
full_tail,whole_parcel,MD,LH_Precentral_A_PrecG,L,mul_div_3op_verbal,MD,0.18771779537200928
full_tail,whole_parcel,MD,LH_Precentral_A_PrecG,L,mul_div_3op_symbolic,MD,0.12410201132297516
full_tail,whole_parcel,MD,LH_Precentral_A_PrecG,L,simple_equation,MD,0.13878172636032104
full_tail,whole_parcel,MD,LH_Precentral_A_PrecG,L,number_sorting,MD,0.28779634833335876
full_tail,whole_parcel,MD,LH_Precentral_A_PrecG,L,code_conditional,MD,0.18311895430088043
full_tail,whole_parcel,MD,LH_Precentral_A_PrecG,L,code_loop,MD,0.1796467900276184
full_tail,whole_parcel,MD,LH_Precentral_A_PrecG,L,code_list,MD,0.17979411780834198
full_tail,whole_parcel,MD,LH_Precentral_A_PrecG,L,code_A,MD,0.18613217771053314
full_tail,whole_parcel,MD,LH_Precentral_A_PrecG,L,code_B,MD,0.18490689992904663
full_tail,whole_parcel,MD,LH_Precentral_A_PrecG,L,phys_newton,phys,0.16411876678466797
full_tail,whole_parcel,MD,LH_Precentral_A_PrecG,L,phys_prost,phys,0.17561766505241394
full_tail,whole_parcel,MD,LH_Precentral_A_PrecG,L,physics_buoyancy,phys,0.20852680504322052
full_tail,whole_parcel,MD,LH_Precentral_A_PrecG,L,physics_brightness,phys,0.19201026856899261
full_tail,whole_parcel,MD,LH_Precentral_A_PrecG,L,physics_elasticity,phys,0.1855679303407669
full_tail,whole_parcel,MD,LH_Precentral_A_PrecG,L,physics_solubility,phys,0.19032278656959534
full_tail,whole_parcel,MD,LH_Precentral_A_PrecG,L,physics_speed,phys,0.1717747300863266
full_tail,whole_parcel,MD,LH_Precentral_A_PrecG,L,physics_stability,phys,0.19658638536930084
full_tail,whole_parcel,MD,LH_Precentral_A_PrecG,L,physics_temperature,phys,0.16756203770637512
full_tail,whole_parcel,MD,LH_Precentral_A_PrecG,L,agent,ToM,0.14725640416145325
full_tail,whole_parcel,MD,LH_Precentral_A_PrecG,L,social_interactions,ToM,0.11040787398815155
full_tail,whole_parcel,MD,LH_Precentral_A_PrecG,L,social_relations,ToM,0.14680525660514832
full_tail,whole_parcel,MD,LH_Precentral_A_PrecG,L,desires_goals,ToM,0.09757555276155472
full_tail,whole_parcel,MD,LH_Precentral_A_PrecG,L,primary_emotions,ToM,0.08673839271068573
full_tail,whole_parcel,MD,LH_Precentral_A_PrecG,L,secondary_emotions,ToM,0.08086546510457993
full_tail,whole_parcel,MD,LH_Precentral_A_PrecG,L,emotion_fewshot,ToM,0.11029142141342163
full_tail,whole_parcel,MD,LH_Precentral_A_PrecG,L,norm_appropriate,ToM,0.14488951861858368
full_tail,whole_parcel,MD,LH_Precentral_A_PrecG,L,norm_moral,ToM,0.13947394490242004
full_tail,whole_parcel,MD,LH_Precental_B_IFGop,L,anaphor_gender_agreement,Lan,0.06412127614021301
full_tail,whole_parcel,MD,LH_Precental_B_IFGop,L,det_noun_agreement_irregular,Lan,0.08443741500377655
full_tail,whole_parcel,MD,LH_Precental_B_IFGop,L,det_noun_agreement_regular,Lan,0.08532548695802689
full_tail,whole_parcel,MD,LH_Precental_B_IFGop,L,det_noun_agreement_with_adjective,Lan,0.1030634418129921
full_tail,whole_parcel,MD,LH_Precental_B_IFGop,L,subject_verb_agreement,Lan,0.06335259228944778
full_tail,whole_parcel,MD,LH_Precental_B_IFGop,L,npi,Lan,0.10150568932294846
full_tail,whole_parcel,MD,LH_Precental_B_IFGop,L,hypernymy,Lan,0.07129847258329391
full_tail,whole_parcel,MD,LH_Precental_B_IFGop,L,wug,Lan,0.15701857209205627
full_tail,whole_parcel,MD,LH_Precental_B_IFGop,L,logic_syllogism_1,MD,0.13679543137550354
full_tail,whole_parcel,MD,LH_Precental_B_IFGop,L,logic_syllogism_symbolic,MD,0.1294587105512619
full_tail,whole_parcel,MD,LH_Precental_B_IFGop,L,logic_propositional_1,MD,0.16811297833919525
full_tail,whole_parcel,MD,LH_Precental_B_IFGop,L,logic_propositional_symbolic,MD,0.15954667329788208
full_tail,whole_parcel,MD,LH_Precental_B_IFGop,L,number_sequence,MD,0.16720151901245117
full_tail,whole_parcel,MD,LH_Precental_B_IFGop,L,add_sub_2op_verbal,MD,0.26806163787841797
full_tail,whole_parcel,MD,LH_Precental_B_IFGop,L,add_sub_2op_symbolic,MD,0.09594129770994186
full_tail,whole_parcel,MD,LH_Precental_B_IFGop,L,add_sub_3op_verbal,MD,0.29316598176956177
full_tail,whole_parcel,MD,LH_Precental_B_IFGop,L,add_sub_3op_symbolic,MD,0.1421467661857605
full_tail,whole_parcel,MD,LH_Precental_B_IFGop,L,mul_div_2op_verbal,MD,0.22367770969867706
full_tail,whole_parcel,MD,LH_Precental_B_IFGop,L,mul_div_2op_symbolic,MD,0.10985668003559113
full_tail,whole_parcel,MD,LH_Precental_B_IFGop,L,mul_div_3op_verbal,MD,0.25982674956321716
full_tail,whole_parcel,MD,LH_Precental_B_IFGop,L,mul_div_3op_symbolic,MD,0.1673678159713745
full_tail,whole_parcel,MD,LH_Precental_B_IFGop,L,simple_equation,MD,0.18097391724586487
full_tail,whole_parcel,MD,LH_Precental_B_IFGop,L,number_sorting,MD,0.3175729811191559
full_tail,whole_parcel,MD,LH_Precental_B_IFGop,L,code_conditional,MD,0.1840004026889801
full_tail,whole_parcel,MD,LH_Precental_B_IFGop,L,code_loop,MD,0.1992170214653015
full_tail,whole_parcel,MD,LH_Precental_B_IFGop,L,code_list,MD,0.19415046274662018
full_tail,whole_parcel,MD,LH_Precental_B_IFGop,L,code_A,MD,0.20214387774467468
full_tail,whole_parcel,MD,LH_Precental_B_IFGop,L,code_B,MD,0.20255796611309052
full_tail,whole_parcel,MD,LH_Precental_B_IFGop,L,phys_newton,phys,0.1877996027469635
full_tail,whole_parcel,MD,LH_Precental_B_IFGop,L,phys_prost,phys,0.18941368162631989
full_tail,whole_parcel,MD,LH_Precental_B_IFGop,L,physics_buoyancy,phys,0.231237530708313
full_tail,whole_parcel,MD,LH_Precental_B_IFGop,L,physics_brightness,phys,0.22315366566181183
full_tail,whole_parcel,MD,LH_Precental_B_IFGop,L,physics_elasticity,phys,0.1964246779680252
full_tail,whole_parcel,MD,LH_Precental_B_IFGop,L,physics_solubility,phys,0.22370047867298126
full_tail,whole_parcel,MD,LH_Precental_B_IFGop,L,physics_speed,phys,0.19145025312900543
full_tail,whole_parcel,MD,LH_Precental_B_IFGop,L,physics_stability,phys,0.20739801228046417
full_tail,whole_parcel,MD,LH_Precental_B_IFGop,L,physics_temperature,phys,0.18122166395187378
full_tail,whole_parcel,MD,LH_Precental_B_IFGop,L,agent,ToM,0.11998387426137924
full_tail,whole_parcel,MD,LH_Precental_B_IFGop,L,social_interactions,ToM,0.08950302749872208
full_tail,whole_parcel,MD,LH_Precental_B_IFGop,L,social_relations,ToM,0.12861104309558868
full_tail,whole_parcel,MD,LH_Precental_B_IFGop,L,desires_goals,ToM,0.08710458129644394
full_tail,whole_parcel,MD,LH_Precental_B_IFGop,L,primary_emotions,ToM,0.0648253858089447
full_tail,whole_parcel,MD,LH_Precental_B_IFGop,L,secondary_emotions,ToM,0.06604617834091187
full_tail,whole_parcel,MD,LH_Precental_B_IFGop,L,emotion_fewshot,ToM,0.11146353930234909
full_tail,whole_parcel,MD,LH_Precental_B_IFGop,L,norm_appropriate,ToM,0.12198198586702347
full_tail,whole_parcel,MD,LH_Precental_B_IFGop,L,norm_moral,ToM,0.1135624423623085
full_tail,whole_parcel,MD,LH_midFrontal,L,anaphor_gender_agreement,Lan,0.03539706766605377
full_tail,whole_parcel,MD,LH_midFrontal,L,det_noun_agreement_irregular,Lan,0.04568123817443848
full_tail,whole_parcel,MD,LH_midFrontal,L,det_noun_agreement_regular,Lan,0.048008136451244354
full_tail,whole_parcel,MD,LH_midFrontal,L,det_noun_agreement_with_adjective,Lan,0.05608828365802765
full_tail,whole_parcel,MD,LH_midFrontal,L,subject_verb_agreement,Lan,0.044231776148080826
full_tail,whole_parcel,MD,LH_midFrontal,L,npi,Lan,0.06043999642133713
full_tail,whole_parcel,MD,LH_midFrontal,L,hypernymy,Lan,0.04829401522874832
full_tail,whole_parcel,MD,LH_midFrontal,L,wug,Lan,0.10969079285860062
full_tail,whole_parcel,MD,LH_midFrontal,L,logic_syllogism_1,MD,0.08659037947654724
full_tail,whole_parcel,MD,LH_midFrontal,L,logic_syllogism_symbolic,MD,0.08427417278289795
full_tail,whole_parcel,MD,LH_midFrontal,L,logic_propositional_1,MD,0.10290858149528503
full_tail,whole_parcel,MD,LH_midFrontal,L,logic_propositional_symbolic,MD,0.10930655151605606
full_tail,whole_parcel,MD,LH_midFrontal,L,number_sequence,MD,0.1276848018169403
full_tail,whole_parcel,MD,LH_midFrontal,L,add_sub_2op_verbal,MD,0.2201710194349289
full_tail,whole_parcel,MD,LH_midFrontal,L,add_sub_2op_symbolic,MD,0.07151596993207932
full_tail,whole_parcel,MD,LH_midFrontal,L,add_sub_3op_verbal,MD,0.24559196829795837
full_tail,whole_parcel,MD,LH_midFrontal,L,add_sub_3op_symbolic,MD,0.10781999677419662
full_tail,whole_parcel,MD,LH_midFrontal,L,mul_div_2op_verbal,MD,0.1765495240688324
full_tail,whole_parcel,MD,LH_midFrontal,L,mul_div_2op_symbolic,MD,0.07728023827075958
full_tail,whole_parcel,MD,LH_midFrontal,L,mul_div_3op_verbal,MD,0.20505249500274658
full_tail,whole_parcel,MD,LH_midFrontal,L,mul_div_3op_symbolic,MD,0.12138593196868896
full_tail,whole_parcel,MD,LH_midFrontal,L,simple_equation,MD,0.13676773011684418
full_tail,whole_parcel,MD,LH_midFrontal,L,number_sorting,MD,0.2766457796096802
full_tail,whole_parcel,MD,LH_midFrontal,L,code_conditional,MD,0.13983860611915588
full_tail,whole_parcel,MD,LH_midFrontal,L,code_loop,MD,0.15237106382846832
full_tail,whole_parcel,MD,LH_midFrontal,L,code_list,MD,0.1474882960319519
full_tail,whole_parcel,MD,LH_midFrontal,L,code_A,MD,0.15152791142463684
full_tail,whole_parcel,MD,LH_midFrontal,L,code_B,MD,0.15163011848926544
full_tail,whole_parcel,MD,LH_midFrontal,L,phys_newton,phys,0.13091330230236053
full_tail,whole_parcel,MD,LH_midFrontal,L,phys_prost,phys,0.13295403122901917
full_tail,whole_parcel,MD,LH_midFrontal,L,physics_buoyancy,phys,0.16266238689422607
full_tail,whole_parcel,MD,LH_midFrontal,L,physics_brightness,phys,0.1507868766784668
full_tail,whole_parcel,MD,LH_midFrontal,L,physics_elasticity,phys,0.12702471017837524
full_tail,whole_parcel,MD,LH_midFrontal,L,physics_solubility,phys,0.14406795799732208
full_tail,whole_parcel,MD,LH_midFrontal,L,physics_speed,phys,0.12299518287181854
full_tail,whole_parcel,MD,LH_midFrontal,L,physics_stability,phys,0.13516059517860413
full_tail,whole_parcel,MD,LH_midFrontal,L,physics_temperature,phys,0.12775397300720215
full_tail,whole_parcel,MD,LH_midFrontal,L,agent,ToM,0.08491288125514984
full_tail,whole_parcel,MD,LH_midFrontal,L,social_interactions,ToM,0.04730692878365517
full_tail,whole_parcel,MD,LH_midFrontal,L,social_relations,ToM,0.09498167037963867
full_tail,whole_parcel,MD,LH_midFrontal,L,desires_goals,ToM,0.048390425741672516
full_tail,whole_parcel,MD,LH_midFrontal,L,primary_emotions,ToM,0.025275036692619324
full_tail,whole_parcel,MD,LH_midFrontal,L,secondary_emotions,ToM,0.02390623837709427
full_tail,whole_parcel,MD,LH_midFrontal,L,emotion_fewshot,ToM,0.07539564371109009
full_tail,whole_parcel,MD,LH_midFrontal,L,norm_appropriate,ToM,0.09026815742254257
full_tail,whole_parcel,MD,LH_midFrontal,L,norm_moral,ToM,0.08604925125837326
full_tail,whole_parcel,MD,LH_midFrontalOrb,L,anaphor_gender_agreement,Lan,0.028342021629214287
full_tail,whole_parcel,MD,LH_midFrontalOrb,L,det_noun_agreement_irregular,Lan,0.020067112520337105
full_tail,whole_parcel,MD,LH_midFrontalOrb,L,det_noun_agreement_regular,Lan,0.02087428607046604
full_tail,whole_parcel,MD,LH_midFrontalOrb,L,det_noun_agreement_with_adjective,Lan,0.010847902856767178
full_tail,whole_parcel,MD,LH_midFrontalOrb,L,subject_verb_agreement,Lan,0.04256860539317131
full_tail,whole_parcel,MD,LH_midFrontalOrb,L,npi,Lan,0.00778115214779973
full_tail,whole_parcel,MD,LH_midFrontalOrb,L,hypernymy,Lan,0.040760286152362823
full_tail,whole_parcel,MD,LH_midFrontalOrb,L,wug,Lan,0.041882552206516266
full_tail,whole_parcel,MD,LH_midFrontalOrb,L,logic_syllogism_1,MD,-0.00954882986843586
full_tail,whole_parcel,MD,LH_midFrontalOrb,L,logic_syllogism_symbolic,MD,0.025557413697242737
full_tail,whole_parcel,MD,LH_midFrontalOrb,L,logic_propositional_1,MD,0.00704439589753747
full_tail,whole_parcel,MD,LH_midFrontalOrb,L,logic_propositional_symbolic,MD,0.04247960075736046
full_tail,whole_parcel,MD,LH_midFrontalOrb,L,number_sequence,MD,0.07753463834524155
full_tail,whole_parcel,MD,LH_midFrontalOrb,L,add_sub_2op_verbal,MD,0.1301230639219284
full_tail,whole_parcel,MD,LH_midFrontalOrb,L,add_sub_2op_symbolic,MD,0.058770980685949326
full_tail,whole_parcel,MD,LH_midFrontalOrb,L,add_sub_3op_verbal,MD,0.15035589039325714
full_tail,whole_parcel,MD,LH_midFrontalOrb,L,add_sub_3op_symbolic,MD,0.06734397262334824
full_tail,whole_parcel,MD,LH_midFrontalOrb,L,mul_div_2op_verbal,MD,0.10374391078948975
full_tail,whole_parcel,MD,LH_midFrontalOrb,L,mul_div_2op_symbolic,MD,0.057626642286777496
full_tail,whole_parcel,MD,LH_midFrontalOrb,L,mul_div_3op_verbal,MD,0.11846882104873657
full_tail,whole_parcel,MD,LH_midFrontalOrb,L,mul_div_3op_symbolic,MD,0.0674545094370842
full_tail,whole_parcel,MD,LH_midFrontalOrb,L,simple_equation,MD,0.06436023116111755
full_tail,whole_parcel,MD,LH_midFrontalOrb,L,number_sorting,MD,0.14840927720069885
full_tail,whole_parcel,MD,LH_midFrontalOrb,L,code_conditional,MD,0.05487915873527527
full_tail,whole_parcel,MD,LH_midFrontalOrb,L,code_loop,MD,0.054116301238536835
full_tail,whole_parcel,MD,LH_midFrontalOrb,L,code_list,MD,0.04890770837664604
full_tail,whole_parcel,MD,LH_midFrontalOrb,L,code_A,MD,0.053740765899419785
full_tail,whole_parcel,MD,LH_midFrontalOrb,L,code_B,MD,0.048939209431409836
full_tail,whole_parcel,MD,LH_midFrontalOrb,L,phys_newton,phys,0.02053149789571762
full_tail,whole_parcel,MD,LH_midFrontalOrb,L,phys_prost,phys,0.029177330434322357
full_tail,whole_parcel,MD,LH_midFrontalOrb,L,physics_buoyancy,phys,0.021210243925452232
full_tail,whole_parcel,MD,LH_midFrontalOrb,L,physics_brightness,phys,0.00978976208716631
full_tail,whole_parcel,MD,LH_midFrontalOrb,L,physics_elasticity,phys,-0.0020920769311487675
full_tail,whole_parcel,MD,LH_midFrontalOrb,L,physics_solubility,phys,0.01202288269996643
full_tail,whole_parcel,MD,LH_midFrontalOrb,L,physics_speed,phys,0.004206368234008551
full_tail,whole_parcel,MD,LH_midFrontalOrb,L,physics_stability,phys,0.001171185402199626
full_tail,whole_parcel,MD,LH_midFrontalOrb,L,physics_temperature,phys,0.000302988279145211
full_tail,whole_parcel,MD,LH_midFrontalOrb,L,agent,ToM,0.02857867442071438
full_tail,whole_parcel,MD,LH_midFrontalOrb,L,social_interactions,ToM,-0.003062781412154436
full_tail,whole_parcel,MD,LH_midFrontalOrb,L,social_relations,ToM,0.0070131151005625725
full_tail,whole_parcel,MD,LH_midFrontalOrb,L,desires_goals,ToM,-0.01048553828150034
full_tail,whole_parcel,MD,LH_midFrontalOrb,L,primary_emotions,ToM,-0.010297797620296478
full_tail,whole_parcel,MD,LH_midFrontalOrb,L,secondary_emotions,ToM,-0.010595333762466908
full_tail,whole_parcel,MD,LH_midFrontalOrb,L,emotion_fewshot,ToM,-0.003693296341225505
full_tail,whole_parcel,MD,LH_midFrontalOrb,L,norm_appropriate,ToM,0.004504072014242411
full_tail,whole_parcel,MD,LH_midFrontalOrb,L,norm_moral,ToM,0.007253656163811684
full_tail,whole_parcel,MD,LH_insula,L,anaphor_gender_agreement,Lan,0.06248364970088005
full_tail,whole_parcel,MD,LH_insula,L,det_noun_agreement_irregular,Lan,0.05753039941191673
full_tail,whole_parcel,MD,LH_insula,L,det_noun_agreement_regular,Lan,0.057194843888282776
full_tail,whole_parcel,MD,LH_insula,L,det_noun_agreement_with_adjective,Lan,0.05313137546181679
full_tail,whole_parcel,MD,LH_insula,L,subject_verb_agreement,Lan,0.07164067029953003
full_tail,whole_parcel,MD,LH_insula,L,npi,Lan,0.05008626729249954
full_tail,whole_parcel,MD,LH_insula,L,hypernymy,Lan,0.06371799856424332
full_tail,whole_parcel,MD,LH_insula,L,wug,Lan,0.07674382627010345
full_tail,whole_parcel,MD,LH_insula,L,logic_syllogism_1,MD,0.04718869924545288
full_tail,whole_parcel,MD,LH_insula,L,logic_syllogism_symbolic,MD,0.05385325476527214
full_tail,whole_parcel,MD,LH_insula,L,logic_propositional_1,MD,0.057180456817150116
full_tail,whole_parcel,MD,LH_insula,L,logic_propositional_symbolic,MD,0.0749913677573204
full_tail,whole_parcel,MD,LH_insula,L,number_sequence,MD,0.10057134926319122
full_tail,whole_parcel,MD,LH_insula,L,add_sub_2op_verbal,MD,0.14283989369869232
full_tail,whole_parcel,MD,LH_insula,L,add_sub_2op_symbolic,MD,0.08411574363708496
full_tail,whole_parcel,MD,LH_insula,L,add_sub_3op_verbal,MD,0.1507175862789154
full_tail,whole_parcel,MD,LH_insula,L,add_sub_3op_symbolic,MD,0.09081750363111496
full_tail,whole_parcel,MD,LH_insula,L,mul_div_2op_verbal,MD,0.12334465235471725
full_tail,whole_parcel,MD,LH_insula,L,mul_div_2op_symbolic,MD,0.08326417952775955
full_tail,whole_parcel,MD,LH_insula,L,mul_div_3op_verbal,MD,0.13489893078804016
full_tail,whole_parcel,MD,LH_insula,L,mul_div_3op_symbolic,MD,0.09169314801692963
full_tail,whole_parcel,MD,LH_insula,L,simple_equation,MD,0.08632047474384308
full_tail,whole_parcel,MD,LH_insula,L,number_sorting,MD,0.12215249240398407
full_tail,whole_parcel,MD,LH_insula,L,code_conditional,MD,0.06587252020835876
full_tail,whole_parcel,MD,LH_insula,L,code_loop,MD,0.061953846365213394
full_tail,whole_parcel,MD,LH_insula,L,code_list,MD,0.060444269329309464
full_tail,whole_parcel,MD,LH_insula,L,code_A,MD,0.0651838555932045
full_tail,whole_parcel,MD,LH_insula,L,code_B,MD,0.061448488384485245
full_tail,whole_parcel,MD,LH_insula,L,phys_newton,phys,0.041822027415037155
full_tail,whole_parcel,MD,LH_insula,L,phys_prost,phys,0.045315030962228775
full_tail,whole_parcel,MD,LH_insula,L,physics_buoyancy,phys,0.013268109411001205
full_tail,whole_parcel,MD,LH_insula,L,physics_brightness,phys,0.00167094764765352
full_tail,whole_parcel,MD,LH_insula,L,physics_elasticity,phys,-0.0015693564200773835
full_tail,whole_parcel,MD,LH_insula,L,physics_solubility,phys,0.005897237919270992
full_tail,whole_parcel,MD,LH_insula,L,physics_speed,phys,0.004937994293868542
full_tail,whole_parcel,MD,LH_insula,L,physics_stability,phys,-0.005729472264647484
full_tail,whole_parcel,MD,LH_insula,L,physics_temperature,phys,-0.015300783328711987
full_tail,whole_parcel,MD,LH_insula,L,agent,ToM,0.04834212362766266
full_tail,whole_parcel,MD,LH_insula,L,social_interactions,ToM,0.054878704249858856
full_tail,whole_parcel,MD,LH_insula,L,social_relations,ToM,0.04445044696331024
full_tail,whole_parcel,MD,LH_insula,L,desires_goals,ToM,0.03706281632184982
full_tail,whole_parcel,MD,LH_insula,L,primary_emotions,ToM,0.04502660408616066
full_tail,whole_parcel,MD,LH_insula,L,secondary_emotions,ToM,0.046120449900627136
full_tail,whole_parcel,MD,LH_insula,L,emotion_fewshot,ToM,0.024266352877020836
full_tail,whole_parcel,MD,LH_insula,L,norm_appropriate,ToM,0.023955408483743668
full_tail,whole_parcel,MD,LH_insula,L,norm_moral,ToM,0.030603593215346336
full_tail,whole_parcel,MD,LH_medialFrontal,L,anaphor_gender_agreement,Lan,0.07141367346048355
full_tail,whole_parcel,MD,LH_medialFrontal,L,det_noun_agreement_irregular,Lan,0.07433528453111649
full_tail,whole_parcel,MD,LH_medialFrontal,L,det_noun_agreement_regular,Lan,0.07441934198141098
full_tail,whole_parcel,MD,LH_medialFrontal,L,det_noun_agreement_with_adjective,Lan,0.07655876129865646
full_tail,whole_parcel,MD,LH_medialFrontal,L,subject_verb_agreement,Lan,0.07513783872127533
full_tail,whole_parcel,MD,LH_medialFrontal,L,npi,Lan,0.08914530277252197
full_tail,whole_parcel,MD,LH_medialFrontal,L,hypernymy,Lan,0.0701773390173912
full_tail,whole_parcel,MD,LH_medialFrontal,L,wug,Lan,0.1142643392086029
full_tail,whole_parcel,MD,LH_medialFrontal,L,logic_syllogism_1,MD,0.10588384419679642
full_tail,whole_parcel,MD,LH_medialFrontal,L,logic_syllogism_symbolic,MD,0.10606224089860916
full_tail,whole_parcel,MD,LH_medialFrontal,L,logic_propositional_1,MD,0.13163535296916962
full_tail,whole_parcel,MD,LH_medialFrontal,L,logic_propositional_symbolic,MD,0.1366288661956787
full_tail,whole_parcel,MD,LH_medialFrontal,L,number_sequence,MD,0.12901148200035095
full_tail,whole_parcel,MD,LH_medialFrontal,L,add_sub_2op_verbal,MD,0.18610160052776337
full_tail,whole_parcel,MD,LH_medialFrontal,L,add_sub_2op_symbolic,MD,0.09594303369522095
full_tail,whole_parcel,MD,LH_medialFrontal,L,add_sub_3op_verbal,MD,0.20228148996829987
full_tail,whole_parcel,MD,LH_medialFrontal,L,add_sub_3op_symbolic,MD,0.11485046148300171
full_tail,whole_parcel,MD,LH_medialFrontal,L,mul_div_2op_verbal,MD,0.15641172230243683
full_tail,whole_parcel,MD,LH_medialFrontal,L,mul_div_2op_symbolic,MD,0.09438803046941757
full_tail,whole_parcel,MD,LH_medialFrontal,L,mul_div_3op_verbal,MD,0.17385588586330414
full_tail,whole_parcel,MD,LH_medialFrontal,L,mul_div_3op_symbolic,MD,0.1154983714222908
full_tail,whole_parcel,MD,LH_medialFrontal,L,simple_equation,MD,0.12659062445163727
full_tail,whole_parcel,MD,LH_medialFrontal,L,number_sorting,MD,0.26253268122673035
full_tail,whole_parcel,MD,LH_medialFrontal,L,code_conditional,MD,0.15606358647346497
full_tail,whole_parcel,MD,LH_medialFrontal,L,code_loop,MD,0.1522933691740036
full_tail,whole_parcel,MD,LH_medialFrontal,L,code_list,MD,0.15011988580226898
full_tail,whole_parcel,MD,LH_medialFrontal,L,code_A,MD,0.15390515327453613
full_tail,whole_parcel,MD,LH_medialFrontal,L,code_B,MD,0.1521388590335846
full_tail,whole_parcel,MD,LH_medialFrontal,L,phys_newton,phys,0.10742051899433136
full_tail,whole_parcel,MD,LH_medialFrontal,L,phys_prost,phys,0.10864830017089844
full_tail,whole_parcel,MD,LH_medialFrontal,L,physics_buoyancy,phys,0.10066420584917068
full_tail,whole_parcel,MD,LH_medialFrontal,L,physics_brightness,phys,0.0724903866648674
full_tail,whole_parcel,MD,LH_medialFrontal,L,physics_elasticity,phys,0.07266110926866531
full_tail,whole_parcel,MD,LH_medialFrontal,L,physics_solubility,phys,0.07443312555551529
full_tail,whole_parcel,MD,LH_medialFrontal,L,physics_speed,phys,0.07115345448255539
full_tail,whole_parcel,MD,LH_medialFrontal,L,physics_stability,phys,0.06964918226003647
full_tail,whole_parcel,MD,LH_medialFrontal,L,physics_temperature,phys,0.07380117475986481
full_tail,whole_parcel,MD,LH_medialFrontal,L,agent,ToM,0.12958209216594696
full_tail,whole_parcel,MD,LH_medialFrontal,L,social_interactions,ToM,0.10464482754468918
full_tail,whole_parcel,MD,LH_medialFrontal,L,social_relations,ToM,0.12843655049800873
full_tail,whole_parcel,MD,LH_medialFrontal,L,desires_goals,ToM,0.07908601313829422
full_tail,whole_parcel,MD,LH_medialFrontal,L,primary_emotions,ToM,0.07262057811021805
full_tail,whole_parcel,MD,LH_medialFrontal,L,secondary_emotions,ToM,0.06908063590526581
full_tail,whole_parcel,MD,LH_medialFrontal,L,emotion_fewshot,ToM,0.0915641263127327
full_tail,whole_parcel,MD,LH_medialFrontal,L,norm_appropriate,ToM,0.11571436375379562
full_tail,whole_parcel,MD,LH_medialFrontal,L,norm_moral,ToM,0.12509971857070923
full_tail,whole_parcel,MD,RH_postParietal,R,anaphor_gender_agreement,Lan,0.02990046702325344
full_tail,whole_parcel,MD,RH_postParietal,R,det_noun_agreement_irregular,Lan,0.033198386430740356
full_tail,whole_parcel,MD,RH_postParietal,R,det_noun_agreement_regular,Lan,0.03537977114319801
full_tail,whole_parcel,MD,RH_postParietal,R,det_noun_agreement_with_adjective,Lan,0.03133675456047058
full_tail,whole_parcel,MD,RH_postParietal,R,subject_verb_agreement,Lan,0.03221753239631653
full_tail,whole_parcel,MD,RH_postParietal,R,npi,Lan,0.027518218383193016
full_tail,whole_parcel,MD,RH_postParietal,R,hypernymy,Lan,0.027762727811932564
full_tail,whole_parcel,MD,RH_postParietal,R,wug,Lan,-0.0030833007767796516
full_tail,whole_parcel,MD,RH_postParietal,R,logic_syllogism_1,MD,-0.10119889676570892
full_tail,whole_parcel,MD,RH_postParietal,R,logic_syllogism_symbolic,MD,-0.07184708118438721
full_tail,whole_parcel,MD,RH_postParietal,R,logic_propositional_1,MD,-0.08689737319946289
full_tail,whole_parcel,MD,RH_postParietal,R,logic_propositional_symbolic,MD,-0.029173562303185463
full_tail,whole_parcel,MD,RH_postParietal,R,number_sequence,MD,0.009270856156945229
full_tail,whole_parcel,MD,RH_postParietal,R,add_sub_2op_verbal,MD,0.03764450177550316
full_tail,whole_parcel,MD,RH_postParietal,R,add_sub_2op_symbolic,MD,0.024278627708554268
full_tail,whole_parcel,MD,RH_postParietal,R,add_sub_3op_verbal,MD,0.04504086822271347
full_tail,whole_parcel,MD,RH_postParietal,R,add_sub_3op_symbolic,MD,0.008512142114341259
full_tail,whole_parcel,MD,RH_postParietal,R,mul_div_2op_verbal,MD,0.02570568211376667
full_tail,whole_parcel,MD,RH_postParietal,R,mul_div_2op_symbolic,MD,0.012872311286628246
full_tail,whole_parcel,MD,RH_postParietal,R,mul_div_3op_verbal,MD,0.02973819151520729
full_tail,whole_parcel,MD,RH_postParietal,R,mul_div_3op_symbolic,MD,-0.0089564872905612
full_tail,whole_parcel,MD,RH_postParietal,R,simple_equation,MD,-0.01970846764743328
full_tail,whole_parcel,MD,RH_postParietal,R,number_sorting,MD,0.028243593871593475
full_tail,whole_parcel,MD,RH_postParietal,R,code_conditional,MD,-0.002950842957943678
full_tail,whole_parcel,MD,RH_postParietal,R,code_loop,MD,-0.029575729742646217
full_tail,whole_parcel,MD,RH_postParietal,R,code_list,MD,-0.01931655965745449
full_tail,whole_parcel,MD,RH_postParietal,R,code_A,MD,-0.01843533106148243
full_tail,whole_parcel,MD,RH_postParietal,R,code_B,MD,-0.01712903566658497
full_tail,whole_parcel,MD,RH_postParietal,R,phys_newton,phys,0.017780961468815804
full_tail,whole_parcel,MD,RH_postParietal,R,phys_prost,phys,0.047623228281736374
full_tail,whole_parcel,MD,RH_postParietal,R,physics_buoyancy,phys,0.052999403327703476
full_tail,whole_parcel,MD,RH_postParietal,R,physics_brightness,phys,0.0485818088054657
full_tail,whole_parcel,MD,RH_postParietal,R,physics_elasticity,phys,0.05638254061341286
full_tail,whole_parcel,MD,RH_postParietal,R,physics_solubility,phys,0.06726420670747757
full_tail,whole_parcel,MD,RH_postParietal,R,physics_speed,phys,0.035886093974113464
full_tail,whole_parcel,MD,RH_postParietal,R,physics_stability,phys,0.058386094868183136
full_tail,whole_parcel,MD,RH_postParietal,R,physics_temperature,phys,0.0276389941573143
full_tail,whole_parcel,MD,RH_postParietal,R,agent,ToM,0.03043370321393013
full_tail,whole_parcel,MD,RH_postParietal,R,social_interactions,ToM,-0.00913987122476101
full_tail,whole_parcel,MD,RH_postParietal,R,social_relations,ToM,-0.005883961915969849
full_tail,whole_parcel,MD,RH_postParietal,R,desires_goals,ToM,-0.010530545376241207
full_tail,whole_parcel,MD,RH_postParietal,R,primary_emotions,ToM,-0.00041272820089943707
full_tail,whole_parcel,MD,RH_postParietal,R,secondary_emotions,ToM,-0.011114990338683128
full_tail,whole_parcel,MD,RH_postParietal,R,emotion_fewshot,ToM,-0.011127240024507046
full_tail,whole_parcel,MD,RH_postParietal,R,norm_appropriate,ToM,0.014369885437190533
full_tail,whole_parcel,MD,RH_postParietal,R,norm_moral,ToM,-0.012009370140731335
full_tail,whole_parcel,MD,RH_midParietal,R,anaphor_gender_agreement,Lan,0.024794230237603188
full_tail,whole_parcel,MD,RH_midParietal,R,det_noun_agreement_irregular,Lan,0.019660906866192818
full_tail,whole_parcel,MD,RH_midParietal,R,det_noun_agreement_regular,Lan,0.02211790531873703
full_tail,whole_parcel,MD,RH_midParietal,R,det_noun_agreement_with_adjective,Lan,0.010617392137646675
full_tail,whole_parcel,MD,RH_midParietal,R,subject_verb_agreement,Lan,0.04311906546354294
full_tail,whole_parcel,MD,RH_midParietal,R,npi,Lan,0.01091897301375866
full_tail,whole_parcel,MD,RH_midParietal,R,hypernymy,Lan,0.04469851031899452
full_tail,whole_parcel,MD,RH_midParietal,R,wug,Lan,0.06019372120499611
full_tail,whole_parcel,MD,RH_midParietal,R,logic_syllogism_1,MD,-0.0590350516140461
full_tail,whole_parcel,MD,RH_midParietal,R,logic_syllogism_symbolic,MD,-0.010539369657635689
full_tail,whole_parcel,MD,RH_midParietal,R,logic_propositional_1,MD,-0.05120840296149254
full_tail,whole_parcel,MD,RH_midParietal,R,logic_propositional_symbolic,MD,0.02398710884153843
full_tail,whole_parcel,MD,RH_midParietal,R,number_sequence,MD,0.08746692538261414
full_tail,whole_parcel,MD,RH_midParietal,R,add_sub_2op_verbal,MD,0.18397262692451477
full_tail,whole_parcel,MD,RH_midParietal,R,add_sub_2op_symbolic,MD,0.05957090109586716
full_tail,whole_parcel,MD,RH_midParietal,R,add_sub_3op_verbal,MD,0.2125721424818039
full_tail,whole_parcel,MD,RH_midParietal,R,add_sub_3op_symbolic,MD,0.07088394463062286
full_tail,whole_parcel,MD,RH_midParietal,R,mul_div_2op_verbal,MD,0.140438511967659
full_tail,whole_parcel,MD,RH_midParietal,R,mul_div_2op_symbolic,MD,0.05629851296544075
full_tail,whole_parcel,MD,RH_midParietal,R,mul_div_3op_verbal,MD,0.16319037973880768
full_tail,whole_parcel,MD,RH_midParietal,R,mul_div_3op_symbolic,MD,0.06909724324941635
full_tail,whole_parcel,MD,RH_midParietal,R,simple_equation,MD,0.06386113911867142
full_tail,whole_parcel,MD,RH_midParietal,R,number_sorting,MD,0.16891491413116455
full_tail,whole_parcel,MD,RH_midParietal,R,code_conditional,MD,0.04400600492954254
full_tail,whole_parcel,MD,RH_midParietal,R,code_loop,MD,0.04122878611087799
full_tail,whole_parcel,MD,RH_midParietal,R,code_list,MD,0.03921889886260033
full_tail,whole_parcel,MD,RH_midParietal,R,code_A,MD,0.04308786988258362
full_tail,whole_parcel,MD,RH_midParietal,R,code_B,MD,0.03693003207445145
full_tail,whole_parcel,MD,RH_midParietal,R,phys_newton,phys,-0.0012379288673400879
full_tail,whole_parcel,MD,RH_midParietal,R,phys_prost,phys,0.012535648420453072
full_tail,whole_parcel,MD,RH_midParietal,R,physics_buoyancy,phys,0.0025805500335991383
full_tail,whole_parcel,MD,RH_midParietal,R,physics_brightness,phys,-0.015651283785700798
full_tail,whole_parcel,MD,RH_midParietal,R,physics_elasticity,phys,-0.04043659195303917
full_tail,whole_parcel,MD,RH_midParietal,R,physics_solubility,phys,-0.0018062498420476913
full_tail,whole_parcel,MD,RH_midParietal,R,physics_speed,phys,-0.02249881625175476
full_tail,whole_parcel,MD,RH_midParietal,R,physics_stability,phys,-0.027027415111660957
full_tail,whole_parcel,MD,RH_midParietal,R,physics_temperature,phys,-0.02503100223839283
full_tail,whole_parcel,MD,RH_midParietal,R,agent,ToM,0.004500227514654398
full_tail,whole_parcel,MD,RH_midParietal,R,social_interactions,ToM,-0.0509788915514946
full_tail,whole_parcel,MD,RH_midParietal,R,social_relations,ToM,-0.010489344596862793
full_tail,whole_parcel,MD,RH_midParietal,R,desires_goals,ToM,-0.030953548848628998
full_tail,whole_parcel,MD,RH_midParietal,R,primary_emotions,ToM,-0.03854244947433472
full_tail,whole_parcel,MD,RH_midParietal,R,secondary_emotions,ToM,-0.03824939951300621
full_tail,whole_parcel,MD,RH_midParietal,R,emotion_fewshot,ToM,-0.03906739130616188
full_tail,whole_parcel,MD,RH_midParietal,R,norm_appropriate,ToM,-0.03611369803547859
full_tail,whole_parcel,MD,RH_midParietal,R,norm_moral,ToM,-0.04023221507668495
full_tail,whole_parcel,MD,RH_antParietal,R,anaphor_gender_agreement,Lan,0.02871437557041645
full_tail,whole_parcel,MD,RH_antParietal,R,det_noun_agreement_irregular,Lan,0.023822618648409843
full_tail,whole_parcel,MD,RH_antParietal,R,det_noun_agreement_regular,Lan,0.024047574028372765
full_tail,whole_parcel,MD,RH_antParietal,R,det_noun_agreement_with_adjective,Lan,0.016516033560037613
full_tail,whole_parcel,MD,RH_antParietal,R,subject_verb_agreement,Lan,0.04103460907936096
full_tail,whole_parcel,MD,RH_antParietal,R,npi,Lan,0.010857936926186085
full_tail,whole_parcel,MD,RH_antParietal,R,hypernymy,Lan,0.03315763920545578
full_tail,whole_parcel,MD,RH_antParietal,R,wug,Lan,0.026079697534441948
full_tail,whole_parcel,MD,RH_antParietal,R,logic_syllogism_1,MD,-0.033127203583717346
full_tail,whole_parcel,MD,RH_antParietal,R,logic_syllogism_symbolic,MD,0.008581000380218029
full_tail,whole_parcel,MD,RH_antParietal,R,logic_propositional_1,MD,-0.004709706641733646
full_tail,whole_parcel,MD,RH_antParietal,R,logic_propositional_symbolic,MD,0.021974889561533928
full_tail,whole_parcel,MD,RH_antParietal,R,number_sequence,MD,0.05979767069220543
full_tail,whole_parcel,MD,RH_antParietal,R,add_sub_2op_verbal,MD,0.10791929811239243
full_tail,whole_parcel,MD,RH_antParietal,R,add_sub_2op_symbolic,MD,0.049889013171195984
full_tail,whole_parcel,MD,RH_antParietal,R,add_sub_3op_verbal,MD,0.13030803203582764
full_tail,whole_parcel,MD,RH_antParietal,R,add_sub_3op_symbolic,MD,0.055226847529411316
full_tail,whole_parcel,MD,RH_antParietal,R,mul_div_2op_verbal,MD,0.08540479093790054
full_tail,whole_parcel,MD,RH_antParietal,R,mul_div_2op_symbolic,MD,0.050352953374385834
full_tail,whole_parcel,MD,RH_antParietal,R,mul_div_3op_verbal,MD,0.10198143124580383
full_tail,whole_parcel,MD,RH_antParietal,R,mul_div_3op_symbolic,MD,0.058752693235874176
full_tail,whole_parcel,MD,RH_antParietal,R,simple_equation,MD,0.045689135789871216
full_tail,whole_parcel,MD,RH_antParietal,R,number_sorting,MD,0.14929328858852386
full_tail,whole_parcel,MD,RH_antParietal,R,code_conditional,MD,0.046083685010671616
full_tail,whole_parcel,MD,RH_antParietal,R,code_loop,MD,0.04189382866024971
full_tail,whole_parcel,MD,RH_antParietal,R,code_list,MD,0.036659520119428635
full_tail,whole_parcel,MD,RH_antParietal,R,code_A,MD,0.04613739252090454
full_tail,whole_parcel,MD,RH_antParietal,R,code_B,MD,0.038961734622716904
full_tail,whole_parcel,MD,RH_antParietal,R,phys_newton,phys,0.04391997307538986
full_tail,whole_parcel,MD,RH_antParietal,R,phys_prost,phys,0.056113891303539276
full_tail,whole_parcel,MD,RH_antParietal,R,physics_buoyancy,phys,0.0807233527302742
full_tail,whole_parcel,MD,RH_antParietal,R,physics_brightness,phys,0.08071766793727875
full_tail,whole_parcel,MD,RH_antParietal,R,physics_elasticity,phys,0.06805670261383057
full_tail,whole_parcel,MD,RH_antParietal,R,physics_solubility,phys,0.08809791505336761
full_tail,whole_parcel,MD,RH_antParietal,R,physics_speed,phys,0.06361228227615356
full_tail,whole_parcel,MD,RH_antParietal,R,physics_stability,phys,0.08859944343566895
full_tail,whole_parcel,MD,RH_antParietal,R,physics_temperature,phys,0.04430859163403511
full_tail,whole_parcel,MD,RH_antParietal,R,agent,ToM,0.03344038873910904
full_tail,whole_parcel,MD,RH_antParietal,R,social_interactions,ToM,-0.0034710022155195475
full_tail,whole_parcel,MD,RH_antParietal,R,social_relations,ToM,-0.004511134698987007
full_tail,whole_parcel,MD,RH_antParietal,R,desires_goals,ToM,-0.00810330267995596
full_tail,whole_parcel,MD,RH_antParietal,R,primary_emotions,ToM,-0.014128249138593674
full_tail,whole_parcel,MD,RH_antParietal,R,secondary_emotions,ToM,-0.013017314486205578
full_tail,whole_parcel,MD,RH_antParietal,R,emotion_fewshot,ToM,0.012110010720789433
full_tail,whole_parcel,MD,RH_antParietal,R,norm_appropriate,ToM,0.015319367870688438
full_tail,whole_parcel,MD,RH_antParietal,R,norm_moral,ToM,0.022376660257577896
full_tail,whole_parcel,MD,RH_supFrontal,R,anaphor_gender_agreement,Lan,0.07492540031671524
full_tail,whole_parcel,MD,RH_supFrontal,R,det_noun_agreement_irregular,Lan,0.07529396563768387
full_tail,whole_parcel,MD,RH_supFrontal,R,det_noun_agreement_regular,Lan,0.0771971344947815
full_tail,whole_parcel,MD,RH_supFrontal,R,det_noun_agreement_with_adjective,Lan,0.07530447095632553
full_tail,whole_parcel,MD,RH_supFrontal,R,subject_verb_agreement,Lan,0.07841198891401291
full_tail,whole_parcel,MD,RH_supFrontal,R,npi,Lan,0.0711563304066658
full_tail,whole_parcel,MD,RH_supFrontal,R,hypernymy,Lan,0.0711517259478569
full_tail,whole_parcel,MD,RH_supFrontal,R,wug,Lan,0.05945207178592682
full_tail,whole_parcel,MD,RH_supFrontal,R,logic_syllogism_1,MD,0.0041514006443321705
full_tail,whole_parcel,MD,RH_supFrontal,R,logic_syllogism_symbolic,MD,0.020420685410499573
full_tail,whole_parcel,MD,RH_supFrontal,R,logic_propositional_1,MD,0.025677915662527084
full_tail,whole_parcel,MD,RH_supFrontal,R,logic_propositional_symbolic,MD,0.05635194480419159
full_tail,whole_parcel,MD,RH_supFrontal,R,number_sequence,MD,0.08436889201402664
full_tail,whole_parcel,MD,RH_supFrontal,R,add_sub_2op_verbal,MD,0.12001820653676987
full_tail,whole_parcel,MD,RH_supFrontal,R,add_sub_2op_symbolic,MD,0.07931901514530182
full_tail,whole_parcel,MD,RH_supFrontal,R,add_sub_3op_verbal,MD,0.13461700081825256
full_tail,whole_parcel,MD,RH_supFrontal,R,add_sub_3op_symbolic,MD,0.07754839956760406
full_tail,whole_parcel,MD,RH_supFrontal,R,mul_div_2op_verbal,MD,0.10174449533224106
full_tail,whole_parcel,MD,RH_supFrontal,R,mul_div_2op_symbolic,MD,0.0731407180428505
full_tail,whole_parcel,MD,RH_supFrontal,R,mul_div_3op_verbal,MD,0.11280617862939835
full_tail,whole_parcel,MD,RH_supFrontal,R,mul_div_3op_symbolic,MD,0.06941378861665726
full_tail,whole_parcel,MD,RH_supFrontal,R,simple_equation,MD,0.06593400985002518
full_tail,whole_parcel,MD,RH_supFrontal,R,number_sorting,MD,0.16095450520515442
full_tail,whole_parcel,MD,RH_supFrontal,R,code_conditional,MD,0.09364067018032074
full_tail,whole_parcel,MD,RH_supFrontal,R,code_loop,MD,0.07652495801448822
full_tail,whole_parcel,MD,RH_supFrontal,R,code_list,MD,0.08113164454698563
full_tail,whole_parcel,MD,RH_supFrontal,R,code_A,MD,0.08537570387125015
full_tail,whole_parcel,MD,RH_supFrontal,R,code_B,MD,0.08349467068910599
full_tail,whole_parcel,MD,RH_supFrontal,R,phys_newton,phys,0.10525830835103989
full_tail,whole_parcel,MD,RH_supFrontal,R,phys_prost,phys,0.12448753416538239
full_tail,whole_parcel,MD,RH_supFrontal,R,physics_buoyancy,phys,0.14549773931503296
full_tail,whole_parcel,MD,RH_supFrontal,R,physics_brightness,phys,0.1341923028230667
full_tail,whole_parcel,MD,RH_supFrontal,R,physics_elasticity,phys,0.14112399518489838
full_tail,whole_parcel,MD,RH_supFrontal,R,physics_solubility,phys,0.1412305384874344
full_tail,whole_parcel,MD,RH_supFrontal,R,physics_speed,phys,0.12042957544326782
full_tail,whole_parcel,MD,RH_supFrontal,R,physics_stability,phys,0.14710202813148499
full_tail,whole_parcel,MD,RH_supFrontal,R,physics_temperature,phys,0.11587312072515488
full_tail,whole_parcel,MD,RH_supFrontal,R,agent,ToM,0.10917139053344727
full_tail,whole_parcel,MD,RH_supFrontal,R,social_interactions,ToM,0.06865689903497696
full_tail,whole_parcel,MD,RH_supFrontal,R,social_relations,ToM,0.07054656744003296
full_tail,whole_parcel,MD,RH_supFrontal,R,desires_goals,ToM,0.05509762093424797
full_tail,whole_parcel,MD,RH_supFrontal,R,primary_emotions,ToM,0.05434578284621239
full_tail,whole_parcel,MD,RH_supFrontal,R,secondary_emotions,ToM,0.04745853692293167
full_tail,whole_parcel,MD,RH_supFrontal,R,emotion_fewshot,ToM,0.08081113547086716
full_tail,whole_parcel,MD,RH_supFrontal,R,norm_appropriate,ToM,0.11265452951192856
full_tail,whole_parcel,MD,RH_supFrontal,R,norm_moral,ToM,0.09743190556764603
full_tail,whole_parcel,MD,RH_Precentral_A_PrecG,R,anaphor_gender_agreement,Lan,0.1448778659105301
full_tail,whole_parcel,MD,RH_Precentral_A_PrecG,R,det_noun_agreement_irregular,Lan,0.15309686958789825
full_tail,whole_parcel,MD,RH_Precentral_A_PrecG,R,det_noun_agreement_regular,Lan,0.15250414609909058
full_tail,whole_parcel,MD,RH_Precentral_A_PrecG,R,det_noun_agreement_with_adjective,Lan,0.16087213158607483
full_tail,whole_parcel,MD,RH_Precentral_A_PrecG,R,subject_verb_agreement,Lan,0.1349516659975052
full_tail,whole_parcel,MD,RH_Precentral_A_PrecG,R,npi,Lan,0.1591554582118988
full_tail,whole_parcel,MD,RH_Precentral_A_PrecG,R,hypernymy,Lan,0.1230485811829567
full_tail,whole_parcel,MD,RH_Precentral_A_PrecG,R,wug,Lan,0.15130984783172607
full_tail,whole_parcel,MD,RH_Precentral_A_PrecG,R,logic_syllogism_1,MD,0.1330125629901886
full_tail,whole_parcel,MD,RH_Precentral_A_PrecG,R,logic_syllogism_symbolic,MD,0.1354239583015442
full_tail,whole_parcel,MD,RH_Precentral_A_PrecG,R,logic_propositional_1,MD,0.16524285078048706
full_tail,whole_parcel,MD,RH_Precentral_A_PrecG,R,logic_propositional_symbolic,MD,0.18707036972045898
full_tail,whole_parcel,MD,RH_Precentral_A_PrecG,R,number_sequence,MD,0.17796029150485992
full_tail,whole_parcel,MD,RH_Precentral_A_PrecG,R,add_sub_2op_verbal,MD,0.21031880378723145
full_tail,whole_parcel,MD,RH_Precentral_A_PrecG,R,add_sub_2op_symbolic,MD,0.14475007355213165
full_tail,whole_parcel,MD,RH_Precentral_A_PrecG,R,add_sub_3op_verbal,MD,0.2213830053806305
full_tail,whole_parcel,MD,RH_Precentral_A_PrecG,R,add_sub_3op_symbolic,MD,0.1577320694923401
full_tail,whole_parcel,MD,RH_Precentral_A_PrecG,R,mul_div_2op_verbal,MD,0.1890050619840622
full_tail,whole_parcel,MD,RH_Precentral_A_PrecG,R,mul_div_2op_symbolic,MD,0.1454744040966034
full_tail,whole_parcel,MD,RH_Precentral_A_PrecG,R,mul_div_3op_verbal,MD,0.2081889510154724
full_tail,whole_parcel,MD,RH_Precentral_A_PrecG,R,mul_div_3op_symbolic,MD,0.1598513424396515
full_tail,whole_parcel,MD,RH_Precentral_A_PrecG,R,simple_equation,MD,0.16574497520923615
full_tail,whole_parcel,MD,RH_Precentral_A_PrecG,R,number_sorting,MD,0.29015296697616577
full_tail,whole_parcel,MD,RH_Precentral_A_PrecG,R,code_conditional,MD,0.21693125367164612
full_tail,whole_parcel,MD,RH_Precentral_A_PrecG,R,code_loop,MD,0.20123696327209473
full_tail,whole_parcel,MD,RH_Precentral_A_PrecG,R,code_list,MD,0.20406191051006317
full_tail,whole_parcel,MD,RH_Precentral_A_PrecG,R,code_A,MD,0.21317723393440247
full_tail,whole_parcel,MD,RH_Precentral_A_PrecG,R,code_B,MD,0.20963379740715027
full_tail,whole_parcel,MD,RH_Precentral_A_PrecG,R,phys_newton,phys,0.18880420923233032
full_tail,whole_parcel,MD,RH_Precentral_A_PrecG,R,phys_prost,phys,0.20130670070648193
full_tail,whole_parcel,MD,RH_Precentral_A_PrecG,R,physics_buoyancy,phys,0.1973867118358612
full_tail,whole_parcel,MD,RH_Precentral_A_PrecG,R,physics_brightness,phys,0.16976015269756317
full_tail,whole_parcel,MD,RH_Precentral_A_PrecG,R,physics_elasticity,phys,0.18373645842075348
full_tail,whole_parcel,MD,RH_Precentral_A_PrecG,R,physics_solubility,phys,0.17850197851657867
full_tail,whole_parcel,MD,RH_Precentral_A_PrecG,R,physics_speed,phys,0.16831298172473907
full_tail,whole_parcel,MD,RH_Precentral_A_PrecG,R,physics_stability,phys,0.18190044164657593
full_tail,whole_parcel,MD,RH_Precentral_A_PrecG,R,physics_temperature,phys,0.15597212314605713
full_tail,whole_parcel,MD,RH_Precentral_A_PrecG,R,agent,ToM,0.1936602145433426
full_tail,whole_parcel,MD,RH_Precentral_A_PrecG,R,social_interactions,ToM,0.16956238448619843
full_tail,whole_parcel,MD,RH_Precentral_A_PrecG,R,social_relations,ToM,0.1758911907672882
full_tail,whole_parcel,MD,RH_Precentral_A_PrecG,R,desires_goals,ToM,0.14163124561309814
full_tail,whole_parcel,MD,RH_Precentral_A_PrecG,R,primary_emotions,ToM,0.14693759381771088
full_tail,whole_parcel,MD,RH_Precentral_A_PrecG,R,secondary_emotions,ToM,0.1405971795320511
full_tail,whole_parcel,MD,RH_Precentral_A_PrecG,R,emotion_fewshot,ToM,0.14929668605327606
full_tail,whole_parcel,MD,RH_Precentral_A_PrecG,R,norm_appropriate,ToM,0.1934538185596466
full_tail,whole_parcel,MD,RH_Precentral_A_PrecG,R,norm_moral,ToM,0.1847284734249115
full_tail,whole_parcel,MD,RH_Precental_B_IFGop,R,anaphor_gender_agreement,Lan,0.10885176807641983
full_tail,whole_parcel,MD,RH_Precental_B_IFGop,R,det_noun_agreement_irregular,Lan,0.11936946213245392
full_tail,whole_parcel,MD,RH_Precental_B_IFGop,R,det_noun_agreement_regular,Lan,0.12026341259479523
full_tail,whole_parcel,MD,RH_Precental_B_IFGop,R,det_noun_agreement_with_adjective,Lan,0.1280287504196167
full_tail,whole_parcel,MD,RH_Precental_B_IFGop,R,subject_verb_agreement,Lan,0.11039313673973083
full_tail,whole_parcel,MD,RH_Precental_B_IFGop,R,npi,Lan,0.12193238735198975
full_tail,whole_parcel,MD,RH_Precental_B_IFGop,R,hypernymy,Lan,0.11060167104005814
full_tail,whole_parcel,MD,RH_Precental_B_IFGop,R,wug,Lan,0.16591253876686096
full_tail,whole_parcel,MD,RH_Precental_B_IFGop,R,logic_syllogism_1,MD,0.1069997027516365
full_tail,whole_parcel,MD,RH_Precental_B_IFGop,R,logic_syllogism_symbolic,MD,0.11764971166849136
full_tail,whole_parcel,MD,RH_Precental_B_IFGop,R,logic_propositional_1,MD,0.13098442554473877
full_tail,whole_parcel,MD,RH_Precental_B_IFGop,R,logic_propositional_symbolic,MD,0.16658124327659607
full_tail,whole_parcel,MD,RH_Precental_B_IFGop,R,number_sequence,MD,0.1937466859817505
full_tail,whole_parcel,MD,RH_Precental_B_IFGop,R,add_sub_2op_verbal,MD,0.28567996621131897
full_tail,whole_parcel,MD,RH_Precental_B_IFGop,R,add_sub_2op_symbolic,MD,0.13798511028289795
full_tail,whole_parcel,MD,RH_Precental_B_IFGop,R,add_sub_3op_verbal,MD,0.3080172538757324
full_tail,whole_parcel,MD,RH_Precental_B_IFGop,R,add_sub_3op_symbolic,MD,0.16716767847537994
full_tail,whole_parcel,MD,RH_Precental_B_IFGop,R,mul_div_2op_verbal,MD,0.24299515783786774
full_tail,whole_parcel,MD,RH_Precental_B_IFGop,R,mul_div_2op_symbolic,MD,0.14446333050727844
full_tail,whole_parcel,MD,RH_Precental_B_IFGop,R,mul_div_3op_verbal,MD,0.27469542622566223
full_tail,whole_parcel,MD,RH_Precental_B_IFGop,R,mul_div_3op_symbolic,MD,0.17938733100891113
full_tail,whole_parcel,MD,RH_Precental_B_IFGop,R,simple_equation,MD,0.18432357907295227
full_tail,whole_parcel,MD,RH_Precental_B_IFGop,R,number_sorting,MD,0.2853623330593109
full_tail,whole_parcel,MD,RH_Precental_B_IFGop,R,code_conditional,MD,0.18197347223758698
full_tail,whole_parcel,MD,RH_Precental_B_IFGop,R,code_loop,MD,0.18113945424556732
full_tail,whole_parcel,MD,RH_Precental_B_IFGop,R,code_list,MD,0.17966078221797943
full_tail,whole_parcel,MD,RH_Precental_B_IFGop,R,code_A,MD,0.18918931484222412
full_tail,whole_parcel,MD,RH_Precental_B_IFGop,R,code_B,MD,0.18551650643348694
full_tail,whole_parcel,MD,RH_Precental_B_IFGop,R,phys_newton,phys,0.16714400053024292
full_tail,whole_parcel,MD,RH_Precental_B_IFGop,R,phys_prost,phys,0.17817001044750214
full_tail,whole_parcel,MD,RH_Precental_B_IFGop,R,physics_buoyancy,phys,0.17570990324020386
full_tail,whole_parcel,MD,RH_Precental_B_IFGop,R,physics_brightness,phys,0.15980732440948486
full_tail,whole_parcel,MD,RH_Precental_B_IFGop,R,physics_elasticity,phys,0.14464405179023743
full_tail,whole_parcel,MD,RH_Precental_B_IFGop,R,physics_solubility,phys,0.1677563488483429
full_tail,whole_parcel,MD,RH_Precental_B_IFGop,R,physics_speed,phys,0.1424897015094757
full_tail,whole_parcel,MD,RH_Precental_B_IFGop,R,physics_stability,phys,0.14874477684497833
full_tail,whole_parcel,MD,RH_Precental_B_IFGop,R,physics_temperature,phys,0.12523576617240906
full_tail,whole_parcel,MD,RH_Precental_B_IFGop,R,agent,ToM,0.13029631972312927
full_tail,whole_parcel,MD,RH_Precental_B_IFGop,R,social_interactions,ToM,0.10457766801118851
full_tail,whole_parcel,MD,RH_Precental_B_IFGop,R,social_relations,ToM,0.12406272441148758
full_tail,whole_parcel,MD,RH_Precental_B_IFGop,R,desires_goals,ToM,0.0944802388548851
full_tail,whole_parcel,MD,RH_Precental_B_IFGop,R,primary_emotions,ToM,0.0914924219250679
full_tail,whole_parcel,MD,RH_Precental_B_IFGop,R,secondary_emotions,ToM,0.09082037210464478
full_tail,whole_parcel,MD,RH_Precental_B_IFGop,R,emotion_fewshot,ToM,0.10051076114177704
full_tail,whole_parcel,MD,RH_Precental_B_IFGop,R,norm_appropriate,ToM,0.11719891428947449
full_tail,whole_parcel,MD,RH_Precental_B_IFGop,R,norm_moral,ToM,0.10713876783847809
full_tail,whole_parcel,MD,RH_midFrontal,R,anaphor_gender_agreement,Lan,0.07802016288042068
full_tail,whole_parcel,MD,RH_midFrontal,R,det_noun_agreement_irregular,Lan,0.08114490658044815
full_tail,whole_parcel,MD,RH_midFrontal,R,det_noun_agreement_regular,Lan,0.08376103639602661
full_tail,whole_parcel,MD,RH_midFrontal,R,det_noun_agreement_with_adjective,Lan,0.08339715749025345
full_tail,whole_parcel,MD,RH_midFrontal,R,subject_verb_agreement,Lan,0.08319424092769623
full_tail,whole_parcel,MD,RH_midFrontal,R,npi,Lan,0.08437133580446243
full_tail,whole_parcel,MD,RH_midFrontal,R,hypernymy,Lan,0.08275790512561798
full_tail,whole_parcel,MD,RH_midFrontal,R,wug,Lan,0.10542947798967361
full_tail,whole_parcel,MD,RH_midFrontal,R,logic_syllogism_1,MD,0.02829430066049099
full_tail,whole_parcel,MD,RH_midFrontal,R,logic_syllogism_symbolic,MD,0.04340635612607002
full_tail,whole_parcel,MD,RH_midFrontal,R,logic_propositional_1,MD,0.031447701156139374
full_tail,whole_parcel,MD,RH_midFrontal,R,logic_propositional_symbolic,MD,0.09101955592632294
full_tail,whole_parcel,MD,RH_midFrontal,R,number_sequence,MD,0.1291763037443161
full_tail,whole_parcel,MD,RH_midFrontal,R,add_sub_2op_verbal,MD,0.20032313466072083
full_tail,whole_parcel,MD,RH_midFrontal,R,add_sub_2op_symbolic,MD,0.09646324813365936
full_tail,whole_parcel,MD,RH_midFrontal,R,add_sub_3op_verbal,MD,0.2196139544248581
full_tail,whole_parcel,MD,RH_midFrontal,R,add_sub_3op_symbolic,MD,0.10900644212961197
full_tail,whole_parcel,MD,RH_midFrontal,R,mul_div_2op_verbal,MD,0.16437296569347382
full_tail,whole_parcel,MD,RH_midFrontal,R,mul_div_2op_symbolic,MD,0.09228192269802094
full_tail,whole_parcel,MD,RH_midFrontal,R,mul_div_3op_verbal,MD,0.18396569788455963
full_tail,whole_parcel,MD,RH_midFrontal,R,mul_div_3op_symbolic,MD,0.1046561747789383
full_tail,whole_parcel,MD,RH_midFrontal,R,simple_equation,MD,0.11153940111398697
full_tail,whole_parcel,MD,RH_midFrontal,R,number_sorting,MD,0.19965152442455292
full_tail,whole_parcel,MD,RH_midFrontal,R,code_conditional,MD,0.11877509951591492
full_tail,whole_parcel,MD,RH_midFrontal,R,code_loop,MD,0.10887203365564346
full_tail,whole_parcel,MD,RH_midFrontal,R,code_list,MD,0.1126248836517334
full_tail,whole_parcel,MD,RH_midFrontal,R,code_A,MD,0.11544470489025116
full_tail,whole_parcel,MD,RH_midFrontal,R,code_B,MD,0.11321660876274109
full_tail,whole_parcel,MD,RH_midFrontal,R,phys_newton,phys,0.09747904539108276
full_tail,whole_parcel,MD,RH_midFrontal,R,phys_prost,phys,0.11350195109844208
full_tail,whole_parcel,MD,RH_midFrontal,R,physics_buoyancy,phys,0.10608267784118652
full_tail,whole_parcel,MD,RH_midFrontal,R,physics_brightness,phys,0.08665520697832108
full_tail,whole_parcel,MD,RH_midFrontal,R,physics_elasticity,phys,0.07834010571241379
full_tail,whole_parcel,MD,RH_midFrontal,R,physics_solubility,phys,0.08891844749450684
full_tail,whole_parcel,MD,RH_midFrontal,R,physics_speed,phys,0.07490627467632294
full_tail,whole_parcel,MD,RH_midFrontal,R,physics_stability,phys,0.0809558853507042
full_tail,whole_parcel,MD,RH_midFrontal,R,physics_temperature,phys,0.07542014122009277
full_tail,whole_parcel,MD,RH_midFrontal,R,agent,ToM,0.09254180639982224
full_tail,whole_parcel,MD,RH_midFrontal,R,social_interactions,ToM,0.05476146563887596
full_tail,whole_parcel,MD,RH_midFrontal,R,social_relations,ToM,0.083854079246521
full_tail,whole_parcel,MD,RH_midFrontal,R,desires_goals,ToM,0.05539920553565025
full_tail,whole_parcel,MD,RH_midFrontal,R,primary_emotions,ToM,0.055165018886327744
full_tail,whole_parcel,MD,RH_midFrontal,R,secondary_emotions,ToM,0.049082230776548386
full_tail,whole_parcel,MD,RH_midFrontal,R,emotion_fewshot,ToM,0.05402039736509323
full_tail,whole_parcel,MD,RH_midFrontal,R,norm_appropriate,ToM,0.08371809870004654
full_tail,whole_parcel,MD,RH_midFrontal,R,norm_moral,ToM,0.06670453399419785
full_tail,whole_parcel,MD,RH_midFrontalOrb,R,anaphor_gender_agreement,Lan,-0.007778561674058437
full_tail,whole_parcel,MD,RH_midFrontalOrb,R,det_noun_agreement_irregular,Lan,-0.018778784200549126
full_tail,whole_parcel,MD,RH_midFrontalOrb,R,det_noun_agreement_regular,Lan,-0.017146071419119835
full_tail,whole_parcel,MD,RH_midFrontalOrb,R,det_noun_agreement_with_adjective,Lan,-0.03130712732672691
full_tail,whole_parcel,MD,RH_midFrontalOrb,R,subject_verb_agreement,Lan,0.009477995336055756
full_tail,whole_parcel,MD,RH_midFrontalOrb,R,npi,Lan,-0.035364795476198196
full_tail,whole_parcel,MD,RH_midFrontalOrb,R,hypernymy,Lan,0.006388159468770027
full_tail,whole_parcel,MD,RH_midFrontalOrb,R,wug,Lan,-0.011667641811072826
full_tail,whole_parcel,MD,RH_midFrontalOrb,R,logic_syllogism_1,MD,-0.09904744476079941
full_tail,whole_parcel,MD,RH_midFrontalOrb,R,logic_syllogism_symbolic,MD,-0.04365049675107002
full_tail,whole_parcel,MD,RH_midFrontalOrb,R,logic_propositional_1,MD,-0.08019038289785385
full_tail,whole_parcel,MD,RH_midFrontalOrb,R,logic_propositional_symbolic,MD,-0.012564536184072495
full_tail,whole_parcel,MD,RH_midFrontalOrb,R,number_sequence,MD,0.03140359744429588
full_tail,whole_parcel,MD,RH_midFrontalOrb,R,add_sub_2op_verbal,MD,0.08143636584281921
full_tail,whole_parcel,MD,RH_midFrontalOrb,R,add_sub_2op_symbolic,MD,0.019374912604689598
full_tail,whole_parcel,MD,RH_midFrontalOrb,R,add_sub_3op_verbal,MD,0.1039159968495369
full_tail,whole_parcel,MD,RH_midFrontalOrb,R,add_sub_3op_symbolic,MD,0.01864934153854847
full_tail,whole_parcel,MD,RH_midFrontalOrb,R,mul_div_2op_verbal,MD,0.05452387407422066
full_tail,whole_parcel,MD,RH_midFrontalOrb,R,mul_div_2op_symbolic,MD,0.013144353404641151
full_tail,whole_parcel,MD,RH_midFrontalOrb,R,mul_div_3op_verbal,MD,0.06773842871189117
full_tail,whole_parcel,MD,RH_midFrontalOrb,R,mul_div_3op_symbolic,MD,0.009304642677307129
full_tail,whole_parcel,MD,RH_midFrontalOrb,R,simple_equation,MD,0.003832012414932251
full_tail,whole_parcel,MD,RH_midFrontalOrb,R,number_sorting,MD,0.08771773427724838
full_tail,whole_parcel,MD,RH_midFrontalOrb,R,code_conditional,MD,0.006236385088413954
full_tail,whole_parcel,MD,RH_midFrontalOrb,R,code_loop,MD,-0.004847390111535788
full_tail,whole_parcel,MD,RH_midFrontalOrb,R,code_list,MD,-0.006084589287638664
full_tail,whole_parcel,MD,RH_midFrontalOrb,R,code_A,MD,-0.0020992921199649572
full_tail,whole_parcel,MD,RH_midFrontalOrb,R,code_B,MD,-0.007165243849158287
full_tail,whole_parcel,MD,RH_midFrontalOrb,R,phys_newton,phys,-0.040834613144397736
full_tail,whole_parcel,MD,RH_midFrontalOrb,R,phys_prost,phys,-0.018231967464089394
full_tail,whole_parcel,MD,RH_midFrontalOrb,R,physics_buoyancy,phys,-0.019057419151067734
full_tail,whole_parcel,MD,RH_midFrontalOrb,R,physics_brightness,phys,-0.0313008613884449
full_tail,whole_parcel,MD,RH_midFrontalOrb,R,physics_elasticity,phys,-0.03944922611117363
full_tail,whole_parcel,MD,RH_midFrontalOrb,R,physics_solubility,phys,-0.02582259103655815
full_tail,whole_parcel,MD,RH_midFrontalOrb,R,physics_speed,phys,-0.03527599945664406
full_tail,whole_parcel,MD,RH_midFrontalOrb,R,physics_stability,phys,-0.03635847568511963
full_tail,whole_parcel,MD,RH_midFrontalOrb,R,physics_temperature,phys,-0.044931232929229736
full_tail,whole_parcel,MD,RH_midFrontalOrb,R,agent,ToM,-0.00757104204967618
full_tail,whole_parcel,MD,RH_midFrontalOrb,R,social_interactions,ToM,-0.05247192084789276
full_tail,whole_parcel,MD,RH_midFrontalOrb,R,social_relations,ToM,-0.04611257091164589
full_tail,whole_parcel,MD,RH_midFrontalOrb,R,desires_goals,ToM,-0.06363545358181
full_tail,whole_parcel,MD,RH_midFrontalOrb,R,primary_emotions,ToM,-0.053462933748960495
full_tail,whole_parcel,MD,RH_midFrontalOrb,R,secondary_emotions,ToM,-0.05711818486452103
full_tail,whole_parcel,MD,RH_midFrontalOrb,R,emotion_fewshot,ToM,-0.05980260297656059
full_tail,whole_parcel,MD,RH_midFrontalOrb,R,norm_appropriate,ToM,-0.035223670303821564
full_tail,whole_parcel,MD,RH_midFrontalOrb,R,norm_moral,ToM,-0.04781955108046532
full_tail,whole_parcel,MD,RH_insula,R,anaphor_gender_agreement,Lan,0.055498842149972916
full_tail,whole_parcel,MD,RH_insula,R,det_noun_agreement_irregular,Lan,0.047411106526851654
full_tail,whole_parcel,MD,RH_insula,R,det_noun_agreement_regular,Lan,0.04744948074221611
full_tail,whole_parcel,MD,RH_insula,R,det_noun_agreement_with_adjective,Lan,0.04012604430317879
full_tail,whole_parcel,MD,RH_insula,R,subject_verb_agreement,Lan,0.06837473809719086
full_tail,whole_parcel,MD,RH_insula,R,npi,Lan,0.039350736886262894
full_tail,whole_parcel,MD,RH_insula,R,hypernymy,Lan,0.05818575248122215
full_tail,whole_parcel,MD,RH_insula,R,wug,Lan,0.06382133811712265
full_tail,whole_parcel,MD,RH_insula,R,logic_syllogism_1,MD,0.01427146140486002
full_tail,whole_parcel,MD,RH_insula,R,logic_syllogism_symbolic,MD,0.03311115875840187
full_tail,whole_parcel,MD,RH_insula,R,logic_propositional_1,MD,0.029385460540652275
full_tail,whole_parcel,MD,RH_insula,R,logic_propositional_symbolic,MD,0.05927589535713196
full_tail,whole_parcel,MD,RH_insula,R,number_sequence,MD,0.08969010412693024
full_tail,whole_parcel,MD,RH_insula,R,add_sub_2op_verbal,MD,0.1380043923854828
full_tail,whole_parcel,MD,RH_insula,R,add_sub_2op_symbolic,MD,0.07812262326478958
full_tail,whole_parcel,MD,RH_insula,R,add_sub_3op_verbal,MD,0.14916302263736725
full_tail,whole_parcel,MD,RH_insula,R,add_sub_3op_symbolic,MD,0.08065639436244965
full_tail,whole_parcel,MD,RH_insula,R,mul_div_2op_verbal,MD,0.11581660807132721
full_tail,whole_parcel,MD,RH_insula,R,mul_div_2op_symbolic,MD,0.07401174306869507
full_tail,whole_parcel,MD,RH_insula,R,mul_div_3op_verbal,MD,0.12758949398994446
full_tail,whole_parcel,MD,RH_insula,R,mul_div_3op_symbolic,MD,0.07659044861793518
full_tail,whole_parcel,MD,RH_insula,R,simple_equation,MD,0.06844351440668106
full_tail,whole_parcel,MD,RH_insula,R,number_sorting,MD,0.12124117463827133
full_tail,whole_parcel,MD,RH_insula,R,code_conditional,MD,0.055798400193452835
full_tail,whole_parcel,MD,RH_insula,R,code_loop,MD,0.04705994203686714
full_tail,whole_parcel,MD,RH_insula,R,code_list,MD,0.0460892915725708
full_tail,whole_parcel,MD,RH_insula,R,code_A,MD,0.051067184656858444
full_tail,whole_parcel,MD,RH_insula,R,code_B,MD,0.04588363319635391
full_tail,whole_parcel,MD,RH_insula,R,phys_newton,phys,0.024565473198890686
full_tail,whole_parcel,MD,RH_insula,R,phys_prost,phys,0.03261949121952057
full_tail,whole_parcel,MD,RH_insula,R,physics_buoyancy,phys,0.006131729111075401
full_tail,whole_parcel,MD,RH_insula,R,physics_brightness,phys,-0.008482823148369789
full_tail,whole_parcel,MD,RH_insula,R,physics_elasticity,phys,-0.009943374432623386
full_tail,whole_parcel,MD,RH_insula,R,physics_solubility,phys,-0.0020624850876629353
full_tail,whole_parcel,MD,RH_insula,R,physics_speed,phys,-0.0027537227142602205
full_tail,whole_parcel,MD,RH_insula,R,physics_stability,phys,-0.011294634081423283
full_tail,whole_parcel,MD,RH_insula,R,physics_temperature,phys,-0.024441156536340714
full_tail,whole_parcel,MD,RH_insula,R,agent,ToM,0.04616505280137062
full_tail,whole_parcel,MD,RH_insula,R,social_interactions,ToM,0.04278283193707466
full_tail,whole_parcel,MD,RH_insula,R,social_relations,ToM,0.030648961663246155
full_tail,whole_parcel,MD,RH_insula,R,desires_goals,ToM,0.021935030817985535
full_tail,whole_parcel,MD,RH_insula,R,primary_emotions,ToM,0.03196047246456146
full_tail,whole_parcel,MD,RH_insula,R,secondary_emotions,ToM,0.031826410442590714
full_tail,whole_parcel,MD,RH_insula,R,emotion_fewshot,ToM,0.010672268457710743
full_tail,whole_parcel,MD,RH_insula,R,norm_appropriate,ToM,0.014429012313485146
full_tail,whole_parcel,MD,RH_insula,R,norm_moral,ToM,0.018541231751441956
full_tail,whole_parcel,MD,RH_medialFrontal,R,anaphor_gender_agreement,Lan,0.09777668118476868
full_tail,whole_parcel,MD,RH_medialFrontal,R,det_noun_agreement_irregular,Lan,0.09002185612916946
full_tail,whole_parcel,MD,RH_medialFrontal,R,det_noun_agreement_regular,Lan,0.09067171066999435
full_tail,whole_parcel,MD,RH_medialFrontal,R,det_noun_agreement_with_adjective,Lan,0.08311394602060318
full_tail,whole_parcel,MD,RH_medialFrontal,R,subject_verb_agreement,Lan,0.10631747543811798
full_tail,whole_parcel,MD,RH_medialFrontal,R,npi,Lan,0.08407509326934814
full_tail,whole_parcel,MD,RH_medialFrontal,R,hypernymy,Lan,0.09434035420417786
full_tail,whole_parcel,MD,RH_medialFrontal,R,wug,Lan,0.10341428965330124
full_tail,whole_parcel,MD,RH_medialFrontal,R,logic_syllogism_1,MD,0.05360466614365578
full_tail,whole_parcel,MD,RH_medialFrontal,R,logic_syllogism_symbolic,MD,0.07570253312587738
full_tail,whole_parcel,MD,RH_medialFrontal,R,logic_propositional_1,MD,0.06818503886461258
full_tail,whole_parcel,MD,RH_medialFrontal,R,logic_propositional_symbolic,MD,0.11537930369377136
full_tail,whole_parcel,MD,RH_medialFrontal,R,number_sequence,MD,0.1393314003944397
full_tail,whole_parcel,MD,RH_medialFrontal,R,add_sub_2op_verbal,MD,0.1861264407634735
full_tail,whole_parcel,MD,RH_medialFrontal,R,add_sub_2op_symbolic,MD,0.11784619837999344
full_tail,whole_parcel,MD,RH_medialFrontal,R,add_sub_3op_verbal,MD,0.20135733485221863
full_tail,whole_parcel,MD,RH_medialFrontal,R,add_sub_3op_symbolic,MD,0.12329293042421341
full_tail,whole_parcel,MD,RH_medialFrontal,R,mul_div_2op_verbal,MD,0.15899181365966797
full_tail,whole_parcel,MD,RH_medialFrontal,R,mul_div_2op_symbolic,MD,0.11175518482923508
full_tail,whole_parcel,MD,RH_medialFrontal,R,mul_div_3op_verbal,MD,0.1724897027015686
full_tail,whole_parcel,MD,RH_medialFrontal,R,mul_div_3op_symbolic,MD,0.116546131670475
full_tail,whole_parcel,MD,RH_medialFrontal,R,simple_equation,MD,0.11862138658761978
full_tail,whole_parcel,MD,RH_medialFrontal,R,number_sorting,MD,0.21392901241779327
full_tail,whole_parcel,MD,RH_medialFrontal,R,code_conditional,MD,0.13386084139347076
full_tail,whole_parcel,MD,RH_medialFrontal,R,code_loop,MD,0.12180767953395844
full_tail,whole_parcel,MD,RH_medialFrontal,R,code_list,MD,0.12222602963447571
full_tail,whole_parcel,MD,RH_medialFrontal,R,code_A,MD,0.12650173902511597
full_tail,whole_parcel,MD,RH_medialFrontal,R,code_B,MD,0.12160541862249374
full_tail,whole_parcel,MD,RH_medialFrontal,R,phys_newton,phys,0.07596570253372192
full_tail,whole_parcel,MD,RH_medialFrontal,R,phys_prost,phys,0.08615291863679886
full_tail,whole_parcel,MD,RH_medialFrontal,R,physics_buoyancy,phys,0.057575397193431854
full_tail,whole_parcel,MD,RH_medialFrontal,R,physics_brightness,phys,0.030265135690569878
full_tail,whole_parcel,MD,RH_medialFrontal,R,physics_elasticity,phys,0.03160009905695915
full_tail,whole_parcel,MD,RH_medialFrontal,R,physics_solubility,phys,0.03346024453639984
full_tail,whole_parcel,MD,RH_medialFrontal,R,physics_speed,phys,0.035512376576662064
full_tail,whole_parcel,MD,RH_medialFrontal,R,physics_stability,phys,0.02869768626987934
full_tail,whole_parcel,MD,RH_medialFrontal,R,physics_temperature,phys,0.03131087124347687
full_tail,whole_parcel,MD,RH_medialFrontal,R,agent,ToM,0.1099325641989708
full_tail,whole_parcel,MD,RH_medialFrontal,R,social_interactions,ToM,0.08585140109062195
full_tail,whole_parcel,MD,RH_medialFrontal,R,social_relations,ToM,0.09385683387517929
full_tail,whole_parcel,MD,RH_medialFrontal,R,desires_goals,ToM,0.06342452019453049
full_tail,whole_parcel,MD,RH_medialFrontal,R,primary_emotions,ToM,0.07237135618925095
full_tail,whole_parcel,MD,RH_medialFrontal,R,secondary_emotions,ToM,0.06811598688364029
full_tail,whole_parcel,MD,RH_medialFrontal,R,emotion_fewshot,ToM,0.06025313213467598
full_tail,whole_parcel,MD,RH_medialFrontal,R,norm_appropriate,ToM,0.0925353616476059
full_tail,whole_parcel,MD,RH_medialFrontal,R,norm_moral,ToM,0.09110178053379059
full_tail,whole_parcel,TOM,LH_TPJ,L,anaphor_gender_agreement,Lan,0.06589622050523758
full_tail,whole_parcel,TOM,LH_TPJ,L,det_noun_agreement_irregular,Lan,0.09116346389055252
full_tail,whole_parcel,TOM,LH_TPJ,L,det_noun_agreement_regular,Lan,0.09416495263576508
full_tail,whole_parcel,TOM,LH_TPJ,L,det_noun_agreement_with_adjective,Lan,0.11523161083459854
full_tail,whole_parcel,TOM,LH_TPJ,L,subject_verb_agreement,Lan,0.04773862287402153
full_tail,whole_parcel,TOM,LH_TPJ,L,npi,Lan,0.15509021282196045
full_tail,whole_parcel,TOM,LH_TPJ,L,hypernymy,Lan,0.03787723556160927
full_tail,whole_parcel,TOM,LH_TPJ,L,wug,Lan,0.11017104238271713
full_tail,whole_parcel,TOM,LH_TPJ,L,logic_syllogism_1,MD,0.13612285256385803
full_tail,whole_parcel,TOM,LH_TPJ,L,logic_syllogism_symbolic,MD,0.08169963210821152
full_tail,whole_parcel,TOM,LH_TPJ,L,logic_propositional_1,MD,0.12061914801597595
full_tail,whole_parcel,TOM,LH_TPJ,L,logic_propositional_symbolic,MD,0.1604294329881668
full_tail,whole_parcel,TOM,LH_TPJ,L,number_sequence,MD,0.09148988127708435
full_tail,whole_parcel,TOM,LH_TPJ,L,add_sub_2op_verbal,MD,0.1152283325791359
full_tail,whole_parcel,TOM,LH_TPJ,L,add_sub_2op_symbolic,MD,0.05133660137653351
full_tail,whole_parcel,TOM,LH_TPJ,L,add_sub_3op_verbal,MD,0.11999645829200745
full_tail,whole_parcel,TOM,LH_TPJ,L,add_sub_3op_symbolic,MD,0.06820259243249893
full_tail,whole_parcel,TOM,LH_TPJ,L,mul_div_2op_verbal,MD,0.0901106745004654
full_tail,whole_parcel,TOM,LH_TPJ,L,mul_div_2op_symbolic,MD,0.03869585320353508
full_tail,whole_parcel,TOM,LH_TPJ,L,mul_div_3op_verbal,MD,0.1015821173787117
full_tail,whole_parcel,TOM,LH_TPJ,L,mul_div_3op_symbolic,MD,0.050808560103178024
full_tail,whole_parcel,TOM,LH_TPJ,L,simple_equation,MD,0.09549320489168167
full_tail,whole_parcel,TOM,LH_TPJ,L,number_sorting,MD,0.2860853672027588
full_tail,whole_parcel,TOM,LH_TPJ,L,code_conditional,MD,0.22320610284805298
full_tail,whole_parcel,TOM,LH_TPJ,L,code_loop,MD,0.19722320139408112
full_tail,whole_parcel,TOM,LH_TPJ,L,code_list,MD,0.21534284949302673
full_tail,whole_parcel,TOM,LH_TPJ,L,code_A,MD,0.20945894718170166
full_tail,whole_parcel,TOM,LH_TPJ,L,code_B,MD,0.21669070422649384
full_tail,whole_parcel,TOM,LH_TPJ,L,phys_newton,phys,0.1735464334487915
full_tail,whole_parcel,TOM,LH_TPJ,L,phys_prost,phys,0.1836099922657013
full_tail,whole_parcel,TOM,LH_TPJ,L,physics_buoyancy,phys,0.1860835701227188
full_tail,whole_parcel,TOM,LH_TPJ,L,physics_brightness,phys,0.13239765167236328
full_tail,whole_parcel,TOM,LH_TPJ,L,physics_elasticity,phys,0.16324084997177124
full_tail,whole_parcel,TOM,LH_TPJ,L,physics_solubility,phys,0.12351448833942413
full_tail,whole_parcel,TOM,LH_TPJ,L,physics_speed,phys,0.12677724659442902
full_tail,whole_parcel,TOM,LH_TPJ,L,physics_stability,phys,0.14899924397468567
full_tail,whole_parcel,TOM,LH_TPJ,L,physics_temperature,phys,0.16687823832035065
full_tail,whole_parcel,TOM,LH_TPJ,L,agent,ToM,0.19796842336654663
full_tail,whole_parcel,TOM,LH_TPJ,L,social_interactions,ToM,0.1507927030324936
full_tail,whole_parcel,TOM,LH_TPJ,L,social_relations,ToM,0.242387592792511
full_tail,whole_parcel,TOM,LH_TPJ,L,desires_goals,ToM,0.1420070081949234
full_tail,whole_parcel,TOM,LH_TPJ,L,primary_emotions,ToM,0.12576261162757874
full_tail,whole_parcel,TOM,LH_TPJ,L,secondary_emotions,ToM,0.10481159389019012
full_tail,whole_parcel,TOM,LH_TPJ,L,emotion_fewshot,ToM,0.13504381477832794
full_tail,whole_parcel,TOM,LH_TPJ,L,norm_appropriate,ToM,0.2357369065284729
full_tail,whole_parcel,TOM,LH_TPJ,L,norm_moral,ToM,0.20241649448871613
full_tail,whole_parcel,TOM,LH_DMPFC,L,anaphor_gender_agreement,Lan,0.0748811736702919
full_tail,whole_parcel,TOM,LH_DMPFC,L,det_noun_agreement_irregular,Lan,0.08606377243995667
full_tail,whole_parcel,TOM,LH_DMPFC,L,det_noun_agreement_regular,Lan,0.08579272031784058
full_tail,whole_parcel,TOM,LH_DMPFC,L,det_noun_agreement_with_adjective,Lan,0.09574399888515472
full_tail,whole_parcel,TOM,LH_DMPFC,L,subject_verb_agreement,Lan,0.0596032552421093
full_tail,whole_parcel,TOM,LH_DMPFC,L,npi,Lan,0.13046717643737793
full_tail,whole_parcel,TOM,LH_DMPFC,L,hypernymy,Lan,0.04773885756731033
full_tail,whole_parcel,TOM,LH_DMPFC,L,wug,Lan,0.08556579053401947
full_tail,whole_parcel,TOM,LH_DMPFC,L,logic_syllogism_1,MD,0.15807047486305237
full_tail,whole_parcel,TOM,LH_DMPFC,L,logic_syllogism_symbolic,MD,0.11038863658905029
full_tail,whole_parcel,TOM,LH_DMPFC,L,logic_propositional_1,MD,0.16420124471187592
full_tail,whole_parcel,TOM,LH_DMPFC,L,logic_propositional_symbolic,MD,0.15762129426002502
full_tail,whole_parcel,TOM,LH_DMPFC,L,number_sequence,MD,0.08325690031051636
full_tail,whole_parcel,TOM,LH_DMPFC,L,add_sub_2op_verbal,MD,0.07049280405044556
full_tail,whole_parcel,TOM,LH_DMPFC,L,add_sub_2op_symbolic,MD,0.06609398126602173
full_tail,whole_parcel,TOM,LH_DMPFC,L,add_sub_3op_verbal,MD,0.07028740644454956
full_tail,whole_parcel,TOM,LH_DMPFC,L,add_sub_3op_symbolic,MD,0.071841761469841
full_tail,whole_parcel,TOM,LH_DMPFC,L,mul_div_2op_verbal,MD,0.06205666437745094
full_tail,whole_parcel,TOM,LH_DMPFC,L,mul_div_2op_symbolic,MD,0.05422479286789894
full_tail,whole_parcel,TOM,LH_DMPFC,L,mul_div_3op_verbal,MD,0.06249865144491196
full_tail,whole_parcel,TOM,LH_DMPFC,L,mul_div_3op_symbolic,MD,0.05519603192806244
full_tail,whole_parcel,TOM,LH_DMPFC,L,simple_equation,MD,0.08818142116069794
full_tail,whole_parcel,TOM,LH_DMPFC,L,number_sorting,MD,0.25911030173301697
full_tail,whole_parcel,TOM,LH_DMPFC,L,code_conditional,MD,0.19604405760765076
full_tail,whole_parcel,TOM,LH_DMPFC,L,code_loop,MD,0.1730552464723587
full_tail,whole_parcel,TOM,LH_DMPFC,L,code_list,MD,0.18441367149353027
full_tail,whole_parcel,TOM,LH_DMPFC,L,code_A,MD,0.17926305532455444
full_tail,whole_parcel,TOM,LH_DMPFC,L,code_B,MD,0.18558651208877563
full_tail,whole_parcel,TOM,LH_DMPFC,L,phys_newton,phys,0.12606579065322876
full_tail,whole_parcel,TOM,LH_DMPFC,L,phys_prost,phys,0.12418778985738754
full_tail,whole_parcel,TOM,LH_DMPFC,L,physics_buoyancy,phys,0.11699850112199783
full_tail,whole_parcel,TOM,LH_DMPFC,L,physics_brightness,phys,0.0686197429895401
full_tail,whole_parcel,TOM,LH_DMPFC,L,physics_elasticity,phys,0.10078386962413788
full_tail,whole_parcel,TOM,LH_DMPFC,L,physics_solubility,phys,0.06287328153848648
full_tail,whole_parcel,TOM,LH_DMPFC,L,physics_speed,phys,0.07107214629650116
full_tail,whole_parcel,TOM,LH_DMPFC,L,physics_stability,phys,0.08463940024375916
full_tail,whole_parcel,TOM,LH_DMPFC,L,physics_temperature,phys,0.107082799077034
full_tail,whole_parcel,TOM,LH_DMPFC,L,agent,ToM,0.1988738477230072
full_tail,whole_parcel,TOM,LH_DMPFC,L,social_interactions,ToM,0.17534197866916656
full_tail,whole_parcel,TOM,LH_DMPFC,L,social_relations,ToM,0.22500157356262207
full_tail,whole_parcel,TOM,LH_DMPFC,L,desires_goals,ToM,0.1390146166086197
full_tail,whole_parcel,TOM,LH_DMPFC,L,primary_emotions,ToM,0.12928621470928192
full_tail,whole_parcel,TOM,LH_DMPFC,L,secondary_emotions,ToM,0.11460664123296738
full_tail,whole_parcel,TOM,LH_DMPFC,L,emotion_fewshot,ToM,0.15061302483081818
full_tail,whole_parcel,TOM,LH_DMPFC,L,norm_appropriate,ToM,0.22902065515518188
full_tail,whole_parcel,TOM,LH_DMPFC,L,norm_moral,ToM,0.23201721906661987
full_tail,whole_parcel,TOM,LH_MMPFC,L,anaphor_gender_agreement,Lan,0.028368797153234482
full_tail,whole_parcel,TOM,LH_MMPFC,L,det_noun_agreement_irregular,Lan,0.029342500492930412
full_tail,whole_parcel,TOM,LH_MMPFC,L,det_noun_agreement_regular,Lan,0.031568270176649094
full_tail,whole_parcel,TOM,LH_MMPFC,L,det_noun_agreement_with_adjective,Lan,0.0298151858150959
full_tail,whole_parcel,TOM,LH_MMPFC,L,subject_verb_agreement,Lan,0.027771146968007088
full_tail,whole_parcel,TOM,LH_MMPFC,L,npi,Lan,0.03911372646689415
full_tail,whole_parcel,TOM,LH_MMPFC,L,hypernymy,Lan,0.023715950548648834
full_tail,whole_parcel,TOM,LH_MMPFC,L,wug,Lan,0.003200432052835822
full_tail,whole_parcel,TOM,LH_MMPFC,L,logic_syllogism_1,MD,-0.02578045055270195
full_tail,whole_parcel,TOM,LH_MMPFC,L,logic_syllogism_symbolic,MD,-0.02998783253133297
full_tail,whole_parcel,TOM,LH_MMPFC,L,logic_propositional_1,MD,-0.03821654990315437
full_tail,whole_parcel,TOM,LH_MMPFC,L,logic_propositional_symbolic,MD,0.004561561159789562
full_tail,whole_parcel,TOM,LH_MMPFC,L,number_sequence,MD,0.006785206031054258
full_tail,whole_parcel,TOM,LH_MMPFC,L,add_sub_2op_verbal,MD,0.00021380622638389468
full_tail,whole_parcel,TOM,LH_MMPFC,L,add_sub_2op_symbolic,MD,0.020560791715979576
full_tail,whole_parcel,TOM,LH_MMPFC,L,add_sub_3op_verbal,MD,-0.0046508777886629105
full_tail,whole_parcel,TOM,LH_MMPFC,L,add_sub_3op_symbolic,MD,0.0063423821702599525
full_tail,whole_parcel,TOM,LH_MMPFC,L,mul_div_2op_verbal,MD,-0.001412738929502666
full_tail,whole_parcel,TOM,LH_MMPFC,L,mul_div_2op_symbolic,MD,0.007090751547366381
full_tail,whole_parcel,TOM,LH_MMPFC,L,mul_div_3op_verbal,MD,-0.009960059076547623
full_tail,whole_parcel,TOM,LH_MMPFC,L,mul_div_3op_symbolic,MD,-0.012999163940548897
full_tail,whole_parcel,TOM,LH_MMPFC,L,simple_equation,MD,-0.009505520574748516
full_tail,whole_parcel,TOM,LH_MMPFC,L,number_sorting,MD,0.04098350554704666
full_tail,whole_parcel,TOM,LH_MMPFC,L,code_conditional,MD,0.018889401108026505
full_tail,whole_parcel,TOM,LH_MMPFC,L,code_loop,MD,-0.00201600999571383
full_tail,whole_parcel,TOM,LH_MMPFC,L,code_list,MD,0.011539941653609276
full_tail,whole_parcel,TOM,LH_MMPFC,L,code_A,MD,0.0032942756079137325
full_tail,whole_parcel,TOM,LH_MMPFC,L,code_B,MD,0.010472677648067474
full_tail,whole_parcel,TOM,LH_MMPFC,L,phys_newton,phys,0.010312588885426521
full_tail,whole_parcel,TOM,LH_MMPFC,L,phys_prost,phys,0.012499968521296978
full_tail,whole_parcel,TOM,LH_MMPFC,L,physics_buoyancy,phys,0.0017535364022478461
full_tail,whole_parcel,TOM,LH_MMPFC,L,physics_brightness,phys,-0.023129727691411972
full_tail,whole_parcel,TOM,LH_MMPFC,L,physics_elasticity,phys,-0.0009772260673344135
full_tail,whole_parcel,TOM,LH_MMPFC,L,physics_solubility,phys,-0.012817720882594585
full_tail,whole_parcel,TOM,LH_MMPFC,L,physics_speed,phys,-0.01457346510142088
full_tail,whole_parcel,TOM,LH_MMPFC,L,physics_stability,phys,-0.01613055169582367
full_tail,whole_parcel,TOM,LH_MMPFC,L,physics_temperature,phys,0.005577241536229849
full_tail,whole_parcel,TOM,LH_MMPFC,L,agent,ToM,0.04438889026641846
full_tail,whole_parcel,TOM,LH_MMPFC,L,social_interactions,ToM,0.026500605046749115
full_tail,whole_parcel,TOM,LH_MMPFC,L,social_relations,ToM,0.05373086780309677
full_tail,whole_parcel,TOM,LH_MMPFC,L,desires_goals,ToM,0.02691403217613697
full_tail,whole_parcel,TOM,LH_MMPFC,L,primary_emotions,ToM,0.030047740787267685
full_tail,whole_parcel,TOM,LH_MMPFC,L,secondary_emotions,ToM,0.01838415488600731
full_tail,whole_parcel,TOM,LH_MMPFC,L,emotion_fewshot,ToM,0.023005623370409012
full_tail,whole_parcel,TOM,LH_MMPFC,L,norm_appropriate,ToM,0.05889113247394562
full_tail,whole_parcel,TOM,LH_MMPFC,L,norm_moral,ToM,0.03191496059298515
full_tail,whole_parcel,TOM,LH_VMPFC,L,anaphor_gender_agreement,Lan,0.038939815014600754
full_tail,whole_parcel,TOM,LH_VMPFC,L,det_noun_agreement_irregular,Lan,0.0431356318295002
full_tail,whole_parcel,TOM,LH_VMPFC,L,det_noun_agreement_regular,Lan,0.04482615739107132
full_tail,whole_parcel,TOM,LH_VMPFC,L,det_noun_agreement_with_adjective,Lan,0.045598238706588745
full_tail,whole_parcel,TOM,LH_VMPFC,L,subject_verb_agreement,Lan,0.03725583851337433
full_tail,whole_parcel,TOM,LH_VMPFC,L,npi,Lan,0.05152105167508125
full_tail,whole_parcel,TOM,LH_VMPFC,L,hypernymy,Lan,0.03765065595507622
full_tail,whole_parcel,TOM,LH_VMPFC,L,wug,Lan,0.03161265328526497
full_tail,whole_parcel,TOM,LH_VMPFC,L,logic_syllogism_1,MD,0.019900862127542496
full_tail,whole_parcel,TOM,LH_VMPFC,L,logic_syllogism_symbolic,MD,0.002816468011587858
full_tail,whole_parcel,TOM,LH_VMPFC,L,logic_propositional_1,MD,0.008899143896996975
full_tail,whole_parcel,TOM,LH_VMPFC,L,logic_propositional_symbolic,MD,0.01879524625837803
full_tail,whole_parcel,TOM,LH_VMPFC,L,number_sequence,MD,0.02533545345067978
full_tail,whole_parcel,TOM,LH_VMPFC,L,add_sub_2op_verbal,MD,0.025556860491633415
full_tail,whole_parcel,TOM,LH_VMPFC,L,add_sub_2op_symbolic,MD,0.033034101128578186
full_tail,whole_parcel,TOM,LH_VMPFC,L,add_sub_3op_verbal,MD,0.019691243767738342
full_tail,whole_parcel,TOM,LH_VMPFC,L,add_sub_3op_symbolic,MD,0.026861656457185745
full_tail,whole_parcel,TOM,LH_VMPFC,L,mul_div_2op_verbal,MD,0.023798277601599693
full_tail,whole_parcel,TOM,LH_VMPFC,L,mul_div_2op_symbolic,MD,0.02565821260213852
full_tail,whole_parcel,TOM,LH_VMPFC,L,mul_div_3op_verbal,MD,0.018399160355329514
full_tail,whole_parcel,TOM,LH_VMPFC,L,mul_div_3op_symbolic,MD,0.017218641936779022
full_tail,whole_parcel,TOM,LH_VMPFC,L,simple_equation,MD,0.019588345661759377
full_tail,whole_parcel,TOM,LH_VMPFC,L,number_sorting,MD,0.02927648089826107
full_tail,whole_parcel,TOM,LH_VMPFC,L,code_conditional,MD,0.026950567960739136
full_tail,whole_parcel,TOM,LH_VMPFC,L,code_loop,MD,0.019926832988858223
full_tail,whole_parcel,TOM,LH_VMPFC,L,code_list,MD,0.02881893515586853
full_tail,whole_parcel,TOM,LH_VMPFC,L,code_A,MD,0.021488865837454796
full_tail,whole_parcel,TOM,LH_VMPFC,L,code_B,MD,0.02742527239024639
full_tail,whole_parcel,TOM,LH_VMPFC,L,phys_newton,phys,0.026170045137405396
full_tail,whole_parcel,TOM,LH_VMPFC,L,phys_prost,phys,0.023875556886196136
full_tail,whole_parcel,TOM,LH_VMPFC,L,physics_buoyancy,phys,0.010957990773022175
full_tail,whole_parcel,TOM,LH_VMPFC,L,physics_brightness,phys,0.0009239978389814496
full_tail,whole_parcel,TOM,LH_VMPFC,L,physics_elasticity,phys,0.003096900414675474
full_tail,whole_parcel,TOM,LH_VMPFC,L,physics_solubility,phys,0.008345541544258595
full_tail,whole_parcel,TOM,LH_VMPFC,L,physics_speed,phys,0.0031400856096297503
full_tail,whole_parcel,TOM,LH_VMPFC,L,physics_stability,phys,-0.003781088860705495
full_tail,whole_parcel,TOM,LH_VMPFC,L,physics_temperature,phys,0.017900394275784492
full_tail,whole_parcel,TOM,LH_VMPFC,L,agent,ToM,0.02905264124274254
full_tail,whole_parcel,TOM,LH_VMPFC,L,social_interactions,ToM,0.024318361654877663
full_tail,whole_parcel,TOM,LH_VMPFC,L,social_relations,ToM,0.05437012389302254
full_tail,whole_parcel,TOM,LH_VMPFC,L,desires_goals,ToM,0.039051707834005356
full_tail,whole_parcel,TOM,LH_VMPFC,L,primary_emotions,ToM,0.03682069480419159
full_tail,whole_parcel,TOM,LH_VMPFC,L,secondary_emotions,ToM,0.030546002089977264
full_tail,whole_parcel,TOM,LH_VMPFC,L,emotion_fewshot,ToM,0.02833983674645424
full_tail,whole_parcel,TOM,LH_VMPFC,L,norm_appropriate,ToM,0.032270584255456924
full_tail,whole_parcel,TOM,LH_VMPFC,L,norm_moral,ToM,0.02074562944471836
full_tail,whole_parcel,TOM,LH_PC,L,anaphor_gender_agreement,Lan,0.024292321875691414
full_tail,whole_parcel,TOM,LH_PC,L,det_noun_agreement_irregular,Lan,0.03354137763381004
full_tail,whole_parcel,TOM,LH_PC,L,det_noun_agreement_regular,Lan,0.039040517061948776
full_tail,whole_parcel,TOM,LH_PC,L,det_noun_agreement_with_adjective,Lan,0.040513306856155396
full_tail,whole_parcel,TOM,LH_PC,L,subject_verb_agreement,Lan,0.017659908160567284
full_tail,whole_parcel,TOM,LH_PC,L,npi,Lan,0.06604020297527313
full_tail,whole_parcel,TOM,LH_PC,L,hypernymy,Lan,0.012523582205176353
full_tail,whole_parcel,TOM,LH_PC,L,wug,Lan,-0.003458252875134349
full_tail,whole_parcel,TOM,LH_PC,L,logic_syllogism_1,MD,-0.04275277256965637
full_tail,whole_parcel,TOM,LH_PC,L,logic_syllogism_symbolic,MD,-0.08483757078647614
full_tail,whole_parcel,TOM,LH_PC,L,logic_propositional_1,MD,-0.0896044448018074
full_tail,whole_parcel,TOM,LH_PC,L,logic_propositional_symbolic,MD,-0.022768335416913033
full_tail,whole_parcel,TOM,LH_PC,L,number_sequence,MD,-0.031257957220077515
full_tail,whole_parcel,TOM,LH_PC,L,add_sub_2op_verbal,MD,-0.04226025566458702
full_tail,whole_parcel,TOM,LH_PC,L,add_sub_2op_symbolic,MD,-0.00577548099681735
full_tail,whole_parcel,TOM,LH_PC,L,add_sub_3op_verbal,MD,-0.05499666929244995
full_tail,whole_parcel,TOM,LH_PC,L,add_sub_3op_symbolic,MD,-0.03202296420931816
full_tail,whole_parcel,TOM,LH_PC,L,mul_div_2op_verbal,MD,-0.044229354709386826
full_tail,whole_parcel,TOM,LH_PC,L,mul_div_2op_symbolic,MD,-0.033940184861421585
full_tail,whole_parcel,TOM,LH_PC,L,mul_div_3op_verbal,MD,-0.062442731112241745
full_tail,whole_parcel,TOM,LH_PC,L,mul_div_3op_symbolic,MD,-0.07394210994243622
full_tail,whole_parcel,TOM,LH_PC,L,simple_equation,MD,-0.051688194274902344
full_tail,whole_parcel,TOM,LH_PC,L,number_sorting,MD,-0.013942047953605652
full_tail,whole_parcel,TOM,LH_PC,L,code_conditional,MD,0.01760428212583065
full_tail,whole_parcel,TOM,LH_PC,L,code_loop,MD,-0.01918390765786171
full_tail,whole_parcel,TOM,LH_PC,L,code_list,MD,0.011541777290403843
full_tail,whole_parcel,TOM,LH_PC,L,code_A,MD,-0.010323990136384964
full_tail,whole_parcel,TOM,LH_PC,L,code_B,MD,0.006417654454708099
full_tail,whole_parcel,TOM,LH_PC,L,phys_newton,phys,-0.0029897945933043957
full_tail,whole_parcel,TOM,LH_PC,L,phys_prost,phys,0.010846540331840515
full_tail,whole_parcel,TOM,LH_PC,L,physics_buoyancy,phys,-0.0032939985394477844
full_tail,whole_parcel,TOM,LH_PC,L,physics_brightness,phys,-0.04033443704247475
full_tail,whole_parcel,TOM,LH_PC,L,physics_elasticity,phys,-0.005295765120536089
full_tail,whole_parcel,TOM,LH_PC,L,physics_solubility,phys,-0.03249652683734894
full_tail,whole_parcel,TOM,LH_PC,L,physics_speed,phys,-0.0321493074297905
full_tail,whole_parcel,TOM,LH_PC,L,physics_stability,phys,-0.031054850667715073
full_tail,whole_parcel,TOM,LH_PC,L,physics_temperature,phys,0.011401277966797352
full_tail,whole_parcel,TOM,LH_PC,L,agent,ToM,0.06347265839576721
full_tail,whole_parcel,TOM,LH_PC,L,social_interactions,ToM,0.03201433643698692
full_tail,whole_parcel,TOM,LH_PC,L,social_relations,ToM,0.10610385984182358
full_tail,whole_parcel,TOM,LH_PC,L,desires_goals,ToM,0.045031625777482986
full_tail,whole_parcel,TOM,LH_PC,L,primary_emotions,ToM,0.04652035981416702
full_tail,whole_parcel,TOM,LH_PC,L,secondary_emotions,ToM,0.024074872955679893
full_tail,whole_parcel,TOM,LH_PC,L,emotion_fewshot,ToM,0.030167102813720703
full_tail,whole_parcel,TOM,LH_PC,L,norm_appropriate,ToM,0.09896229952573776
full_tail,whole_parcel,TOM,LH_PC,L,norm_moral,ToM,0.047756996005773544
full_tail,whole_parcel,TOM,RH_TPJ,R,anaphor_gender_agreement,Lan,0.0831369161605835
full_tail,whole_parcel,TOM,RH_TPJ,R,det_noun_agreement_irregular,Lan,0.09844361990690231
full_tail,whole_parcel,TOM,RH_TPJ,R,det_noun_agreement_regular,Lan,0.10177529603242874
full_tail,whole_parcel,TOM,RH_TPJ,R,det_noun_agreement_with_adjective,Lan,0.11408180743455887
full_tail,whole_parcel,TOM,RH_TPJ,R,subject_verb_agreement,Lan,0.0674605518579483
full_tail,whole_parcel,TOM,RH_TPJ,R,npi,Lan,0.1313476264476776
full_tail,whole_parcel,TOM,RH_TPJ,R,hypernymy,Lan,0.05216226354241371
full_tail,whole_parcel,TOM,RH_TPJ,R,wug,Lan,0.07574430853128433
full_tail,whole_parcel,TOM,RH_TPJ,R,logic_syllogism_1,MD,0.0295676551759243
full_tail,whole_parcel,TOM,RH_TPJ,R,logic_syllogism_symbolic,MD,0.026433555409312248
full_tail,whole_parcel,TOM,RH_TPJ,R,logic_propositional_1,MD,0.016878996044397354
full_tail,whole_parcel,TOM,RH_TPJ,R,logic_propositional_symbolic,MD,0.12008824199438095
full_tail,whole_parcel,TOM,RH_TPJ,R,number_sequence,MD,0.08753226697444916
full_tail,whole_parcel,TOM,RH_TPJ,R,add_sub_2op_verbal,MD,0.09402964264154434
full_tail,whole_parcel,TOM,RH_TPJ,R,add_sub_2op_symbolic,MD,0.06160469353199005
full_tail,whole_parcel,TOM,RH_TPJ,R,add_sub_3op_verbal,MD,0.0964176207780838
full_tail,whole_parcel,TOM,RH_TPJ,R,add_sub_3op_symbolic,MD,0.06204352527856827
full_tail,whole_parcel,TOM,RH_TPJ,R,mul_div_2op_verbal,MD,0.07510725408792496
full_tail,whole_parcel,TOM,RH_TPJ,R,mul_div_2op_symbolic,MD,0.04667814448475838
full_tail,whole_parcel,TOM,RH_TPJ,R,mul_div_3op_verbal,MD,0.08326283097267151
full_tail,whole_parcel,TOM,RH_TPJ,R,mul_div_3op_symbolic,MD,0.038302887231111526
full_tail,whole_parcel,TOM,RH_TPJ,R,simple_equation,MD,0.06714154779911041
full_tail,whole_parcel,TOM,RH_TPJ,R,number_sorting,MD,0.19687816500663757
full_tail,whole_parcel,TOM,RH_TPJ,R,code_conditional,MD,0.17571640014648438
full_tail,whole_parcel,TOM,RH_TPJ,R,code_loop,MD,0.1361117959022522
full_tail,whole_parcel,TOM,RH_TPJ,R,code_list,MD,0.15497443079948425
full_tail,whole_parcel,TOM,RH_TPJ,R,code_A,MD,0.15446032583713531
full_tail,whole_parcel,TOM,RH_TPJ,R,code_B,MD,0.15701931715011597
full_tail,whole_parcel,TOM,RH_TPJ,R,phys_newton,phys,0.13187597692012787
full_tail,whole_parcel,TOM,RH_TPJ,R,phys_prost,phys,0.15977725386619568
full_tail,whole_parcel,TOM,RH_TPJ,R,physics_buoyancy,phys,0.13629956543445587
full_tail,whole_parcel,TOM,RH_TPJ,R,physics_brightness,phys,0.08681699633598328
full_tail,whole_parcel,TOM,RH_TPJ,R,physics_elasticity,phys,0.1281871348619461
full_tail,whole_parcel,TOM,RH_TPJ,R,physics_solubility,phys,0.0888296365737915
full_tail,whole_parcel,TOM,RH_TPJ,R,physics_speed,phys,0.09219373762607574
full_tail,whole_parcel,TOM,RH_TPJ,R,physics_stability,phys,0.1078546792268753
full_tail,whole_parcel,TOM,RH_TPJ,R,physics_temperature,phys,0.11464296281337738
full_tail,whole_parcel,TOM,RH_TPJ,R,agent,ToM,0.15900424122810364
full_tail,whole_parcel,TOM,RH_TPJ,R,social_interactions,ToM,0.10824093222618103
full_tail,whole_parcel,TOM,RH_TPJ,R,social_relations,ToM,0.16185948252677917
full_tail,whole_parcel,TOM,RH_TPJ,R,desires_goals,ToM,0.09877558797597885
full_tail,whole_parcel,TOM,RH_TPJ,R,primary_emotions,ToM,0.1099599152803421
full_tail,whole_parcel,TOM,RH_TPJ,R,secondary_emotions,ToM,0.0868920162320137
full_tail,whole_parcel,TOM,RH_TPJ,R,emotion_fewshot,ToM,0.07377897202968597
full_tail,whole_parcel,TOM,RH_TPJ,R,norm_appropriate,ToM,0.18657313287258148
full_tail,whole_parcel,TOM,RH_TPJ,R,norm_moral,ToM,0.12920144200325012
full_tail,whole_parcel,TOM,RH_DMPFC,R,anaphor_gender_agreement,Lan,0.09873983263969421
full_tail,whole_parcel,TOM,RH_DMPFC,R,det_noun_agreement_irregular,Lan,0.10554620623588562
full_tail,whole_parcel,TOM,RH_DMPFC,R,det_noun_agreement_regular,Lan,0.1066075935959816
full_tail,whole_parcel,TOM,RH_DMPFC,R,det_noun_agreement_with_adjective,Lan,0.11270856112241745
full_tail,whole_parcel,TOM,RH_DMPFC,R,subject_verb_agreement,Lan,0.08231836557388306
full_tail,whole_parcel,TOM,RH_DMPFC,R,npi,Lan,0.1394159346818924
full_tail,whole_parcel,TOM,RH_DMPFC,R,hypernymy,Lan,0.06323407590389252
full_tail,whole_parcel,TOM,RH_DMPFC,R,wug,Lan,0.07600383460521698
full_tail,whole_parcel,TOM,RH_DMPFC,R,logic_syllogism_1,MD,0.1018470823764801
full_tail,whole_parcel,TOM,RH_DMPFC,R,logic_syllogism_symbolic,MD,0.0772767886519432
full_tail,whole_parcel,TOM,RH_DMPFC,R,logic_propositional_1,MD,0.0969587042927742
full_tail,whole_parcel,TOM,RH_DMPFC,R,logic_propositional_symbolic,MD,0.14948587119579315
full_tail,whole_parcel,TOM,RH_DMPFC,R,number_sequence,MD,0.09336598217487335
full_tail,whole_parcel,TOM,RH_DMPFC,R,add_sub_2op_verbal,MD,0.06594548374414444
full_tail,whole_parcel,TOM,RH_DMPFC,R,add_sub_2op_symbolic,MD,0.07920875400304794
full_tail,whole_parcel,TOM,RH_DMPFC,R,add_sub_3op_verbal,MD,0.06369742006063461
full_tail,whole_parcel,TOM,RH_DMPFC,R,add_sub_3op_symbolic,MD,0.07476775348186493
full_tail,whole_parcel,TOM,RH_DMPFC,R,mul_div_2op_verbal,MD,0.05847138538956642
full_tail,whole_parcel,TOM,RH_DMPFC,R,mul_div_2op_symbolic,MD,0.0613868422806263
full_tail,whole_parcel,TOM,RH_DMPFC,R,mul_div_3op_verbal,MD,0.056571267545223236
full_tail,whole_parcel,TOM,RH_DMPFC,R,mul_div_3op_symbolic,MD,0.04753382131457329
full_tail,whole_parcel,TOM,RH_DMPFC,R,simple_equation,MD,0.08148089051246643
full_tail,whole_parcel,TOM,RH_DMPFC,R,number_sorting,MD,0.24185478687286377
full_tail,whole_parcel,TOM,RH_DMPFC,R,code_conditional,MD,0.20060725510120392
full_tail,whole_parcel,TOM,RH_DMPFC,R,code_loop,MD,0.16468188166618347
full_tail,whole_parcel,TOM,RH_DMPFC,R,code_list,MD,0.18041732907295227
full_tail,whole_parcel,TOM,RH_DMPFC,R,code_A,MD,0.176249697804451
full_tail,whole_parcel,TOM,RH_DMPFC,R,code_B,MD,0.18052388727664948
full_tail,whole_parcel,TOM,RH_DMPFC,R,phys_newton,phys,0.12026678025722504
full_tail,whole_parcel,TOM,RH_DMPFC,R,phys_prost,phys,0.13249093294143677
full_tail,whole_parcel,TOM,RH_DMPFC,R,physics_buoyancy,phys,0.10948014259338379
full_tail,whole_parcel,TOM,RH_DMPFC,R,physics_brightness,phys,0.05450572445988655
full_tail,whole_parcel,TOM,RH_DMPFC,R,physics_elasticity,phys,0.09599317610263824
full_tail,whole_parcel,TOM,RH_DMPFC,R,physics_solubility,phys,0.04783867672085762
full_tail,whole_parcel,TOM,RH_DMPFC,R,physics_speed,phys,0.061112452298402786
full_tail,whole_parcel,TOM,RH_DMPFC,R,physics_stability,phys,0.07605103403329849
full_tail,whole_parcel,TOM,RH_DMPFC,R,physics_temperature,phys,0.09807717800140381
full_tail,whole_parcel,TOM,RH_DMPFC,R,agent,ToM,0.19908882677555084
full_tail,whole_parcel,TOM,RH_DMPFC,R,social_interactions,ToM,0.16505500674247742
full_tail,whole_parcel,TOM,RH_DMPFC,R,social_relations,ToM,0.21145907044410706
full_tail,whole_parcel,TOM,RH_DMPFC,R,desires_goals,ToM,0.13224297761917114
full_tail,whole_parcel,TOM,RH_DMPFC,R,primary_emotions,ToM,0.13872243463993073
full_tail,whole_parcel,TOM,RH_DMPFC,R,secondary_emotions,ToM,0.1183052659034729
full_tail,whole_parcel,TOM,RH_DMPFC,R,emotion_fewshot,ToM,0.125730499625206
full_tail,whole_parcel,TOM,RH_DMPFC,R,norm_appropriate,ToM,0.23677092790603638
full_tail,whole_parcel,TOM,RH_DMPFC,R,norm_moral,ToM,0.21475116908550262
full_tail,whole_parcel,TOM,RH_MMPFC,R,anaphor_gender_agreement,Lan,0.0389399491250515
full_tail,whole_parcel,TOM,RH_MMPFC,R,det_noun_agreement_irregular,Lan,0.038081128150224686
full_tail,whole_parcel,TOM,RH_MMPFC,R,det_noun_agreement_regular,Lan,0.040161777287721634
full_tail,whole_parcel,TOM,RH_MMPFC,R,det_noun_agreement_with_adjective,Lan,0.03646662086248398
full_tail,whole_parcel,TOM,RH_MMPFC,R,subject_verb_agreement,Lan,0.03305140510201454
full_tail,whole_parcel,TOM,RH_MMPFC,R,npi,Lan,0.049533240497112274
full_tail,whole_parcel,TOM,RH_MMPFC,R,hypernymy,Lan,0.020517807453870773
full_tail,whole_parcel,TOM,RH_MMPFC,R,wug,Lan,0.001045818324200809
full_tail,whole_parcel,TOM,RH_MMPFC,R,logic_syllogism_1,MD,-0.031135231256484985
full_tail,whole_parcel,TOM,RH_MMPFC,R,logic_syllogism_symbolic,MD,-0.030526792630553246
full_tail,whole_parcel,TOM,RH_MMPFC,R,logic_propositional_1,MD,-0.042113564908504486
full_tail,whole_parcel,TOM,RH_MMPFC,R,logic_propositional_symbolic,MD,0.02348393388092518
full_tail,whole_parcel,TOM,RH_MMPFC,R,number_sequence,MD,0.01230649370700121
full_tail,whole_parcel,TOM,RH_MMPFC,R,add_sub_2op_verbal,MD,-0.006130112335085869
full_tail,whole_parcel,TOM,RH_MMPFC,R,add_sub_2op_symbolic,MD,0.02177523821592331
full_tail,whole_parcel,TOM,RH_MMPFC,R,add_sub_3op_verbal,MD,-0.009710204787552357
full_tail,whole_parcel,TOM,RH_MMPFC,R,add_sub_3op_symbolic,MD,0.00428274879232049
full_tail,whole_parcel,TOM,RH_MMPFC,R,mul_div_2op_verbal,MD,-0.008360573090612888
full_tail,whole_parcel,TOM,RH_MMPFC,R,mul_div_2op_symbolic,MD,0.0038969889283180237
full_tail,whole_parcel,TOM,RH_MMPFC,R,mul_div_3op_verbal,MD,-0.01606064662337303
full_tail,whole_parcel,TOM,RH_MMPFC,R,mul_div_3op_symbolic,MD,-0.023658696562051773
full_tail,whole_parcel,TOM,RH_MMPFC,R,simple_equation,MD,-0.009842130355536938
full_tail,whole_parcel,TOM,RH_MMPFC,R,number_sorting,MD,0.07247422635555267
full_tail,whole_parcel,TOM,RH_MMPFC,R,code_conditional,MD,0.05709231644868851
full_tail,whole_parcel,TOM,RH_MMPFC,R,code_loop,MD,0.024769308045506477
full_tail,whole_parcel,TOM,RH_MMPFC,R,code_list,MD,0.041965119540691376
full_tail,whole_parcel,TOM,RH_MMPFC,R,code_A,MD,0.034632205963134766
full_tail,whole_parcel,TOM,RH_MMPFC,R,code_B,MD,0.03909913823008537
full_tail,whole_parcel,TOM,RH_MMPFC,R,phys_newton,phys,0.006184213794767857
full_tail,whole_parcel,TOM,RH_MMPFC,R,phys_prost,phys,0.02094026654958725
full_tail,whole_parcel,TOM,RH_MMPFC,R,physics_buoyancy,phys,-4.0159939089789987e-05
full_tail,whole_parcel,TOM,RH_MMPFC,R,physics_brightness,phys,-0.03624001145362854
full_tail,whole_parcel,TOM,RH_MMPFC,R,physics_elasticity,phys,-0.006632810924202204
full_tail,whole_parcel,TOM,RH_MMPFC,R,physics_solubility,phys,-0.031897250562906265
full_tail,whole_parcel,TOM,RH_MMPFC,R,physics_speed,phys,-0.02631545066833496
full_tail,whole_parcel,TOM,RH_MMPFC,R,physics_stability,phys,-0.02184358611702919
full_tail,whole_parcel,TOM,RH_MMPFC,R,physics_temperature,phys,1.9793818864854984e-05
full_tail,whole_parcel,TOM,RH_MMPFC,R,agent,ToM,0.07621665298938751
full_tail,whole_parcel,TOM,RH_MMPFC,R,social_interactions,ToM,0.04323100298643112
full_tail,whole_parcel,TOM,RH_MMPFC,R,social_relations,ToM,0.07759293168783188
full_tail,whole_parcel,TOM,RH_MMPFC,R,desires_goals,ToM,0.031463123857975006
full_tail,whole_parcel,TOM,RH_MMPFC,R,primary_emotions,ToM,0.040676482021808624
full_tail,whole_parcel,TOM,RH_MMPFC,R,secondary_emotions,ToM,0.024910075590014458
full_tail,whole_parcel,TOM,RH_MMPFC,R,emotion_fewshot,ToM,0.02156618982553482
full_tail,whole_parcel,TOM,RH_MMPFC,R,norm_appropriate,ToM,0.09635411947965622
full_tail,whole_parcel,TOM,RH_MMPFC,R,norm_moral,ToM,0.06703142821788788
full_tail,whole_parcel,TOM,RH_VMPFC,R,anaphor_gender_agreement,Lan,0.06706243008375168
full_tail,whole_parcel,TOM,RH_VMPFC,R,det_noun_agreement_irregular,Lan,0.07146008312702179
full_tail,whole_parcel,TOM,RH_VMPFC,R,det_noun_agreement_regular,Lan,0.07260875403881073
full_tail,whole_parcel,TOM,RH_VMPFC,R,det_noun_agreement_with_adjective,Lan,0.07497118413448334
full_tail,whole_parcel,TOM,RH_VMPFC,R,subject_verb_agreement,Lan,0.05992618203163147
full_tail,whole_parcel,TOM,RH_VMPFC,R,npi,Lan,0.08211160451173782
full_tail,whole_parcel,TOM,RH_VMPFC,R,hypernymy,Lan,0.05650065094232559
full_tail,whole_parcel,TOM,RH_VMPFC,R,wug,Lan,0.0476844422519207
full_tail,whole_parcel,TOM,RH_VMPFC,R,logic_syllogism_1,MD,0.046052511781454086
full_tail,whole_parcel,TOM,RH_VMPFC,R,logic_syllogism_symbolic,MD,0.019127074629068375
full_tail,whole_parcel,TOM,RH_VMPFC,R,logic_propositional_1,MD,0.026964014396071434
full_tail,whole_parcel,TOM,RH_VMPFC,R,logic_propositional_symbolic,MD,0.038213975727558136
full_tail,whole_parcel,TOM,RH_VMPFC,R,number_sequence,MD,0.03738816827535629
full_tail,whole_parcel,TOM,RH_VMPFC,R,add_sub_2op_verbal,MD,0.021871834993362427
full_tail,whole_parcel,TOM,RH_VMPFC,R,add_sub_2op_symbolic,MD,0.05080768093466759
full_tail,whole_parcel,TOM,RH_VMPFC,R,add_sub_3op_verbal,MD,0.01069610845297575
full_tail,whole_parcel,TOM,RH_VMPFC,R,add_sub_3op_symbolic,MD,0.03999428451061249
full_tail,whole_parcel,TOM,RH_VMPFC,R,mul_div_2op_verbal,MD,0.02588830702006817
full_tail,whole_parcel,TOM,RH_VMPFC,R,mul_div_2op_symbolic,MD,0.04171273484826088
full_tail,whole_parcel,TOM,RH_VMPFC,R,mul_div_3op_verbal,MD,0.016575150191783905
full_tail,whole_parcel,TOM,RH_VMPFC,R,mul_div_3op_symbolic,MD,0.027227800339460373
full_tail,whole_parcel,TOM,RH_VMPFC,R,simple_equation,MD,0.030155064538121223
full_tail,whole_parcel,TOM,RH_VMPFC,R,number_sorting,MD,0.01553369965404272
full_tail,whole_parcel,TOM,RH_VMPFC,R,code_conditional,MD,0.04281279817223549
full_tail,whole_parcel,TOM,RH_VMPFC,R,code_loop,MD,0.030553597956895828
full_tail,whole_parcel,TOM,RH_VMPFC,R,code_list,MD,0.041880957782268524
full_tail,whole_parcel,TOM,RH_VMPFC,R,code_A,MD,0.03482096642255783
full_tail,whole_parcel,TOM,RH_VMPFC,R,code_B,MD,0.03984541818499565
full_tail,whole_parcel,TOM,RH_VMPFC,R,phys_newton,phys,0.043813154101371765
full_tail,whole_parcel,TOM,RH_VMPFC,R,phys_prost,phys,0.040606603026390076
full_tail,whole_parcel,TOM,RH_VMPFC,R,physics_buoyancy,phys,0.013177689164876938
full_tail,whole_parcel,TOM,RH_VMPFC,R,physics_brightness,phys,-0.0008173961541615427
full_tail,whole_parcel,TOM,RH_VMPFC,R,physics_elasticity,phys,0.010237134993076324
full_tail,whole_parcel,TOM,RH_VMPFC,R,physics_solubility,phys,0.004775689449161291
full_tail,whole_parcel,TOM,RH_VMPFC,R,physics_speed,phys,0.007195499259978533
full_tail,whole_parcel,TOM,RH_VMPFC,R,physics_stability,phys,0.0009389559272676706
full_tail,whole_parcel,TOM,RH_VMPFC,R,physics_temperature,phys,0.021530624479055405
full_tail,whole_parcel,TOM,RH_VMPFC,R,agent,ToM,0.05406102165579796
full_tail,whole_parcel,TOM,RH_VMPFC,R,social_interactions,ToM,0.06137274578213692
full_tail,whole_parcel,TOM,RH_VMPFC,R,social_relations,ToM,0.08088892698287964
full_tail,whole_parcel,TOM,RH_VMPFC,R,desires_goals,ToM,0.0728907510638237
full_tail,whole_parcel,TOM,RH_VMPFC,R,primary_emotions,ToM,0.07591023296117783
full_tail,whole_parcel,TOM,RH_VMPFC,R,secondary_emotions,ToM,0.06894280761480331
full_tail,whole_parcel,TOM,RH_VMPFC,R,emotion_fewshot,ToM,0.053328730165958405
full_tail,whole_parcel,TOM,RH_VMPFC,R,norm_appropriate,ToM,0.06428132951259613
full_tail,whole_parcel,TOM,RH_VMPFC,R,norm_moral,ToM,0.05391091853380203
full_tail,whole_parcel,TOM,RH_PC,R,anaphor_gender_agreement,Lan,0.018976286053657532
full_tail,whole_parcel,TOM,RH_PC,R,det_noun_agreement_irregular,Lan,0.024776222184300423
full_tail,whole_parcel,TOM,RH_PC,R,det_noun_agreement_regular,Lan,0.031017456203699112
full_tail,whole_parcel,TOM,RH_PC,R,det_noun_agreement_with_adjective,Lan,0.029261833056807518
full_tail,whole_parcel,TOM,RH_PC,R,subject_verb_agreement,Lan,0.01055885199457407
full_tail,whole_parcel,TOM,RH_PC,R,npi,Lan,0.05050446838140488
full_tail,whole_parcel,TOM,RH_PC,R,hypernymy,Lan,-0.0004471535503398627
full_tail,whole_parcel,TOM,RH_PC,R,wug,Lan,-0.042166441679000854
full_tail,whole_parcel,TOM,RH_PC,R,logic_syllogism_1,MD,-0.1138058602809906
full_tail,whole_parcel,TOM,RH_PC,R,logic_syllogism_symbolic,MD,-0.13710138201713562
full_tail,whole_parcel,TOM,RH_PC,R,logic_propositional_1,MD,-0.16513893008232117
full_tail,whole_parcel,TOM,RH_PC,R,logic_propositional_symbolic,MD,-0.05797301605343819
full_tail,whole_parcel,TOM,RH_PC,R,number_sequence,MD,-0.06073298677802086
full_tail,whole_parcel,TOM,RH_PC,R,add_sub_2op_verbal,MD,-0.09212180972099304
full_tail,whole_parcel,TOM,RH_PC,R,add_sub_2op_symbolic,MD,-0.023696543648838997
full_tail,whole_parcel,TOM,RH_PC,R,add_sub_3op_verbal,MD,-0.1086147204041481
full_tail,whole_parcel,TOM,RH_PC,R,add_sub_3op_symbolic,MD,-0.06275364011526108
full_tail,whole_parcel,TOM,RH_PC,R,mul_div_2op_verbal,MD,-0.08831445872783661
full_tail,whole_parcel,TOM,RH_PC,R,mul_div_2op_symbolic,MD,-0.05814613401889801
full_tail,whole_parcel,TOM,RH_PC,R,mul_div_3op_verbal,MD,-0.11151614040136337
full_tail,whole_parcel,TOM,RH_PC,R,mul_div_3op_symbolic,MD,-0.11678335815668106
full_tail,whole_parcel,TOM,RH_PC,R,simple_equation,MD,-0.09462925046682358
full_tail,whole_parcel,TOM,RH_PC,R,number_sorting,MD,-0.07634346187114716
full_tail,whole_parcel,TOM,RH_PC,R,code_conditional,MD,-0.009957053698599339
full_tail,whole_parcel,TOM,RH_PC,R,code_loop,MD,-0.06157812103629112
full_tail,whole_parcel,TOM,RH_PC,R,code_list,MD,-0.025867590680718422
full_tail,whole_parcel,TOM,RH_PC,R,code_A,MD,-0.04713727533817291
full_tail,whole_parcel,TOM,RH_PC,R,code_B,MD,-0.03214459493756294
full_tail,whole_parcel,TOM,RH_PC,R,phys_newton,phys,-0.03562792018055916
full_tail,whole_parcel,TOM,RH_PC,R,phys_prost,phys,-0.005327378865331411
full_tail,whole_parcel,TOM,RH_PC,R,physics_buoyancy,phys,-0.030129164457321167
full_tail,whole_parcel,TOM,RH_PC,R,physics_brightness,phys,-0.07039020955562592
full_tail,whole_parcel,TOM,RH_PC,R,physics_elasticity,phys,-0.02202220819890499
full_tail,whole_parcel,TOM,RH_PC,R,physics_solubility,phys,-0.06354724615812302
full_tail,whole_parcel,TOM,RH_PC,R,physics_speed,phys,-0.0574602410197258
full_tail,whole_parcel,TOM,RH_PC,R,physics_stability,phys,-0.05237477272748947
full_tail,whole_parcel,TOM,RH_PC,R,physics_temperature,phys,-0.013940749689936638
full_tail,whole_parcel,TOM,RH_PC,R,agent,ToM,0.05084893852472305
full_tail,whole_parcel,TOM,RH_PC,R,social_interactions,ToM,0.00926906056702137
full_tail,whole_parcel,TOM,RH_PC,R,social_relations,ToM,0.07133382558822632
full_tail,whole_parcel,TOM,RH_PC,R,desires_goals,ToM,0.01990581303834915
full_tail,whole_parcel,TOM,RH_PC,R,primary_emotions,ToM,0.03692995011806488
full_tail,whole_parcel,TOM,RH_PC,R,secondary_emotions,ToM,0.008960616774857044
full_tail,whole_parcel,TOM,RH_PC,R,emotion_fewshot,ToM,-0.00971285067498684
full_tail,whole_parcel,TOM,RH_PC,R,norm_appropriate,ToM,0.08906164765357971
full_tail,whole_parcel,TOM,RH_PC,R,norm_moral,ToM,0.01801896281540394
full_tail,whole_parcel,PHYSICS,lDMFC,L,anaphor_gender_agreement,Lan,0.05124927684664726
full_tail,whole_parcel,PHYSICS,lDMFC,L,det_noun_agreement_irregular,Lan,0.052186641842126846
full_tail,whole_parcel,PHYSICS,lDMFC,L,det_noun_agreement_regular,Lan,0.05328306555747986
full_tail,whole_parcel,PHYSICS,lDMFC,L,det_noun_agreement_with_adjective,Lan,0.05299729108810425
full_tail,whole_parcel,PHYSICS,lDMFC,L,subject_verb_agreement,Lan,0.055425602942705154
full_tail,whole_parcel,PHYSICS,lDMFC,L,npi,Lan,0.04573065787553787
full_tail,whole_parcel,PHYSICS,lDMFC,L,hypernymy,Lan,0.047267619520425797
full_tail,whole_parcel,PHYSICS,lDMFC,L,wug,Lan,0.032125554978847504
full_tail,whole_parcel,PHYSICS,lDMFC,L,logic_syllogism_1,MD,-0.006847097538411617
full_tail,whole_parcel,PHYSICS,lDMFC,L,logic_syllogism_symbolic,MD,0.013359558768570423
full_tail,whole_parcel,PHYSICS,lDMFC,L,logic_propositional_1,MD,0.02128109708428383
full_tail,whole_parcel,PHYSICS,lDMFC,L,logic_propositional_symbolic,MD,0.03607632592320442
full_tail,whole_parcel,PHYSICS,lDMFC,L,number_sequence,MD,0.05803687125444412
full_tail,whole_parcel,PHYSICS,lDMFC,L,add_sub_2op_verbal,MD,0.08563333749771118
full_tail,whole_parcel,PHYSICS,lDMFC,L,add_sub_2op_symbolic,MD,0.05558256432414055
full_tail,whole_parcel,PHYSICS,lDMFC,L,add_sub_3op_verbal,MD,0.10000839829444885
full_tail,whole_parcel,PHYSICS,lDMFC,L,add_sub_3op_symbolic,MD,0.05535932630300522
full_tail,whole_parcel,PHYSICS,lDMFC,L,mul_div_2op_verbal,MD,0.07235865294933319
full_tail,whole_parcel,PHYSICS,lDMFC,L,mul_div_2op_symbolic,MD,0.0532645620405674
full_tail,whole_parcel,PHYSICS,lDMFC,L,mul_div_3op_verbal,MD,0.08406589925289154
full_tail,whole_parcel,PHYSICS,lDMFC,L,mul_div_3op_symbolic,MD,0.053273819386959076
full_tail,whole_parcel,PHYSICS,lDMFC,L,simple_equation,MD,0.046870481222867966
full_tail,whole_parcel,PHYSICS,lDMFC,L,number_sorting,MD,0.1460328847169876
full_tail,whole_parcel,PHYSICS,lDMFC,L,code_conditional,MD,0.07112816721200943
full_tail,whole_parcel,PHYSICS,lDMFC,L,code_loop,MD,0.05877716839313507
full_tail,whole_parcel,PHYSICS,lDMFC,L,code_list,MD,0.06032653525471687
full_tail,whole_parcel,PHYSICS,lDMFC,L,code_A,MD,0.06696957349777222
full_tail,whole_parcel,PHYSICS,lDMFC,L,code_B,MD,0.06487807631492615
full_tail,whole_parcel,PHYSICS,lDMFC,L,phys_newton,phys,0.10335388034582138
full_tail,whole_parcel,PHYSICS,lDMFC,L,phys_prost,phys,0.12259741872549057
full_tail,whole_parcel,PHYSICS,lDMFC,L,physics_buoyancy,phys,0.17010527849197388
full_tail,whole_parcel,PHYSICS,lDMFC,L,physics_brightness,phys,0.17115141451358795
full_tail,whole_parcel,PHYSICS,lDMFC,L,physics_elasticity,phys,0.1741567999124527
full_tail,whole_parcel,PHYSICS,lDMFC,L,physics_solubility,phys,0.17539463937282562
full_tail,whole_parcel,PHYSICS,lDMFC,L,physics_speed,phys,0.14634552597999573
full_tail,whole_parcel,PHYSICS,lDMFC,L,physics_stability,phys,0.18801084160804749
full_tail,whole_parcel,PHYSICS,lDMFC,L,physics_temperature,phys,0.13309629261493683
full_tail,whole_parcel,PHYSICS,lDMFC,L,agent,ToM,0.08590744435787201
full_tail,whole_parcel,PHYSICS,lDMFC,L,social_interactions,ToM,0.04944173991680145
full_tail,whole_parcel,PHYSICS,lDMFC,L,social_relations,ToM,0.04333342984318733
full_tail,whole_parcel,PHYSICS,lDMFC,L,desires_goals,ToM,0.03648000955581665
full_tail,whole_parcel,PHYSICS,lDMFC,L,primary_emotions,ToM,0.0309023167937994
full_tail,whole_parcel,PHYSICS,lDMFC,L,secondary_emotions,ToM,0.02588237263262272
full_tail,whole_parcel,PHYSICS,lDMFC,L,emotion_fewshot,ToM,0.0673842802643776
full_tail,whole_parcel,PHYSICS,lDMFC,L,norm_appropriate,ToM,0.09180817753076553
full_tail,whole_parcel,PHYSICS,lDMFC,L,norm_moral,ToM,0.07801858335733414
full_tail,whole_parcel,PHYSICS,lDO,L,anaphor_gender_agreement,Lan,-0.06130709871649742
full_tail,whole_parcel,PHYSICS,lDO,L,det_noun_agreement_irregular,Lan,-0.03781282529234886
full_tail,whole_parcel,PHYSICS,lDO,L,det_noun_agreement_regular,Lan,-0.030538955703377724
full_tail,whole_parcel,PHYSICS,lDO,L,det_noun_agreement_with_adjective,Lan,-0.019506355747580528
full_tail,whole_parcel,PHYSICS,lDO,L,subject_verb_agreement,Lan,-0.055608972907066345
full_tail,whole_parcel,PHYSICS,lDO,L,npi,Lan,-0.03049224615097046
full_tail,whole_parcel,PHYSICS,lDO,L,hypernymy,Lan,-0.041932880878448486
full_tail,whole_parcel,PHYSICS,lDO,L,wug,Lan,-0.04629779979586601
full_tail,whole_parcel,PHYSICS,lDO,L,logic_syllogism_1,MD,-0.18424391746520996
full_tail,whole_parcel,PHYSICS,lDO,L,logic_syllogism_symbolic,MD,-0.15995265543460846
full_tail,whole_parcel,PHYSICS,lDO,L,logic_propositional_1,MD,-0.19003134965896606
full_tail,whole_parcel,PHYSICS,lDO,L,logic_propositional_symbolic,MD,-0.0941687747836113
full_tail,whole_parcel,PHYSICS,lDO,L,number_sequence,MD,-0.020700572058558464
full_tail,whole_parcel,PHYSICS,lDO,L,add_sub_2op_verbal,MD,0.04769529774785042
full_tail,whole_parcel,PHYSICS,lDO,L,add_sub_2op_symbolic,MD,-0.05036355182528496
full_tail,whole_parcel,PHYSICS,lDO,L,add_sub_3op_verbal,MD,0.06508025527000427
full_tail,whole_parcel,PHYSICS,lDO,L,add_sub_3op_symbolic,MD,-0.04115227982401848
full_tail,whole_parcel,PHYSICS,lDO,L,mul_div_2op_verbal,MD,0.01495206356048584
full_tail,whole_parcel,PHYSICS,lDO,L,mul_div_2op_symbolic,MD,-0.05526534095406532
full_tail,whole_parcel,PHYSICS,lDO,L,mul_div_3op_verbal,MD,0.03569183498620987
full_tail,whole_parcel,PHYSICS,lDO,L,mul_div_3op_symbolic,MD,-0.051186248660087585
full_tail,whole_parcel,PHYSICS,lDO,L,simple_equation,MD,-0.04283790662884712
full_tail,whole_parcel,PHYSICS,lDO,L,number_sorting,MD,-0.015812166035175323
full_tail,whole_parcel,PHYSICS,lDO,L,code_conditional,MD,-0.04944804683327675
full_tail,whole_parcel,PHYSICS,lDO,L,code_loop,MD,-0.06398097425699234
full_tail,whole_parcel,PHYSICS,lDO,L,code_list,MD,-0.05150570347905159
full_tail,whole_parcel,PHYSICS,lDO,L,code_A,MD,-0.052497748285532
full_tail,whole_parcel,PHYSICS,lDO,L,code_B,MD,-0.04409372806549072
full_tail,whole_parcel,PHYSICS,lDO,L,phys_newton,phys,0.03941348195075989
full_tail,whole_parcel,PHYSICS,lDO,L,phys_prost,phys,0.08895949274301529
full_tail,whole_parcel,PHYSICS,lDO,L,physics_buoyancy,phys,0.14674638211727142
full_tail,whole_parcel,PHYSICS,lDO,L,physics_brightness,phys,0.16769687831401825
full_tail,whole_parcel,PHYSICS,lDO,L,physics_elasticity,phys,0.14672310650348663
full_tail,whole_parcel,PHYSICS,lDO,L,physics_solubility,phys,0.16234998404979706
full_tail,whole_parcel,PHYSICS,lDO,L,physics_speed,phys,0.10089877247810364
full_tail,whole_parcel,PHYSICS,lDO,L,physics_stability,phys,0.1496797651052475
full_tail,whole_parcel,PHYSICS,lDO,L,physics_temperature,phys,0.10858454555273056
full_tail,whole_parcel,PHYSICS,lDO,L,agent,ToM,-0.047425564378499985
full_tail,whole_parcel,PHYSICS,lDO,L,social_interactions,ToM,-0.11538812518119812
full_tail,whole_parcel,PHYSICS,lDO,L,social_relations,ToM,-0.07663378864526749
full_tail,whole_parcel,PHYSICS,lDO,L,desires_goals,ToM,-0.08386921882629395
full_tail,whole_parcel,PHYSICS,lDO,L,primary_emotions,ToM,-0.08508536219596863
full_tail,whole_parcel,PHYSICS,lDO,L,secondary_emotions,ToM,-0.1022457554936409
full_tail,whole_parcel,PHYSICS,lDO,L,emotion_fewshot,ToM,-0.06884054094552994
full_tail,whole_parcel,PHYSICS,lDO,L,norm_appropriate,ToM,-0.017503635957837105
full_tail,whole_parcel,PHYSICS,lDO,L,norm_moral,ToM,-0.09361688047647476
full_tail,whole_parcel,PHYSICS,lIPL,L,anaphor_gender_agreement,Lan,-0.012590260244905949
full_tail,whole_parcel,PHYSICS,lIPL,L,det_noun_agreement_irregular,Lan,-0.011804684065282345
full_tail,whole_parcel,PHYSICS,lIPL,L,det_noun_agreement_regular,Lan,-0.011772382073104382
full_tail,whole_parcel,PHYSICS,lIPL,L,det_noun_agreement_with_adjective,Lan,-0.01182624977082014
full_tail,whole_parcel,PHYSICS,lIPL,L,subject_verb_agreement,Lan,0.001769786817021668
full_tail,whole_parcel,PHYSICS,lIPL,L,npi,Lan,-0.022036533802747726
full_tail,whole_parcel,PHYSICS,lIPL,L,hypernymy,Lan,-0.008494490757584572
full_tail,whole_parcel,PHYSICS,lIPL,L,wug,Lan,6.508085789391771e-05
full_tail,whole_parcel,PHYSICS,lIPL,L,logic_syllogism_1,MD,-0.05337760969996452
full_tail,whole_parcel,PHYSICS,lIPL,L,logic_syllogism_symbolic,MD,-0.001627010409720242
full_tail,whole_parcel,PHYSICS,lIPL,L,logic_propositional_1,MD,-0.007225073408335447
full_tail,whole_parcel,PHYSICS,lIPL,L,logic_propositional_symbolic,MD,0.015134391374886036
full_tail,whole_parcel,PHYSICS,lIPL,L,number_sequence,MD,0.04384647682309151
full_tail,whole_parcel,PHYSICS,lIPL,L,add_sub_2op_verbal,MD,0.10439047962427139
full_tail,whole_parcel,PHYSICS,lIPL,L,add_sub_2op_symbolic,MD,0.018799105659127235
full_tail,whole_parcel,PHYSICS,lIPL,L,add_sub_3op_verbal,MD,0.13176703453063965
full_tail,whole_parcel,PHYSICS,lIPL,L,add_sub_3op_symbolic,MD,0.036552876234054565
full_tail,whole_parcel,PHYSICS,lIPL,L,mul_div_2op_verbal,MD,0.0764913409948349
full_tail,whole_parcel,PHYSICS,lIPL,L,mul_div_2op_symbolic,MD,0.0249317679554224
full_tail,whole_parcel,PHYSICS,lIPL,L,mul_div_3op_verbal,MD,0.1024300679564476
full_tail,whole_parcel,PHYSICS,lIPL,L,mul_div_3op_symbolic,MD,0.04888785630464554
full_tail,whole_parcel,PHYSICS,lIPL,L,simple_equation,MD,0.03691024333238602
full_tail,whole_parcel,PHYSICS,lIPL,L,number_sorting,MD,0.17705239355564117
full_tail,whole_parcel,PHYSICS,lIPL,L,code_conditional,MD,0.04389981925487518
full_tail,whole_parcel,PHYSICS,lIPL,L,code_loop,MD,0.04198576509952545
full_tail,whole_parcel,PHYSICS,lIPL,L,code_list,MD,0.032842591404914856
full_tail,whole_parcel,PHYSICS,lIPL,L,code_A,MD,0.049602068960666656
full_tail,whole_parcel,PHYSICS,lIPL,L,code_B,MD,0.040161099284887314
full_tail,whole_parcel,PHYSICS,lIPL,L,phys_newton,phys,0.06865505874156952
full_tail,whole_parcel,PHYSICS,lIPL,L,phys_prost,phys,0.08869290351867676
full_tail,whole_parcel,PHYSICS,lIPL,L,physics_buoyancy,phys,0.13991679251194
full_tail,whole_parcel,PHYSICS,lIPL,L,physics_brightness,phys,0.14769934117794037
full_tail,whole_parcel,PHYSICS,lIPL,L,physics_elasticity,phys,0.13534389436244965
full_tail,whole_parcel,PHYSICS,lIPL,L,physics_solubility,phys,0.14990101754665375
full_tail,whole_parcel,PHYSICS,lIPL,L,physics_speed,phys,0.11593057215213776
full_tail,whole_parcel,PHYSICS,lIPL,L,physics_stability,phys,0.1584642380475998
full_tail,whole_parcel,PHYSICS,lIPL,L,physics_temperature,phys,0.08153225481510162
full_tail,whole_parcel,PHYSICS,lIPL,L,agent,ToM,0.02166559174656868
full_tail,whole_parcel,PHYSICS,lIPL,L,social_interactions,ToM,-0.01960487850010395
full_tail,whole_parcel,PHYSICS,lIPL,L,social_relations,ToM,-0.03582024574279785
full_tail,whole_parcel,PHYSICS,lIPL,L,desires_goals,ToM,-0.03844691067934036
full_tail,whole_parcel,PHYSICS,lIPL,L,primary_emotions,ToM,-0.04503394290804863
full_tail,whole_parcel,PHYSICS,lIPL,L,secondary_emotions,ToM,-0.04500257223844528
full_tail,whole_parcel,PHYSICS,lIPL,L,emotion_fewshot,ToM,-0.006502086762338877
full_tail,whole_parcel,PHYSICS,lIPL,L,norm_appropriate,ToM,0.011237585917115211
full_tail,whole_parcel,PHYSICS,lIPL,L,norm_moral,ToM,0.008721699938178062
full_tail,whole_parcel,PHYSICS,lMPL,L,anaphor_gender_agreement,Lan,0.015408412553369999
full_tail,whole_parcel,PHYSICS,lMPL,L,det_noun_agreement_irregular,Lan,0.014521288685500622
full_tail,whole_parcel,PHYSICS,lMPL,L,det_noun_agreement_regular,Lan,0.015511035919189453
full_tail,whole_parcel,PHYSICS,lMPL,L,det_noun_agreement_with_adjective,Lan,0.011495893821120262
full_tail,whole_parcel,PHYSICS,lMPL,L,subject_verb_agreement,Lan,0.031767550855875015
full_tail,whole_parcel,PHYSICS,lMPL,L,npi,Lan,-0.0008934037177823484
full_tail,whole_parcel,PHYSICS,lMPL,L,hypernymy,Lan,0.024834781885147095
full_tail,whole_parcel,PHYSICS,lMPL,L,wug,Lan,0.03013967163860798
full_tail,whole_parcel,PHYSICS,lMPL,L,logic_syllogism_1,MD,-0.04160588979721069
full_tail,whole_parcel,PHYSICS,lMPL,L,logic_syllogism_symbolic,MD,0.008913115598261356
full_tail,whole_parcel,PHYSICS,lMPL,L,logic_propositional_1,MD,-0.008805801160633564
full_tail,whole_parcel,PHYSICS,lMPL,L,logic_propositional_symbolic,MD,0.023006871342658997
full_tail,whole_parcel,PHYSICS,lMPL,L,number_sequence,MD,0.07085937261581421
full_tail,whole_parcel,PHYSICS,lMPL,L,add_sub_2op_verbal,MD,0.13810935616493225
full_tail,whole_parcel,PHYSICS,lMPL,L,add_sub_2op_symbolic,MD,0.047798559069633484
full_tail,whole_parcel,PHYSICS,lMPL,L,add_sub_3op_verbal,MD,0.16426602005958557
full_tail,whole_parcel,PHYSICS,lMPL,L,add_sub_3op_symbolic,MD,0.06367965787649155
full_tail,whole_parcel,PHYSICS,lMPL,L,mul_div_2op_verbal,MD,0.10863646119832993
full_tail,whole_parcel,PHYSICS,lMPL,L,mul_div_2op_symbolic,MD,0.052742116153240204
full_tail,whole_parcel,PHYSICS,lMPL,L,mul_div_3op_verbal,MD,0.13209247589111328
full_tail,whole_parcel,PHYSICS,lMPL,L,mul_div_3op_symbolic,MD,0.07552438974380493
full_tail,whole_parcel,PHYSICS,lMPL,L,simple_equation,MD,0.06232760101556778
full_tail,whole_parcel,PHYSICS,lMPL,L,number_sorting,MD,0.17212818562984467
full_tail,whole_parcel,PHYSICS,lMPL,L,code_conditional,MD,0.052809055894613266
full_tail,whole_parcel,PHYSICS,lMPL,L,code_loop,MD,0.05555297061800957
full_tail,whole_parcel,PHYSICS,lMPL,L,code_list,MD,0.047346632927656174
full_tail,whole_parcel,PHYSICS,lMPL,L,code_A,MD,0.059204310178756714
full_tail,whole_parcel,PHYSICS,lMPL,L,code_B,MD,0.05234113708138466
full_tail,whole_parcel,PHYSICS,lMPL,L,phys_newton,phys,0.06953612715005875
full_tail,whole_parcel,PHYSICS,lMPL,L,phys_prost,phys,0.08194135129451752
full_tail,whole_parcel,PHYSICS,lMPL,L,physics_buoyancy,phys,0.12038449943065643
full_tail,whole_parcel,PHYSICS,lMPL,L,physics_brightness,phys,0.12668751180171967
full_tail,whole_parcel,PHYSICS,lMPL,L,physics_elasticity,phys,0.10569103062152863
full_tail,whole_parcel,PHYSICS,lMPL,L,physics_solubility,phys,0.13790827989578247
full_tail,whole_parcel,PHYSICS,lMPL,L,physics_speed,phys,0.09776201099157333
full_tail,whole_parcel,PHYSICS,lMPL,L,physics_stability,phys,0.12997660040855408
full_tail,whole_parcel,PHYSICS,lMPL,L,physics_temperature,phys,0.07491107285022736
full_tail,whole_parcel,PHYSICS,lMPL,L,agent,ToM,0.017611684277653694
full_tail,whole_parcel,PHYSICS,lMPL,L,social_interactions,ToM,-0.026115870103240013
full_tail,whole_parcel,PHYSICS,lMPL,L,social_relations,ToM,-0.019900262355804443
full_tail,whole_parcel,PHYSICS,lMPL,L,desires_goals,ToM,-0.023376746103167534
full_tail,whole_parcel,PHYSICS,lMPL,L,primary_emotions,ToM,-0.03656291589140892
full_tail,whole_parcel,PHYSICS,lMPL,L,secondary_emotions,ToM,-0.03475145623087883
full_tail,whole_parcel,PHYSICS,lMPL,L,emotion_fewshot,ToM,0.0015865241875872016
full_tail,whole_parcel,PHYSICS,lMPL,L,norm_appropriate,ToM,0.0019397275755181909
full_tail,whole_parcel,PHYSICS,lMPL,L,norm_moral,ToM,-0.00018256634939461946
full_tail,whole_parcel,PHYSICS,lSPL,L,anaphor_gender_agreement,Lan,0.03605153411626816
full_tail,whole_parcel,PHYSICS,lSPL,L,det_noun_agreement_irregular,Lan,0.039856329560279846
full_tail,whole_parcel,PHYSICS,lSPL,L,det_noun_agreement_regular,Lan,0.041943181306123734
full_tail,whole_parcel,PHYSICS,lSPL,L,det_noun_agreement_with_adjective,Lan,0.04025363177061081
full_tail,whole_parcel,PHYSICS,lSPL,L,subject_verb_agreement,Lan,0.04046047478914261
full_tail,whole_parcel,PHYSICS,lSPL,L,npi,Lan,0.03194773569703102
full_tail,whole_parcel,PHYSICS,lSPL,L,hypernymy,Lan,0.03368194401264191
full_tail,whole_parcel,PHYSICS,lSPL,L,wug,Lan,0.008526836521923542
full_tail,whole_parcel,PHYSICS,lSPL,L,logic_syllogism_1,MD,-0.0777314156293869
full_tail,whole_parcel,PHYSICS,lSPL,L,logic_syllogism_symbolic,MD,-0.04349895939230919
full_tail,whole_parcel,PHYSICS,lSPL,L,logic_propositional_1,MD,-0.060020528733730316
full_tail,whole_parcel,PHYSICS,lSPL,L,logic_propositional_symbolic,MD,-0.009388159029185772
full_tail,whole_parcel,PHYSICS,lSPL,L,number_sequence,MD,0.033142104744911194
full_tail,whole_parcel,PHYSICS,lSPL,L,add_sub_2op_verbal,MD,0.06363889575004578
full_tail,whole_parcel,PHYSICS,lSPL,L,add_sub_2op_symbolic,MD,0.03735736012458801
full_tail,whole_parcel,PHYSICS,lSPL,L,add_sub_3op_verbal,MD,0.07593758404254913
full_tail,whole_parcel,PHYSICS,lSPL,L,add_sub_3op_symbolic,MD,0.030872195959091187
full_tail,whole_parcel,PHYSICS,lSPL,L,mul_div_2op_verbal,MD,0.04935252293944359
full_tail,whole_parcel,PHYSICS,lSPL,L,mul_div_2op_symbolic,MD,0.03109939768910408
full_tail,whole_parcel,PHYSICS,lSPL,L,mul_div_3op_verbal,MD,0.05893582105636597
full_tail,whole_parcel,PHYSICS,lSPL,L,mul_div_3op_symbolic,MD,0.022281324490904808
full_tail,whole_parcel,PHYSICS,lSPL,L,simple_equation,MD,0.011866247281432152
full_tail,whole_parcel,PHYSICS,lSPL,L,number_sorting,MD,0.07510949671268463
full_tail,whole_parcel,PHYSICS,lSPL,L,code_conditional,MD,0.022345254197716713
full_tail,whole_parcel,PHYSICS,lSPL,L,code_loop,MD,0.003724527545273304
full_tail,whole_parcel,PHYSICS,lSPL,L,code_list,MD,0.008732739835977554
full_tail,whole_parcel,PHYSICS,lSPL,L,code_A,MD,0.014216450974345207
full_tail,whole_parcel,PHYSICS,lSPL,L,code_B,MD,0.012969276867806911
full_tail,whole_parcel,PHYSICS,lSPL,L,phys_newton,phys,0.06097632274031639
full_tail,whole_parcel,PHYSICS,lSPL,L,phys_prost,phys,0.09005320817232132
full_tail,whole_parcel,PHYSICS,lSPL,L,physics_buoyancy,phys,0.11577273160219193
full_tail,whole_parcel,PHYSICS,lSPL,L,physics_brightness,phys,0.12145548313856125
full_tail,whole_parcel,PHYSICS,lSPL,L,physics_elasticity,phys,0.12097606807947159
full_tail,whole_parcel,PHYSICS,lSPL,L,physics_solubility,phys,0.13151706755161285
full_tail,whole_parcel,PHYSICS,lSPL,L,physics_speed,phys,0.09338030219078064
full_tail,whole_parcel,PHYSICS,lSPL,L,physics_stability,phys,0.131678968667984
full_tail,whole_parcel,PHYSICS,lSPL,L,physics_temperature,phys,0.08139108866453171
full_tail,whole_parcel,PHYSICS,lSPL,L,agent,ToM,0.037500184029340744
full_tail,whole_parcel,PHYSICS,lSPL,L,social_interactions,ToM,-0.0035250268410891294
full_tail,whole_parcel,PHYSICS,lSPL,L,social_relations,ToM,-0.0036904332228004932
full_tail,whole_parcel,PHYSICS,lSPL,L,desires_goals,ToM,-0.002854339312762022
full_tail,whole_parcel,PHYSICS,lSPL,L,primary_emotions,ToM,0.0016860142350196838
full_tail,whole_parcel,PHYSICS,lSPL,L,secondary_emotions,ToM,-0.007326000835746527
full_tail,whole_parcel,PHYSICS,lSPL,L,emotion_fewshot,ToM,0.0059928810223937035
full_tail,whole_parcel,PHYSICS,lSPL,L,norm_appropriate,ToM,0.031600408256053925
full_tail,whole_parcel,PHYSICS,lSPL,L,norm_moral,ToM,0.008215063251554966
full_tail,whole_parcel,PHYSICS,lTO,L,anaphor_gender_agreement,Lan,0.07152726501226425
full_tail,whole_parcel,PHYSICS,lTO,L,det_noun_agreement_irregular,Lan,0.09968171268701553
full_tail,whole_parcel,PHYSICS,lTO,L,det_noun_agreement_regular,Lan,0.10115652531385422
full_tail,whole_parcel,PHYSICS,lTO,L,det_noun_agreement_with_adjective,Lan,0.12676090002059937
full_tail,whole_parcel,PHYSICS,lTO,L,subject_verb_agreement,Lan,0.04759593680500984
full_tail,whole_parcel,PHYSICS,lTO,L,npi,Lan,0.13033799827098846
full_tail,whole_parcel,PHYSICS,lTO,L,hypernymy,Lan,0.04022170603275299
full_tail,whole_parcel,PHYSICS,lTO,L,wug,Lan,0.05794542655348778
full_tail,whole_parcel,PHYSICS,lTO,L,logic_syllogism_1,MD,0.04662053659558296
full_tail,whole_parcel,PHYSICS,lTO,L,logic_syllogism_symbolic,MD,0.026630230247974396
full_tail,whole_parcel,PHYSICS,lTO,L,logic_propositional_1,MD,0.04667162522673607
full_tail,whole_parcel,PHYSICS,lTO,L,logic_propositional_symbolic,MD,0.09245551377534866
full_tail,whole_parcel,PHYSICS,lTO,L,number_sequence,MD,0.061701416969299316
full_tail,whole_parcel,PHYSICS,lTO,L,add_sub_2op_verbal,MD,0.0496596023440361
full_tail,whole_parcel,PHYSICS,lTO,L,add_sub_2op_symbolic,MD,0.039398930966854095
full_tail,whole_parcel,PHYSICS,lTO,L,add_sub_3op_verbal,MD,0.04635117948055267
full_tail,whole_parcel,PHYSICS,lTO,L,add_sub_3op_symbolic,MD,0.04609345644712448
full_tail,whole_parcel,PHYSICS,lTO,L,mul_div_2op_verbal,MD,0.04636961594223976
full_tail,whole_parcel,PHYSICS,lTO,L,mul_div_2op_symbolic,MD,0.03899382799863815
full_tail,whole_parcel,PHYSICS,lTO,L,mul_div_3op_verbal,MD,0.0570329912006855
full_tail,whole_parcel,PHYSICS,lTO,L,mul_div_3op_symbolic,MD,0.04468361660838127
full_tail,whole_parcel,PHYSICS,lTO,L,simple_equation,MD,0.05539323017001152
full_tail,whole_parcel,PHYSICS,lTO,L,number_sorting,MD,0.15668269991874695
full_tail,whole_parcel,PHYSICS,lTO,L,code_conditional,MD,0.13673752546310425
full_tail,whole_parcel,PHYSICS,lTO,L,code_loop,MD,0.11156915873289108
full_tail,whole_parcel,PHYSICS,lTO,L,code_list,MD,0.12299768626689911
full_tail,whole_parcel,PHYSICS,lTO,L,code_A,MD,0.12983885407447815
full_tail,whole_parcel,PHYSICS,lTO,L,code_B,MD,0.13268552720546722
full_tail,whole_parcel,PHYSICS,lTO,L,phys_newton,phys,0.1908315122127533
full_tail,whole_parcel,PHYSICS,lTO,L,phys_prost,phys,0.20570097863674164
full_tail,whole_parcel,PHYSICS,lTO,L,physics_buoyancy,phys,0.21679536998271942
full_tail,whole_parcel,PHYSICS,lTO,L,physics_brightness,phys,0.1909850686788559
full_tail,whole_parcel,PHYSICS,lTO,L,physics_elasticity,phys,0.2289898693561554
full_tail,whole_parcel,PHYSICS,lTO,L,physics_solubility,phys,0.20527976751327515
full_tail,whole_parcel,PHYSICS,lTO,L,physics_speed,phys,0.18027009069919586
full_tail,whole_parcel,PHYSICS,lTO,L,physics_stability,phys,0.22225521504878998
full_tail,whole_parcel,PHYSICS,lTO,L,physics_temperature,phys,0.18367265164852142
full_tail,whole_parcel,PHYSICS,lTO,L,agent,ToM,0.12699654698371887
full_tail,whole_parcel,PHYSICS,lTO,L,social_interactions,ToM,0.09720516949892044
full_tail,whole_parcel,PHYSICS,lTO,L,social_relations,ToM,0.12603764235973358
full_tail,whole_parcel,PHYSICS,lTO,L,desires_goals,ToM,0.11019819974899292
full_tail,whole_parcel,PHYSICS,lTO,L,primary_emotions,ToM,0.10473852604627609
full_tail,whole_parcel,PHYSICS,lTO,L,secondary_emotions,ToM,0.08914827555418015
full_tail,whole_parcel,PHYSICS,lTO,L,emotion_fewshot,ToM,0.09055688232183456
full_tail,whole_parcel,PHYSICS,lTO,L,norm_appropriate,ToM,0.15953102707862854
full_tail,whole_parcel,PHYSICS,lTO,L,norm_moral,ToM,0.1083059012889862
full_tail,whole_parcel,PHYSICS,rDMFC,R,anaphor_gender_agreement,Lan,0.08424937725067139
full_tail,whole_parcel,PHYSICS,rDMFC,R,det_noun_agreement_irregular,Lan,0.08747493475675583
full_tail,whole_parcel,PHYSICS,rDMFC,R,det_noun_agreement_regular,Lan,0.08823331445455551
full_tail,whole_parcel,PHYSICS,rDMFC,R,det_noun_agreement_with_adjective,Lan,0.08980494737625122
full_tail,whole_parcel,PHYSICS,rDMFC,R,subject_verb_agreement,Lan,0.08328961580991745
full_tail,whole_parcel,PHYSICS,rDMFC,R,npi,Lan,0.08356013149023056
full_tail,whole_parcel,PHYSICS,rDMFC,R,hypernymy,Lan,0.07647960633039474
full_tail,whole_parcel,PHYSICS,rDMFC,R,wug,Lan,0.060662418603897095
full_tail,whole_parcel,PHYSICS,rDMFC,R,logic_syllogism_1,MD,0.027706608176231384
full_tail,whole_parcel,PHYSICS,rDMFC,R,logic_syllogism_symbolic,MD,0.03590051829814911
full_tail,whole_parcel,PHYSICS,rDMFC,R,logic_propositional_1,MD,0.05870259553194046
full_tail,whole_parcel,PHYSICS,rDMFC,R,logic_propositional_symbolic,MD,0.06388989835977554
full_tail,whole_parcel,PHYSICS,rDMFC,R,number_sequence,MD,0.08230110257863998
full_tail,whole_parcel,PHYSICS,rDMFC,R,add_sub_2op_verbal,MD,0.10515084862709045
full_tail,whole_parcel,PHYSICS,rDMFC,R,add_sub_2op_symbolic,MD,0.08236605674028397
full_tail,whole_parcel,PHYSICS,rDMFC,R,add_sub_3op_verbal,MD,0.11709441244602203
full_tail,whole_parcel,PHYSICS,rDMFC,R,add_sub_3op_symbolic,MD,0.07949069142341614
full_tail,whole_parcel,PHYSICS,rDMFC,R,mul_div_2op_verbal,MD,0.09423477202653885
full_tail,whole_parcel,PHYSICS,rDMFC,R,mul_div_2op_symbolic,MD,0.07892432808876038
full_tail,whole_parcel,PHYSICS,rDMFC,R,mul_div_3op_verbal,MD,0.10405121743679047
full_tail,whole_parcel,PHYSICS,rDMFC,R,mul_div_3op_symbolic,MD,0.07508252561092377
full_tail,whole_parcel,PHYSICS,rDMFC,R,simple_equation,MD,0.06746889650821686
full_tail,whole_parcel,PHYSICS,rDMFC,R,number_sorting,MD,0.1595555990934372
full_tail,whole_parcel,PHYSICS,rDMFC,R,code_conditional,MD,0.09770961850881577
full_tail,whole_parcel,PHYSICS,rDMFC,R,code_loop,MD,0.0813201293349266
full_tail,whole_parcel,PHYSICS,rDMFC,R,code_list,MD,0.08492059260606766
full_tail,whole_parcel,PHYSICS,rDMFC,R,code_A,MD,0.09099232405424118
full_tail,whole_parcel,PHYSICS,rDMFC,R,code_B,MD,0.08949936926364899
full_tail,whole_parcel,PHYSICS,rDMFC,R,phys_newton,phys,0.13034000992774963
full_tail,whole_parcel,PHYSICS,rDMFC,R,phys_prost,phys,0.14688630402088165
full_tail,whole_parcel,PHYSICS,rDMFC,R,physics_buoyancy,phys,0.1808077096939087
full_tail,whole_parcel,PHYSICS,rDMFC,R,physics_brightness,phys,0.1759711056947708
full_tail,whole_parcel,PHYSICS,rDMFC,R,physics_elasticity,phys,0.18602418899536133
full_tail,whole_parcel,PHYSICS,rDMFC,R,physics_solubility,phys,0.18555346131324768
full_tail,whole_parcel,PHYSICS,rDMFC,R,physics_speed,phys,0.15840110182762146
full_tail,whole_parcel,PHYSICS,rDMFC,R,physics_stability,phys,0.1949479877948761
full_tail,whole_parcel,PHYSICS,rDMFC,R,physics_temperature,phys,0.14620910584926605
full_tail,whole_parcel,PHYSICS,rDMFC,R,agent,ToM,0.12529531121253967
full_tail,whole_parcel,PHYSICS,rDMFC,R,social_interactions,ToM,0.09499847143888474
full_tail,whole_parcel,PHYSICS,rDMFC,R,social_relations,ToM,0.08261199295520782
full_tail,whole_parcel,PHYSICS,rDMFC,R,desires_goals,ToM,0.07595589011907578
full_tail,whole_parcel,PHYSICS,rDMFC,R,primary_emotions,ToM,0.07327717542648315
full_tail,whole_parcel,PHYSICS,rDMFC,R,secondary_emotions,ToM,0.06799834966659546
full_tail,whole_parcel,PHYSICS,rDMFC,R,emotion_fewshot,ToM,0.10908521711826324
full_tail,whole_parcel,PHYSICS,rDMFC,R,norm_appropriate,ToM,0.13149893283843994
full_tail,whole_parcel,PHYSICS,rDMFC,R,norm_moral,ToM,0.12245460599660873
full_tail,whole_parcel,PHYSICS,rDO,R,anaphor_gender_agreement,Lan,0.013033347204327583
full_tail,whole_parcel,PHYSICS,rDO,R,det_noun_agreement_irregular,Lan,0.027925215661525726
full_tail,whole_parcel,PHYSICS,rDO,R,det_noun_agreement_regular,Lan,0.03369824215769768
full_tail,whole_parcel,PHYSICS,rDO,R,det_noun_agreement_with_adjective,Lan,0.03662930428981781
full_tail,whole_parcel,PHYSICS,rDO,R,subject_verb_agreement,Lan,0.01671815849840641
full_tail,whole_parcel,PHYSICS,rDO,R,npi,Lan,0.028649931773543358
full_tail,whole_parcel,PHYSICS,rDO,R,hypernymy,Lan,0.026663290336728096
full_tail,whole_parcel,PHYSICS,rDO,R,wug,Lan,0.013337097130715847
full_tail,whole_parcel,PHYSICS,rDO,R,logic_syllogism_1,MD,-0.14084778726100922
full_tail,whole_parcel,PHYSICS,rDO,R,logic_syllogism_symbolic,MD,-0.11252164840698242
full_tail,whole_parcel,PHYSICS,rDO,R,logic_propositional_1,MD,-0.14550718665122986
full_tail,whole_parcel,PHYSICS,rDO,R,logic_propositional_symbolic,MD,-0.050124578177928925
full_tail,whole_parcel,PHYSICS,rDO,R,number_sequence,MD,0.026371417567133904
full_tail,whole_parcel,PHYSICS,rDO,R,add_sub_2op_verbal,MD,0.09111538529396057
full_tail,whole_parcel,PHYSICS,rDO,R,add_sub_2op_symbolic,MD,0.01467486098408699
full_tail,whole_parcel,PHYSICS,rDO,R,add_sub_3op_verbal,MD,0.10424672067165375
full_tail,whole_parcel,PHYSICS,rDO,R,add_sub_3op_symbolic,MD,0.01169097051024437
full_tail,whole_parcel,PHYSICS,rDO,R,mul_div_2op_verbal,MD,0.0634758323431015
full_tail,whole_parcel,PHYSICS,rDO,R,mul_div_2op_symbolic,MD,0.006295895203948021
full_tail,whole_parcel,PHYSICS,rDO,R,mul_div_3op_verbal,MD,0.07723093032836914
full_tail,whole_parcel,PHYSICS,rDO,R,mul_div_3op_symbolic,MD,-0.0026996724773198366
full_tail,whole_parcel,PHYSICS,rDO,R,simple_equation,MD,-0.005193915218114853
full_tail,whole_parcel,PHYSICS,rDO,R,number_sorting,MD,0.0004240426642354578
full_tail,whole_parcel,PHYSICS,rDO,R,code_conditional,MD,-0.013802566565573215
full_tail,whole_parcel,PHYSICS,rDO,R,code_loop,MD,-0.03733654320240021
full_tail,whole_parcel,PHYSICS,rDO,R,code_list,MD,-0.022929023951292038
full_tail,whole_parcel,PHYSICS,rDO,R,code_A,MD,-0.02498083934187889
full_tail,whole_parcel,PHYSICS,rDO,R,code_B,MD,-0.019919084385037422
full_tail,whole_parcel,PHYSICS,rDO,R,phys_newton,phys,0.0361049547791481
full_tail,whole_parcel,PHYSICS,rDO,R,phys_prost,phys,0.07660283148288727
full_tail,whole_parcel,PHYSICS,rDO,R,physics_buoyancy,phys,0.08714572340250015
full_tail,whole_parcel,PHYSICS,rDO,R,physics_brightness,phys,0.08918701112270355
full_tail,whole_parcel,PHYSICS,rDO,R,physics_elasticity,phys,0.07970449328422546
full_tail,whole_parcel,PHYSICS,rDO,R,physics_solubility,phys,0.10782241076231003
full_tail,whole_parcel,PHYSICS,rDO,R,physics_speed,phys,0.06062363460659981
full_tail,whole_parcel,PHYSICS,rDO,R,physics_stability,phys,0.0819486528635025
full_tail,whole_parcel,PHYSICS,rDO,R,physics_temperature,phys,0.062039926648139954
full_tail,whole_parcel,PHYSICS,rDO,R,agent,ToM,0.005348891485482454
full_tail,whole_parcel,PHYSICS,rDO,R,social_interactions,ToM,-0.057004015892744064
full_tail,whole_parcel,PHYSICS,rDO,R,social_relations,ToM,-0.02764304354786873
full_tail,whole_parcel,PHYSICS,rDO,R,desires_goals,ToM,-0.024533400312066078
full_tail,whole_parcel,PHYSICS,rDO,R,primary_emotions,ToM,-0.021592916920781136
full_tail,whole_parcel,PHYSICS,rDO,R,secondary_emotions,ToM,-0.03438222035765648
full_tail,whole_parcel,PHYSICS,rDO,R,emotion_fewshot,ToM,-0.02675342559814453
full_tail,whole_parcel,PHYSICS,rDO,R,norm_appropriate,ToM,0.0031081351917237043
full_tail,whole_parcel,PHYSICS,rDO,R,norm_moral,ToM,-0.051242221146821976
full_tail,whole_parcel,PHYSICS,rIPL,R,anaphor_gender_agreement,Lan,0.04587717354297638
full_tail,whole_parcel,PHYSICS,rIPL,R,det_noun_agreement_irregular,Lan,0.04332159832119942
full_tail,whole_parcel,PHYSICS,rIPL,R,det_noun_agreement_regular,Lan,0.042561035603284836
full_tail,whole_parcel,PHYSICS,rIPL,R,det_noun_agreement_with_adjective,Lan,0.03849252685904503
full_tail,whole_parcel,PHYSICS,rIPL,R,subject_verb_agreement,Lan,0.05219005048274994
full_tail,whole_parcel,PHYSICS,rIPL,R,npi,Lan,0.03553055599331856
full_tail,whole_parcel,PHYSICS,rIPL,R,hypernymy,Lan,0.04214518889784813
full_tail,whole_parcel,PHYSICS,rIPL,R,wug,Lan,0.02668287605047226
full_tail,whole_parcel,PHYSICS,rIPL,R,logic_syllogism_1,MD,-0.0030670585110783577
full_tail,whole_parcel,PHYSICS,rIPL,R,logic_syllogism_symbolic,MD,0.021694505587220192
full_tail,whole_parcel,PHYSICS,rIPL,R,logic_propositional_1,MD,0.034378279000520706
full_tail,whole_parcel,PHYSICS,rIPL,R,logic_propositional_symbolic,MD,0.029454410076141357
full_tail,whole_parcel,PHYSICS,rIPL,R,number_sequence,MD,0.04682309925556183
full_tail,whole_parcel,PHYSICS,rIPL,R,add_sub_2op_verbal,MD,0.07181337475776672
full_tail,whole_parcel,PHYSICS,rIPL,R,add_sub_2op_symbolic,MD,0.055113960057497025
full_tail,whole_parcel,PHYSICS,rIPL,R,add_sub_3op_verbal,MD,0.08505991101264954
full_tail,whole_parcel,PHYSICS,rIPL,R,add_sub_3op_symbolic,MD,0.05254499241709709
full_tail,whole_parcel,PHYSICS,rIPL,R,mul_div_2op_verbal,MD,0.061794083565473557
full_tail,whole_parcel,PHYSICS,rIPL,R,mul_div_2op_symbolic,MD,0.05397176742553711
full_tail,whole_parcel,PHYSICS,rIPL,R,mul_div_3op_verbal,MD,0.07029683142900467
full_tail,whole_parcel,PHYSICS,rIPL,R,mul_div_3op_symbolic,MD,0.053741008043289185
full_tail,whole_parcel,PHYSICS,rIPL,R,simple_equation,MD,0.03502973914146423
full_tail,whole_parcel,PHYSICS,rIPL,R,number_sorting,MD,0.12358621507883072
full_tail,whole_parcel,PHYSICS,rIPL,R,code_conditional,MD,0.04705127701163292
full_tail,whole_parcel,PHYSICS,rIPL,R,code_loop,MD,0.036332905292510986
full_tail,whole_parcel,PHYSICS,rIPL,R,code_list,MD,0.03447359800338745
full_tail,whole_parcel,PHYSICS,rIPL,R,code_A,MD,0.043427009135484695
full_tail,whole_parcel,PHYSICS,rIPL,R,code_B,MD,0.038171060383319855
full_tail,whole_parcel,PHYSICS,rIPL,R,phys_newton,phys,0.06820185482501984
full_tail,whole_parcel,PHYSICS,rIPL,R,phys_prost,phys,0.07397069782018661
full_tail,whole_parcel,PHYSICS,rIPL,R,physics_buoyancy,phys,0.0970303937792778
full_tail,whole_parcel,PHYSICS,rIPL,R,physics_brightness,phys,0.09731340408325195
full_tail,whole_parcel,PHYSICS,rIPL,R,physics_elasticity,phys,0.09948199987411499
full_tail,whole_parcel,PHYSICS,rIPL,R,physics_solubility,phys,0.11146628111600876
full_tail,whole_parcel,PHYSICS,rIPL,R,physics_speed,phys,0.08885582536458969
full_tail,whole_parcel,PHYSICS,rIPL,R,physics_stability,phys,0.11485010385513306
full_tail,whole_parcel,PHYSICS,rIPL,R,physics_temperature,phys,0.06306404620409012
full_tail,whole_parcel,PHYSICS,rIPL,R,agent,ToM,0.06740739941596985
full_tail,whole_parcel,PHYSICS,rIPL,R,social_interactions,ToM,0.04776382073760033
full_tail,whole_parcel,PHYSICS,rIPL,R,social_relations,ToM,0.026089215651154518
full_tail,whole_parcel,PHYSICS,rIPL,R,desires_goals,ToM,0.02701154164969921
full_tail,whole_parcel,PHYSICS,rIPL,R,primary_emotions,ToM,0.02358292043209076
full_tail,whole_parcel,PHYSICS,rIPL,R,secondary_emotions,ToM,0.02327335812151432
full_tail,whole_parcel,PHYSICS,rIPL,R,emotion_fewshot,ToM,0.0579599030315876
full_tail,whole_parcel,PHYSICS,rIPL,R,norm_appropriate,ToM,0.05413438379764557
full_tail,whole_parcel,PHYSICS,rIPL,R,norm_moral,ToM,0.06735929101705551
full_tail,whole_parcel,PHYSICS,rMPL,R,anaphor_gender_agreement,Lan,0.057677630335092545
full_tail,whole_parcel,PHYSICS,rMPL,R,det_noun_agreement_irregular,Lan,0.057744789868593216
full_tail,whole_parcel,PHYSICS,rMPL,R,det_noun_agreement_regular,Lan,0.057696856558322906
full_tail,whole_parcel,PHYSICS,rMPL,R,det_noun_agreement_with_adjective,Lan,0.05475807934999466
full_tail,whole_parcel,PHYSICS,rMPL,R,subject_verb_agreement,Lan,0.061243120580911636
full_tail,whole_parcel,PHYSICS,rMPL,R,npi,Lan,0.047998297959566116
full_tail,whole_parcel,PHYSICS,rMPL,R,hypernymy,Lan,0.053247854113578796
full_tail,whole_parcel,PHYSICS,rMPL,R,wug,Lan,0.03820211812853813
full_tail,whole_parcel,PHYSICS,rMPL,R,logic_syllogism_1,MD,-0.009440749883651733
full_tail,whole_parcel,PHYSICS,rMPL,R,logic_syllogism_symbolic,MD,0.02095436118543148
full_tail,whole_parcel,PHYSICS,rMPL,R,logic_propositional_1,MD,0.014408051036298275
full_tail,whole_parcel,PHYSICS,rMPL,R,logic_propositional_symbolic,MD,0.03733095899224281
full_tail,whole_parcel,PHYSICS,rMPL,R,number_sequence,MD,0.06576348841190338
full_tail,whole_parcel,PHYSICS,rMPL,R,add_sub_2op_verbal,MD,0.09003230929374695
full_tail,whole_parcel,PHYSICS,rMPL,R,add_sub_2op_symbolic,MD,0.063570037484169
full_tail,whole_parcel,PHYSICS,rMPL,R,add_sub_3op_verbal,MD,0.1038726195693016
full_tail,whole_parcel,PHYSICS,rMPL,R,add_sub_3op_symbolic,MD,0.06360296159982681
full_tail,whole_parcel,PHYSICS,rMPL,R,mul_div_2op_verbal,MD,0.07746893912553787
full_tail,whole_parcel,PHYSICS,rMPL,R,mul_div_2op_symbolic,MD,0.06396229565143585
full_tail,whole_parcel,PHYSICS,rMPL,R,mul_div_3op_verbal,MD,0.08911741524934769
full_tail,whole_parcel,PHYSICS,rMPL,R,mul_div_3op_symbolic,MD,0.0665091946721077
full_tail,whole_parcel,PHYSICS,rMPL,R,simple_equation,MD,0.052595190703868866
full_tail,whole_parcel,PHYSICS,rMPL,R,number_sorting,MD,0.13942211866378784
full_tail,whole_parcel,PHYSICS,rMPL,R,code_conditional,MD,0.06112494319677353
full_tail,whole_parcel,PHYSICS,rMPL,R,code_loop,MD,0.05277448892593384
full_tail,whole_parcel,PHYSICS,rMPL,R,code_list,MD,0.05030622333288193
full_tail,whole_parcel,PHYSICS,rMPL,R,code_A,MD,0.05916634947061539
full_tail,whole_parcel,PHYSICS,rMPL,R,code_B,MD,0.054200705140829086
full_tail,whole_parcel,PHYSICS,rMPL,R,phys_newton,phys,0.0798448771238327
full_tail,whole_parcel,PHYSICS,rMPL,R,phys_prost,phys,0.08871842920780182
full_tail,whole_parcel,PHYSICS,rMPL,R,physics_buoyancy,phys,0.10667723417282104
full_tail,whole_parcel,PHYSICS,rMPL,R,physics_brightness,phys,0.1045832484960556
full_tail,whole_parcel,PHYSICS,rMPL,R,physics_elasticity,phys,0.10203702002763748
full_tail,whole_parcel,PHYSICS,rMPL,R,physics_solubility,phys,0.11931705474853516
full_tail,whole_parcel,PHYSICS,rMPL,R,physics_speed,phys,0.09079957008361816
full_tail,whole_parcel,PHYSICS,rMPL,R,physics_stability,phys,0.11910782009363174
full_tail,whole_parcel,PHYSICS,rMPL,R,physics_temperature,phys,0.07601475715637207
full_tail,whole_parcel,PHYSICS,rMPL,R,agent,ToM,0.058166299015283585
full_tail,whole_parcel,PHYSICS,rMPL,R,social_interactions,ToM,0.02716226503252983
full_tail,whole_parcel,PHYSICS,rMPL,R,social_relations,ToM,0.026387285441160202
full_tail,whole_parcel,PHYSICS,rMPL,R,desires_goals,ToM,0.02961590513586998
full_tail,whole_parcel,PHYSICS,rMPL,R,primary_emotions,ToM,0.02355487458407879
full_tail,whole_parcel,PHYSICS,rMPL,R,secondary_emotions,ToM,0.02277553640305996
full_tail,whole_parcel,PHYSICS,rMPL,R,emotion_fewshot,ToM,0.04453376680612564
full_tail,whole_parcel,PHYSICS,rMPL,R,norm_appropriate,ToM,0.04723374545574188
full_tail,whole_parcel,PHYSICS,rMPL,R,norm_moral,ToM,0.04936399310827255
full_tail,whole_parcel,PHYSICS,rSPL,R,anaphor_gender_agreement,Lan,0.032265257090330124
full_tail,whole_parcel,PHYSICS,rSPL,R,det_noun_agreement_irregular,Lan,0.034561317414045334
full_tail,whole_parcel,PHYSICS,rSPL,R,det_noun_agreement_regular,Lan,0.03668041154742241
full_tail,whole_parcel,PHYSICS,rSPL,R,det_noun_agreement_with_adjective,Lan,0.03331831470131874
full_tail,whole_parcel,PHYSICS,rSPL,R,subject_verb_agreement,Lan,0.033958882093429565
full_tail,whole_parcel,PHYSICS,rSPL,R,npi,Lan,0.026745865121483803
full_tail,whole_parcel,PHYSICS,rSPL,R,hypernymy,Lan,0.024154270067811012
full_tail,whole_parcel,PHYSICS,rSPL,R,wug,Lan,-0.01609157584607601
full_tail,whole_parcel,PHYSICS,rSPL,R,logic_syllogism_1,MD,-0.10528325289487839
full_tail,whole_parcel,PHYSICS,rSPL,R,logic_syllogism_symbolic,MD,-0.07224886119365692
full_tail,whole_parcel,PHYSICS,rSPL,R,logic_propositional_1,MD,-0.0898907482624054
full_tail,whole_parcel,PHYSICS,rSPL,R,logic_propositional_symbolic,MD,-0.03224513679742813
full_tail,whole_parcel,PHYSICS,rSPL,R,number_sequence,MD,0.004714258015155792
full_tail,whole_parcel,PHYSICS,rSPL,R,add_sub_2op_verbal,MD,0.020159250125288963
full_tail,whole_parcel,PHYSICS,rSPL,R,add_sub_2op_symbolic,MD,0.02214614301919937
full_tail,whole_parcel,PHYSICS,rSPL,R,add_sub_3op_verbal,MD,0.027506979182362556
full_tail,whole_parcel,PHYSICS,rSPL,R,add_sub_3op_symbolic,MD,0.005560335237532854
full_tail,whole_parcel,PHYSICS,rSPL,R,mul_div_2op_verbal,MD,0.01162776630371809
full_tail,whole_parcel,PHYSICS,rSPL,R,mul_div_2op_symbolic,MD,0.011199665255844593
full_tail,whole_parcel,PHYSICS,rSPL,R,mul_div_3op_verbal,MD,0.015259058214724064
full_tail,whole_parcel,PHYSICS,rSPL,R,mul_div_3op_symbolic,MD,-0.010478745214641094
full_tail,whole_parcel,PHYSICS,rSPL,R,simple_equation,MD,-0.02237033285200596
full_tail,whole_parcel,PHYSICS,rSPL,R,number_sorting,MD,0.033154476433992386
full_tail,whole_parcel,PHYSICS,rSPL,R,code_conditional,MD,0.0008789667044766247
full_tail,whole_parcel,PHYSICS,rSPL,R,code_loop,MD,-0.026627885177731514
full_tail,whole_parcel,PHYSICS,rSPL,R,code_list,MD,-0.017239470034837723
full_tail,whole_parcel,PHYSICS,rSPL,R,code_A,MD,-0.013795548118650913
full_tail,whole_parcel,PHYSICS,rSPL,R,code_B,MD,-0.014173230156302452
full_tail,whole_parcel,PHYSICS,rSPL,R,phys_newton,phys,0.03154263645410538
full_tail,whole_parcel,PHYSICS,rSPL,R,phys_prost,phys,0.06539896130561829
full_tail,whole_parcel,PHYSICS,rSPL,R,physics_buoyancy,phys,0.0805605798959732
full_tail,whole_parcel,PHYSICS,rSPL,R,physics_brightness,phys,0.08095186948776245
full_tail,whole_parcel,PHYSICS,rSPL,R,physics_elasticity,phys,0.09137233346700668
full_tail,whole_parcel,PHYSICS,rSPL,R,physics_solubility,phys,0.09448141604661942
full_tail,whole_parcel,PHYSICS,rSPL,R,physics_speed,phys,0.06195445358753204
full_tail,whole_parcel,PHYSICS,rSPL,R,physics_stability,phys,0.09698155522346497
full_tail,whole_parcel,PHYSICS,rSPL,R,physics_temperature,phys,0.04985112324357033
full_tail,whole_parcel,PHYSICS,rSPL,R,agent,ToM,0.03100191429257393
full_tail,whole_parcel,PHYSICS,rSPL,R,social_interactions,ToM,-0.008788783103227615
full_tail,whole_parcel,PHYSICS,rSPL,R,social_relations,ToM,-0.011632458306849003
full_tail,whole_parcel,PHYSICS,rSPL,R,desires_goals,ToM,-0.011748778633773327
full_tail,whole_parcel,PHYSICS,rSPL,R,primary_emotions,ToM,-0.00011055151117034256
full_tail,whole_parcel,PHYSICS,rSPL,R,secondary_emotions,ToM,-0.012374689802527428
full_tail,whole_parcel,PHYSICS,rSPL,R,emotion_fewshot,ToM,-0.01100932341068983
full_tail,whole_parcel,PHYSICS,rSPL,R,norm_appropriate,ToM,0.02316834218800068
full_tail,whole_parcel,PHYSICS,rSPL,R,norm_moral,ToM,-0.004090866539627314
