task,domain,style,candidate,paraphrase,example_item,ppl,logprob_result,n_tokens,n_result_tokens
anaphor_gender_agreement,Lan,anatomical,Lan,0,73,5.902103900909424,-36.42094039916992,178,27
anaphor_gender_agreement,Lan,anatomical,Lan,1,73,5.859931468963623,-25.29073715209961,174,23
anaphor_gender_agreement,Lan,anatomical,Lan,2,73,5.851888656616211,-30.054044723510742,176,25
anaphor_gender_agreement,Lan,anatomical,MD,0,73,5.751278877258301,-47.557918548583984,187,36
anaphor_gender_agreement,Lan,anatomical,MD,1,73,5.754277229309082,-37.87436294555664,183,32
anaphor_gender_agreement,Lan,anatomical,MD,2,73,5.724016189575195,-41.8675651550293,185,34
anaphor_gender_agreement,Lan,anatomical,phys,0,73,5.812041759490967,-46.003395080566406,185,34
anaphor_gender_agreement,Lan,anatomical,phys,1,73,5.868410587310791,-37.929378509521484,181,30
anaphor_gender_agreement,Lan,anatomical,phys,2,73,5.8353705406188965,-41.90404510498047,183,32
anaphor_gender_agreement,Lan,anatomical,ToM,0,73,5.725818634033203,-43.23828125,185,34
anaphor_gender_agreement,Lan,anatomical,ToM,1,73,5.709414958953857,-32.95781326293945,181,30
anaphor_gender_agreement,Lan,anatomical,ToM,2,73,5.683106899261475,-37.06563186645508,183,32
anaphor_gender_agreement,Lan,anatomical,visual,0,73,6.236140251159668,-42.559593200683594,176,25
anaphor_gender_agreement,Lan,anatomical,visual,1,73,6.306401252746582,-34.383880615234375,172,21
anaphor_gender_agreement,Lan,anatomical,visual,2,73,6.220340251922607,-37.145015716552734,174,23
anaphor_gender_agreement,Lan,network,Lan,0,73,6.525929927825928,-29.92021942138672,165,14
anaphor_gender_agreement,Lan,network,Lan,1,73,6.591289043426514,-21.240304946899414,161,10
anaphor_gender_agreement,Lan,network,Lan,2,73,6.52604866027832,-24.859149932861328,163,12
anaphor_gender_agreement,Lan,network,MD,0,73,6.547970294952393,-36.11400604248047,168,17
anaphor_gender_agreement,Lan,network,MD,1,73,6.563690662384033,-26.20942497253418,164,13
anaphor_gender_agreement,Lan,network,MD,2,73,6.544988632202148,-30.967575073242188,166,15
anaphor_gender_agreement,Lan,network,phys,0,73,7.091838359832764,-47.559669494628906,167,16
anaphor_gender_agreement,Lan,network,phys,1,73,7.304790019989014,-41.76511001586914,163,12
anaphor_gender_agreement,Lan,network,phys,2,73,7.283113479614258,-46.72060012817383,165,14
anaphor_gender_agreement,Lan,network,ToM,0,73,6.4821882247924805,-36.28676986694336,169,18
anaphor_gender_agreement,Lan,network,ToM,1,73,6.5446085929870605,-27.610544204711914,165,14
anaphor_gender_agreement,Lan,network,ToM,2,73,6.474999904632568,-31.050886154174805,167,16
anaphor_gender_agreement,Lan,network,visual,0,73,6.5475993156433105,-34.22541046142578,167,16
anaphor_gender_agreement,Lan,network,visual,1,73,6.517969131469727,-23.18844985961914,163,12
anaphor_gender_agreement,Lan,network,visual,2,73,6.456246852874756,-26.836402893066406,165,14
det_noun_agreement_irregular,Lan,anatomical,Lan,0,117,6.633583068847656,-34.738983154296875,202,27
det_noun_agreement_irregular,Lan,anatomical,Lan,1,117,6.635066986083984,-24.964679718017578,198,23
det_noun_agreement_irregular,Lan,anatomical,Lan,2,117,6.60038948059082,-28.82644271850586,200,25
det_noun_agreement_irregular,Lan,anatomical,MD,0,117,6.487889289855957,-47.08241653442383,211,36
det_noun_agreement_irregular,Lan,anatomical,MD,1,117,6.511087894439697,-38.09153366088867,207,32
det_noun_agreement_irregular,Lan,anatomical,MD,2,117,6.457884788513184,-41.2487678527832,209,34
det_noun_agreement_irregular,Lan,anatomical,phys,0,117,6.553182601928711,-45.43537902832031,209,34
det_noun_agreement_irregular,Lan,anatomical,phys,1,117,6.625036239624023,-37.90110778808594,205,30
det_noun_agreement_irregular,Lan,anatomical,phys,2,117,6.576348781585693,-41.281005859375,207,32
det_noun_agreement_irregular,Lan,anatomical,ToM,0,117,6.451503753662109,-42.167152404785156,209,34
det_noun_agreement_irregular,Lan,anatomical,ToM,1,117,6.488076210021973,-33.61874008178711,205,30
det_noun_agreement_irregular,Lan,anatomical,ToM,2,117,6.439788818359375,-36.93730926513672,207,32
det_noun_agreement_irregular,Lan,anatomical,visual,0,117,6.980596542358398,-41.152591705322266,200,25
det_noun_agreement_irregular,Lan,anatomical,visual,1,117,7.06627893447876,-33.52114486694336,196,21
det_noun_agreement_irregular,Lan,anatomical,visual,2,117,6.959460735321045,-35.54084777832031,198,23
det_noun_agreement_irregular,Lan,network,Lan,0,117,7.327266693115234,-28.958452224731445,189,14
det_noun_agreement_irregular,Lan,network,Lan,1,117,7.428791522979736,-21.35025405883789,185,10
det_noun_agreement_irregular,Lan,network,Lan,2,117,7.339747428894043,-24.230995178222656,187,12
det_noun_agreement_irregular,Lan,network,MD,0,117,7.331368446350098,-35.020816802978516,192,17
det_noun_agreement_irregular,Lan,network,MD,1,117,7.391850471496582,-26.429149627685547,188,13
det_noun_agreement_irregular,Lan,network,MD,2,117,7.336368083953857,-30.123445510864258,190,15
det_noun_agreement_irregular,Lan,network,phys,0,117,7.90254545211792,-47.37792205810547,191,16
det_noun_agreement_irregular,Lan,network,phys,1,117,8.149030685424805,-42.6651725769043,187,12
det_noun_agreement_irregular,Lan,network,phys,2,117,8.077716827392578,-46.32470703125,189,14
det_noun_agreement_irregular,Lan,network,ToM,0,117,7.265202045440674,-35.26321792602539,193,18
det_noun_agreement_irregular,Lan,network,ToM,1,117,7.432958602905273,-29.477685928344727,189,14
det_noun_agreement_irregular,Lan,network,ToM,2,117,7.270925521850586,-30.404834747314453,191,16
det_noun_agreement_irregular,Lan,network,visual,0,117,7.338948726654053,-33.245933532714844,191,16
det_noun_agreement_irregular,Lan,network,visual,1,117,7.3436174392700195,-23.204580307006836,187,12
det_noun_agreement_irregular,Lan,network,visual,2,117,7.243222236633301,-25.71558380126953,189,14
det_noun_agreement_regular,Lan,anatomical,Lan,0,232,7.379266738891602,-35.48649978637695,185,27
det_noun_agreement_regular,Lan,anatomical,Lan,1,232,7.411949634552002,-25.44791030883789,181,23
det_noun_agreement_regular,Lan,anatomical,Lan,2,232,7.331691741943359,-29.055513381958008,183,25
det_noun_agreement_regular,Lan,anatomical,MD,0,232,7.126735687255859,-47.0214729309082,194,36
det_noun_agreement_regular,Lan,anatomical,MD,1,232,7.2144999504089355,-38.34559631347656,190,32
det_noun_agreement_regular,Lan,anatomical,MD,2,232,7.100102424621582,-41.12485885620117,192,34
det_noun_agreement_regular,Lan,anatomical,phys,0,232,7.215851306915283,-45.479679107666016,192,34
det_noun_agreement_regular,Lan,anatomical,phys,1,232,7.360946178436279,-38.17140579223633,188,30
det_noun_agreement_regular,Lan,anatomical,phys,2,232,7.267461776733398,-41.329063415527344,190,32
det_noun_agreement_regular,Lan,anatomical,ToM,0,232,7.10671329498291,-42.55358123779297,192,34
det_noun_agreement_regular,Lan,anatomical,ToM,1,232,7.219813346862793,-34.53180694580078,188,30
det_noun_agreement_regular,Lan,anatomical,ToM,2,232,7.108801364898682,-37.13511657714844,190,32
det_noun_agreement_regular,Lan,anatomical,visual,0,232,7.8193464279174805,-42.089717864990234,183,25
det_noun_agreement_regular,Lan,anatomical,visual,1,232,8.012176513671875,-35.380245208740234,179,21
det_noun_agreement_regular,Lan,anatomical,visual,2,232,7.815684795379639,-36.641727447509766,181,23
det_noun_agreement_regular,Lan,network,Lan,0,232,8.285414695739746,-29.4251766204834,172,14
det_noun_agreement_regular,Lan,network,Lan,1,232,8.477031707763672,-21.96453094482422,168,10
det_noun_agreement_regular,Lan,network,Lan,2,232,8.314167022705078,-24.535072326660156,170,12
det_noun_agreement_regular,Lan,network,MD,0,232,8.25826358795166,-35.19425964355469,175,17
det_noun_agreement_regular,Lan,network,MD,1,232,8.414787292480469,-27.116348266601562,171,13
det_noun_agreement_regular,Lan,network,MD,2,232,8.295462608337402,-30.49932098388672,173,15
det_noun_agreement_regular,Lan,network,phys,0,232,9.012810707092285,-48.29633712768555,174,16
det_noun_agreement_regular,Lan,network,phys,1,232,9.353935241699219,-42.97349166870117,170,12
det_noun_agreement_regular,Lan,network,phys,2,232,9.208011627197266,-46.334449768066406,172,14
det_noun_agreement_regular,Lan,network,ToM,0,232,8.176961898803711,-35.56416320800781,176,18
det_noun_agreement_regular,Lan,network,ToM,1,232,8.524194717407227,-31.468273162841797,172,14
det_noun_agreement_regular,Lan,network,ToM,2,232,8.228431701660156,-31.20332908630371,174,16
det_noun_agreement_regular,Lan,network,visual,0,232,8.29145622253418,-33.780967712402344,174,16
det_noun_agreement_regular,Lan,network,visual,1,232,8.361465454101562,-23.90570068359375,170,12
det_noun_agreement_regular,Lan,network,visual,2,232,8.206901550292969,-26.537513732910156,172,14
det_noun_agreement_with_adjective,Lan,anatomical,Lan,0,1067,6.315715789794922,-36.323211669921875,202,27
det_noun_agreement_with_adjective,Lan,anatomical,Lan,1,1067,6.258787631988525,-24.502017974853516,198,23
det_noun_agreement_with_adjective,Lan,anatomical,Lan,2,1067,6.207808971405029,-28.003034591674805,200,25
det_noun_agreement_with_adjective,Lan,anatomical,MD,0,1067,6.086761951446533,-45.119449615478516,211,36
det_noun_agreement_with_adjective,Lan,anatomical,MD,1,1067,6.074704170227051,-34.82831573486328,207,32
det_noun_agreement_with_adjective,Lan,anatomical,MD,2,1067,6.007870674133301,-37.59315490722656,209,34
det_noun_agreement_with_adjective,Lan,anatomical,phys,0,1067,6.177717208862305,-44.60723114013672,209,34
det_noun_agreement_with_adjective,Lan,anatomical,phys,1,1067,6.208957195281982,-35.70120620727539,205,30
det_noun_agreement_with_adjective,Lan,anatomical,phys,2,1067,6.141423225402832,-38.55812072753906,207,32
det_noun_agreement_with_adjective,Lan,anatomical,ToM,0,1067,6.102234363555908,-42.03783416748047,209,34
det_noun_agreement_with_adjective,Lan,anatomical,ToM,1,1067,6.113224983215332,-32.51579666137695,205,30
det_noun_agreement_with_adjective,Lan,anatomical,ToM,2,1067,6.023334980010986,-34.53912353515625,207,32
det_noun_agreement_with_adjective,Lan,anatomical,visual,0,1067,6.616352558135986,-41.93776321411133,200,25
det_noun_agreement_with_adjective,Lan,anatomical,visual,1,1067,6.675497055053711,-33.4676513671875,196,21
det_noun_agreement_with_adjective,Lan,anatomical,visual,2,1067,6.518391132354736,-34.01770782470703,198,23
det_noun_agreement_with_adjective,Lan,network,Lan,0,1067,6.956839561462402,-30.476877212524414,189,14
det_noun_agreement_with_adjective,Lan,network,Lan,1,1067,6.998533725738525,-21.167179107666016,185,10
det_noun_agreement_with_adjective,Lan,network,Lan,2,1067,6.892169952392578,-23.66347885131836,187,12
det_noun_agreement_with_adjective,Lan,network,MD,0,1067,6.929580211639404,-35.70236587524414,192,17
det_noun_agreement_with_adjective,Lan,network,MD,1,1067,6.9574384689331055,-25.89710807800293,188,13
det_noun_agreement_with_adjective,Lan,network,MD,2,1067,6.87692928314209,-29.034032821655273,190,15
det_noun_agreement_with_adjective,Lan,network,phys,0,1067,7.522111415863037,-49.277565002441406,191,16
det_noun_agreement_with_adjective,Lan,network,phys,1,1067,7.709656238555908,-43.15508270263672,187,12
det_noun_agreement_with_adjective,Lan,network,phys,2,1067,7.6137261390686035,-46.34238052368164,189,14
det_noun_agreement_with_adjective,Lan,network,ToM,0,1067,6.89370059967041,-36.636260986328125,193,18
det_noun_agreement_with_adjective,Lan,network,ToM,1,1067,7.053886890411377,-30.43897247314453,189,14
det_noun_agreement_with_adjective,Lan,network,ToM,2,1067,6.851202011108398,-30.246292114257812,191,16
det_noun_agreement_with_adjective,Lan,network,visual,0,1067,6.956136226654053,-34.3370475769043,191,16
det_noun_agreement_with_adjective,Lan,network,visual,1,1067,6.919005870819092,-22.921445846557617,187,12
det_noun_agreement_with_adjective,Lan,network,visual,2,1067,6.790834426879883,-24.724773406982422,189,14
subject_verb_agreement,Lan,anatomical,Lan,0,106,7.0771002769470215,-36.45481872558594,178,27
subject_verb_agreement,Lan,anatomical,Lan,1,106,7.066168785095215,-25.889665603637695,174,23
subject_verb_agreement,Lan,anatomical,Lan,2,106,7.029070854187012,-30.780078887939453,176,25
subject_verb_agreement,Lan,anatomical,MD,0,106,6.812529563903809,-46.94175720214844,187,36
subject_verb_agreement,Lan,anatomical,MD,1,106,6.837722301483154,-37.47343444824219,183,32
subject_verb_agreement,Lan,anatomical,MD,2,106,6.771298885345459,-41.418701171875,185,34
subject_verb_agreement,Lan,anatomical,phys,0,106,6.8744096755981445,-44.777061462402344,185,34
subject_verb_agreement,Lan,anatomical,phys,1,106,6.930747032165527,-36.07438659667969,181,30
subject_verb_agreement,Lan,anatomical,phys,2,106,6.8812479972839355,-40.54087829589844,183,32
subject_verb_agreement,Lan,anatomical,ToM,0,106,6.811430931091309,-43.07438659667969,185,34
subject_verb_agreement,Lan,anatomical,ToM,1,106,6.864243507385254,-34.3292236328125,181,30
subject_verb_agreement,Lan,anatomical,ToM,2,106,6.7873711585998535,-38.02716064453125,183,32
subject_verb_agreement,Lan,anatomical,visual,0,106,7.486266136169434,-42.43330383300781,176,25
subject_verb_agreement,Lan,anatomical,visual,1,106,7.58923864364624,-34.26198959350586,172,21
subject_verb_agreement,Lan,anatomical,visual,2,106,7.436525821685791,-36.68471145629883,174,23
subject_verb_agreement,Lan,network,Lan,0,106,7.9568328857421875,-30.34813117980957,165,14
subject_verb_agreement,Lan,network,Lan,1,106,8.054679870605469,-21.55099105834961,161,10
subject_verb_agreement,Lan,network,Lan,2,106,7.939613342285156,-25.284400939941406,163,12
subject_verb_agreement,Lan,network,MD,0,106,7.911564350128174,-35.61166000366211,168,17
subject_verb_agreement,Lan,network,MD,1,106,7.974618911743164,-26.17154312133789,164,13
subject_verb_agreement,Lan,network,MD,2,106,7.90537166595459,-30.782564163208008,166,15
subject_verb_agreement,Lan,network,phys,0,106,8.650351524353027,-48.4521484375,167,16
subject_verb_agreement,Lan,network,phys,1,106,8.926345825195312,-42.47242736816406,163,12
subject_verb_agreement,Lan,network,phys,2,106,8.85594654083252,-47.45017623901367,165,14
subject_verb_agreement,Lan,network,ToM,0,106,7.832197189331055,-35.97604751586914,169,18
subject_verb_agreement,Lan,network,ToM,1,106,8.011466026306152,-29.008373260498047,165,14
subject_verb_agreement,Lan,network,ToM,2,106,7.847263813018799,-31.6180362701416,167,16
subject_verb_agreement,Lan,network,visual,0,106,7.9173688888549805,-33.665802001953125,167,16
subject_verb_agreement,Lan,network,visual,1,106,7.91694974899292,-22.91223907470703,163,12
subject_verb_agreement,Lan,network,visual,2,106,7.806507587432861,-26.638458251953125,165,14
npi,Lan,anatomical,Lan,0,150,7.361047267913818,-38.20340347290039,193,27
npi,Lan,anatomical,Lan,1,150,7.26035737991333,-24.73561668395996,189,23
npi,Lan,anatomical,Lan,2,150,7.26536226272583,-29.45711326599121,191,25
npi,Lan,anatomical,MD,0,150,7.096463203430176,-48.77489471435547,202,36
npi,Lan,anatomical,MD,1,150,7.020744323730469,-36.12499237060547,198,32
npi,Lan,anatomical,MD,2,150,7.002086639404297,-40.115535736083984,200,34
npi,Lan,anatomical,phys,0,150,7.220118522644043,-48.31064987182617,200,34
npi,Lan,anatomical,phys,1,150,7.20562744140625,-37.321895599365234,196,30
npi,Lan,anatomical,phys,2,150,7.184254169464111,-41.30842590332031,198,32
npi,Lan,anatomical,ToM,0,150,7.092682838439941,-44.749141693115234,200,34
npi,Lan,anatomical,ToM,1,150,7.028398036956787,-32.44080352783203,196,30
npi,Lan,anatomical,ToM,2,150,6.988604545593262,-35.841495513916016,198,32
npi,Lan,anatomical,visual,0,150,7.808387756347656,-45.28697967529297,191,25
npi,Lan,anatomical,visual,1,150,7.796327114105225,-34.08963394165039,187,21
npi,Lan,anatomical,visual,2,150,7.663400173187256,-35.57170104980469,189,23
npi,Lan,network,Lan,0,150,8.262503623962402,-32.85502624511719,180,14
npi,Lan,network,Lan,1,150,8.300421714782715,-22.526458740234375,176,10
npi,Lan,network,Lan,2,150,8.210346221923828,-25.441858291625977,178,12
npi,Lan,network,MD,0,150,8.230123519897461,-38.47160720825195,183,17
npi,Lan,network,MD,1,150,8.225502967834473,-27.252422332763672,179,13
npi,Lan,network,MD,2,150,8.195488929748535,-31.43019676208496,181,15
npi,Lan,network,phys,0,150,8.89050006866455,-50.410972595214844,182,16
npi,Lan,network,phys,1,150,9.105420112609863,-43.23540115356445,178,12
npi,Lan,network,phys,2,150,9.067854881286621,-47.533958435058594,180,14
npi,Lan,network,ToM,0,150,8.129886627197266,-38.324684143066406,184,18
npi,Lan,network,ToM,1,150,8.221532821655273,-29.27277946472168,180,14
npi,Lan,network,ToM,2,150,8.08655834197998,-31.098556518554688,182,16
npi,Lan,network,visual,0,150,8.248653411865234,-36.77312469482422,182,16
npi,Lan,network,visual,1,150,8.123647689819336,-22.9272518157959,178,12
npi,Lan,network,visual,2,150,8.034431457519531,-25.754085540771484,180,14
hypernymy,Lan,anatomical,Lan,0,188,7.735632419586182,-34.519142150878906,192,27
hypernymy,Lan,anatomical,Lan,1,188,7.754223823547363,-23.90025520324707,188,23
hypernymy,Lan,anatomical,Lan,2,188,7.712975025177002,-28.79578971862793,190,25
hypernymy,Lan,anatomical,MD,0,188,7.4803690910339355,-46.18715286254883,201,36
hypernymy,Lan,anatomical,MD,1,188,7.539290428161621,-37.308616638183594,197,32
hypernymy,Lan,anatomical,MD,2,188,7.470810413360596,-41.34561538696289,199,34
hypernymy,Lan,anatomical,phys,0,188,7.632231712341309,-46.162105560302734,199,34
hypernymy,Lan,anatomical,phys,1,188,7.732268333435059,-38.19684600830078,195,30
hypernymy,Lan,anatomical,phys,2,188,7.6606550216674805,-42.267127990722656,197,32
hypernymy,Lan,anatomical,ToM,0,188,7.471487522125244,-41.92615509033203,199,34
hypernymy,Lan,anatomical,ToM,1,188,7.553080081939697,-33.6247444152832,195,30
hypernymy,Lan,anatomical,ToM,2,188,7.4699177742004395,-37.30009460449219,197,32
hypernymy,Lan,anatomical,visual,0,188,8.200450897216797,-41.00251388549805,190,25
hypernymy,Lan,anatomical,visual,1,188,8.321965217590332,-32.94668197631836,186,21
hypernymy,Lan,anatomical,visual,2,188,8.176562309265137,-35.683189392089844,188,23
hypernymy,Lan,network,Lan,0,188,8.768271446228027,-29.840566635131836,179,14
hypernymy,Lan,network,Lan,1,188,8.919827461242676,-21.779939651489258,175,10
hypernymy,Lan,network,Lan,2,188,8.768299102783203,-24.936309814453125,177,12
hypernymy,Lan,network,MD,0,188,8.677897453308105,-34.46839904785156,182,17
hypernymy,Lan,network,MD,1,188,8.794368743896484,-25.82341766357422,178,13
hypernymy,Lan,network,MD,2,188,8.705738067626953,-30.16086196899414,180,15
hypernymy,Lan,network,phys,0,188,9.685040473937988,-52.182003021240234,181,16
hypernymy,Lan,network,phys,1,188,9.866363525390625,-44.00777816772461,177,12
hypernymy,Lan,network,phys,2,188,9.747900009155273,-48.23630905151367,179,14
hypernymy,Lan,network,ToM,0,188,8.604711532592773,-35.07927703857422,183,18
hypernymy,Lan,network,ToM,1,188,8.753121376037598,-27.156005859375,179,14
hypernymy,Lan,network,ToM,2,188,8.624983787536621,-30.63806915283203,181,16
hypernymy,Lan,network,visual,0,188,8.733431816101074,-33.46220016479492,181,16
hypernymy,Lan,network,visual,1,188,8.761273384094238,-22.981971740722656,177,12
hypernymy,Lan,network,visual,2,188,8.61798095703125,-26.183374404907227,179,14
wug,Lan,anatomical,Lan,0,527,7.775996685028076,-34.51927947998047,211,27
wug,Lan,anatomical,Lan,1,527,7.785338401794434,-24.75115966796875,207,23
wug,Lan,anatomical,Lan,2,527,7.713682651519775,-28.735607147216797,209,25
wug,Lan,anatomical,MD,0,527,7.554742336273193,-46.62813186645508,220,36
wug,Lan,anatomical,MD,1,527,7.585103988647461,-37.59325408935547,216,32
wug,Lan,anatomical,MD,2,527,7.506143569946289,-41.17683410644531,218,34
wug,Lan,anatomical,phys,0,527,7.6260786056518555,-44.6325569152832,218,34
wug,Lan,anatomical,phys,1,527,7.717791557312012,-37.25206756591797,214,30
wug,Lan,anatomical,phys,2,527,7.623874664306641,-40.50704574584961,216,32
wug,Lan,anatomical,ToM,0,527,7.537241458892822,-42.078147888183594,218,34
wug,Lan,anatomical,ToM,1,527,7.608551502227783,-34.20137405395508,214,30
wug,Lan,anatomical,ToM,2,527,7.505221843719482,-37.118892669677734,216,32
wug,Lan,anatomical,visual,0,527,8.160699844360352,-40.509464263916016,209,25
wug,Lan,anatomical,visual,1,527,8.30072021484375,-33.78714370727539,205,21
wug,Lan,anatomical,visual,2,527,8.113031387329102,-35.098106384277344,207,23
wug,Lan,network,Lan,0,527,8.594400405883789,-27.669452667236328,198,14
wug,Lan,network,Lan,1,527,8.707833290100098,-19.79624366760254,194,10
wug,Lan,network,Lan,2,527,8.571399688720703,-22.84194564819336,196,12
wug,Lan,network,MD,0,527,8.541780471801758,-32.888362884521484,201,17
wug,Lan,network,MD,1,527,8.634625434875488,-24.625709533691406,197,13
wug,Lan,network,MD,2,527,8.538029670715332,-28.51103401184082,199,15
wug,Lan,network,phys,0,527,9.063772201538086,-42.606590270996094,200,16
wug,Lan,network,phys,1,527,9.417341232299805,-39.47734832763672,196,12
wug,Lan,network,phys,2,527,9.385726928710938,-45.10910415649414,198,14
wug,Lan,network,ToM,0,527,8.47636890411377,-33.48050308227539,202,18
wug,Lan,network,ToM,1,527,8.629521369934082,-26.664424896240234,198,14
wug,Lan,network,ToM,2,527,8.477470397949219,-29.23189926147461,200,16
wug,Lan,network,visual,0,527,8.60036849975586,-32.11045455932617,200,16
wug,Lan,network,visual,1,527,8.611272811889648,-21.939123153686523,196,12
wug,Lan,network,visual,2,527,8.457413673400879,-24.48808479309082,198,14
logic_syllogism_1,MD,anatomical,Lan,0,853,5.869756698608398,-36.03450393676758,231,27
logic_syllogism_1,MD,anatomical,Lan,1,853,5.814645767211914,-26.751361846923828,227,23
logic_syllogism_1,MD,anatomical,Lan,2,853,5.827750205993652,-30.412649154663086,229,25
logic_syllogism_1,MD,anatomical,MD,0,853,5.6922101974487305,-44.591285705566406,240,36
logic_syllogism_1,MD,anatomical,MD,1,853,5.643885612487793,-35.560302734375,236,32
logic_syllogism_1,MD,anatomical,MD,2,853,5.648462295532227,-38.83938980102539,238,34
logic_syllogism_1,MD,anatomical,phys,0,853,5.766298770904541,-44.19088363647461,238,34
logic_syllogism_1,MD,anatomical,phys,1,853,5.748737812042236,-36.406532287597656,234,30
logic_syllogism_1,MD,anatomical,phys,2,853,5.738353729248047,-39.102813720703125,236,32
logic_syllogism_1,MD,anatomical,ToM,0,853,5.6515326499938965,-39.406150817871094,238,34
logic_syllogism_1,MD,anatomical,ToM,1,853,5.629942417144775,-31.520343780517578,234,30
logic_syllogism_1,MD,anatomical,ToM,2,853,5.620456695556641,-34.20355224609375,236,32
logic_syllogism_1,MD,anatomical,visual,0,853,6.055886268615723,-39.64365005493164,229,25
logic_syllogism_1,MD,anatomical,visual,1,853,6.046679496765137,-32.03473663330078,225,21
logic_syllogism_1,MD,anatomical,visual,2,853,5.996722221374512,-33.37549591064453,227,23
logic_syllogism_1,MD,network,Lan,0,853,6.387196063995361,-31.91804313659668,218,14
logic_syllogism_1,MD,network,Lan,1,853,6.400822162628174,-24.894420623779297,214,10
logic_syllogism_1,MD,network,Lan,2,853,6.350711345672607,-26.534576416015625,216,12
logic_syllogism_1,MD,network,MD,0,853,6.288136005401611,-34.026588439941406,221,17
logic_syllogism_1,MD,network,MD,1,853,6.274211406707764,-26.12833595275879,217,13
logic_syllogism_1,MD,network,MD,2,853,6.268886089324951,-29.240278244018555,219,15
logic_syllogism_1,MD,network,phys,0,853,6.642029762268066,-44.23355484008789,220,16
logic_syllogism_1,MD,network,phys,1,853,6.680180549621582,-37.83449172973633,216,12
logic_syllogism_1,MD,network,phys,2,853,6.725831508636475,-42.74247360229492,218,14
logic_syllogism_1,MD,network,ToM,0,853,6.265323162078857,-35.05838394165039,222,18
logic_syllogism_1,MD,network,ToM,1,853,6.275749206542969,-28.018207550048828,218,14
logic_syllogism_1,MD,network,ToM,2,853,6.25874137878418,-30.719539642333984,220,16
logic_syllogism_1,MD,network,visual,0,853,6.307671546936035,-32.87033462524414,220,16
logic_syllogism_1,MD,network,visual,1,853,6.24509859085083,-23.287267684936523,216,12
logic_syllogism_1,MD,network,visual,2,853,6.21816349029541,-25.633590698242188,218,14
logic_syllogism_symbolic,MD,anatomical,Lan,0,762,3.538390636444092,-35.83143997192383,378,27
logic_syllogism_symbolic,MD,anatomical,Lan,1,762,3.499803066253662,-26.300769805908203,374,23
logic_syllogism_symbolic,MD,anatomical,Lan,2,762,3.520207643508911,-30.804443359375,376,25
logic_syllogism_symbolic,MD,anatomical,MD,0,762,3.5089478492736816,-43.94486999511719,387,36
logic_syllogism_symbolic,MD,anatomical,MD,1,762,3.4715163707733154,-34.46696472167969,383,32
logic_syllogism_symbolic,MD,anatomical,MD,2,762,3.486623525619507,-38.41452407836914,385,34
logic_syllogism_symbolic,MD,anatomical,phys,0,762,3.523159980773926,-42.99045181274414,385,34
logic_syllogism_symbolic,MD,anatomical,phys,1,762,3.4987692832946777,-34.95710754394531,381,30
logic_syllogism_symbolic,MD,anatomical,phys,2,762,3.5147147178649902,-39.01600646972656,383,32
logic_syllogism_symbolic,MD,anatomical,ToM,0,762,3.482988119125366,-38.57539749145508,385,34
logic_syllogism_symbolic,MD,anatomical,ToM,1,762,3.455138921737671,-30.176143646240234,381,30
logic_syllogism_symbolic,MD,anatomical,ToM,2,762,3.468769073486328,-33.976280212402344,383,32
logic_syllogism_symbolic,MD,anatomical,visual,0,762,3.589846134185791,-38.73256301879883,376,25
logic_syllogism_symbolic,MD,anatomical,visual,1,762,3.568613052368164,-31.03825569152832,372,21
logic_syllogism_symbolic,MD,anatomical,visual,2,762,3.573406457901001,-33.897178649902344,374,23
logic_syllogism_symbolic,MD,network,Lan,0,762,3.653578519821167,-31.09646987915039,365,14
logic_syllogism_symbolic,MD,network,Lan,1,762,3.6268560886383057,-22.888587951660156,361,10
logic_syllogism_symbolic,MD,network,Lan,2,762,3.639139175415039,-26.505107879638672,363,12
logic_syllogism_symbolic,MD,network,MD,0,762,3.633859872817993,-32.992130279541016,368,17
logic_syllogism_symbolic,MD,network,MD,1,762,3.602283477783203,-24.27912712097168,364,13
logic_syllogism_symbolic,MD,network,MD,2,762,3.6253838539123535,-28.99433135986328,366,15
logic_syllogism_symbolic,MD,network,phys,0,762,3.7230947017669678,-40.60517120361328,367,16
logic_syllogism_symbolic,MD,network,phys,1,762,3.7263169288635254,-35.28595733642578,363,12
logic_syllogism_symbolic,MD,network,phys,2,762,3.749725341796875,-40.01504898071289,365,14
logic_syllogism_symbolic,MD,network,ToM,0,762,3.6289126873016357,-33.77973937988281,369,18
logic_syllogism_symbolic,MD,network,ToM,1,762,3.6106033325195312,-26.40273666381836,365,14
logic_syllogism_symbolic,MD,network,ToM,2,762,3.6262621879577637,-30.371206283569336,367,16
logic_syllogism_symbolic,MD,network,visual,0,762,3.6467344760894775,-32.999778747558594,367,16
logic_syllogism_symbolic,MD,network,visual,1,762,3.5864789485931396,-21.401512145996094,363,12
logic_syllogism_symbolic,MD,network,visual,2,762,3.6108505725860596,-26.240264892578125,365,14
logic_propositional_1,MD,anatomical,Lan,0,720,5.409561634063721,-35.018672943115234,271,27
logic_propositional_1,MD,anatomical,Lan,1,720,5.39512300491333,-26.489864349365234,267,23
logic_propositional_1,MD,anatomical,Lan,2,720,5.38969612121582,-30.027650833129883,269,25
logic_propositional_1,MD,anatomical,MD,0,720,5.307636737823486,-44.88618087768555,280,36
logic_propositional_1,MD,anatomical,MD,1,720,5.298888206481934,-36.69183349609375,276,32
logic_propositional_1,MD,anatomical,MD,2,720,5.274302005767822,-39.17140579223633,278,34
logic_propositional_1,MD,anatomical,phys,0,720,5.335618495941162,-43.00969696044922,278,34
logic_propositional_1,MD,anatomical,phys,1,720,5.35207462310791,-36.093345642089844,274,30
logic_propositional_1,MD,anatomical,phys,2,720,5.320394039154053,-38.247169494628906,276,32
logic_propositional_1,MD,anatomical,ToM,0,720,5.252610683441162,-38.650760650634766,278,34
logic_propositional_1,MD,anatomical,ToM,1,720,5.265052795410156,-31.601606369018555,274,30
logic_propositional_1,MD,anatomical,ToM,2,720,5.245600700378418,-34.33972930908203,276,32
logic_propositional_1,MD,anatomical,visual,0,720,5.554105281829834,-38.73569869995117,269,25
logic_propositional_1,MD,anatomical,visual,1,720,5.575383186340332,-31.828296661376953,265,21
logic_propositional_1,MD,anatomical,visual,2,720,5.5182905197143555,-32.954307556152344,267,23
logic_propositional_1,MD,network,Lan,0,720,5.775347709655762,-29.95354652404785,258,14
logic_propositional_1,MD,network,Lan,1,720,5.818727970123291,-23.6685791015625,254,10
logic_propositional_1,MD,network,Lan,2,720,5.761415004730225,-25.203012466430664,256,12
logic_propositional_1,MD,network,MD,0,720,5.729367256164551,-33.128082275390625,261,17
logic_propositional_1,MD,network,MD,1,720,5.749003887176514,-25.962467193603516,257,13
logic_propositional_1,MD,network,MD,2,720,5.721838474273682,-28.671316146850586,259,15
logic_propositional_1,MD,network,phys,0,720,5.9768171310424805,-42.37604522705078,260,16
logic_propositional_1,MD,network,phys,1,720,6.048515796661377,-37.214759826660156,256,12
logic_propositional_1,MD,network,phys,2,720,6.031283378601074,-40.51577377319336,258,14
logic_propositional_1,MD,network,ToM,0,720,5.689055442810059,-33.02373504638672,262,18
logic_propositional_1,MD,network,ToM,1,720,5.72765588760376,-26.751665115356445,258,14
logic_propositional_1,MD,network,ToM,2,720,5.685546875,-28.761245727539062,260,16
logic_propositional_1,MD,network,visual,0,720,5.7423415184021,-31.970561981201172,260,16
logic_propositional_1,MD,network,visual,1,720,5.7249040603637695,-23.138031005859375,256,12
logic_propositional_1,MD,network,visual,2,720,5.680729866027832,-25.066696166992188,258,14
logic_propositional_symbolic,MD,anatomical,Lan,0,109,6.06173849105835,-34.74687576293945,260,27
logic_propositional_symbolic,MD,anatomical,Lan,1,109,6.082278251647949,-27.904884338378906,256,23
logic_propositional_symbolic,MD,anatomical,Lan,2,109,6.0749592781066895,-31.392440795898438,258,25
logic_propositional_symbolic,MD,anatomical,MD,0,109,5.890439033508301,-43.253662109375,269,36
logic_propositional_symbolic,MD,anatomical,MD,1,109,5.907444477081299,-36.424293518066406,265,32
logic_propositional_symbolic,MD,anatomical,MD,2,109,5.890392303466797,-39.392433166503906,267,34
logic_propositional_symbolic,MD,anatomical,phys,0,109,5.942521572113037,-42.057437896728516,267,34
logic_propositional_symbolic,MD,anatomical,phys,1,109,5.987185478210449,-36.398197174072266,263,30
logic_propositional_symbolic,MD,anatomical,phys,2,109,5.952011585235596,-38.60350036621094,265,32
logic_propositional_symbolic,MD,anatomical,ToM,0,109,5.849239826202393,-37.83300018310547,267,34
logic_propositional_symbolic,MD,anatomical,ToM,1,109,5.890720367431641,-32.12623977661133,263,30
logic_propositional_symbolic,MD,anatomical,ToM,2,109,5.863004207611084,-34.610755920410156,265,32
logic_propositional_symbolic,MD,anatomical,visual,0,109,6.212148666381836,-37.46651077270508,258,25
logic_propositional_symbolic,MD,anatomical,visual,1,109,6.273787498474121,-32.05827713012695,254,21
logic_propositional_symbolic,MD,anatomical,visual,2,109,6.20863676071167,-33.35626220703125,256,23
logic_propositional_symbolic,MD,network,Lan,0,109,6.523985862731934,-29.362621307373047,247,14
logic_propositional_symbolic,MD,network,Lan,1,109,6.588562965393066,-23.754152297973633,243,10
logic_propositional_symbolic,MD,network,Lan,2,109,6.5408148765563965,-25.930313110351562,245,12
logic_propositional_symbolic,MD,network,MD,0,109,6.449297904968262,-32.1104850769043,250,17
logic_propositional_symbolic,MD,network,MD,1,109,6.499576091766357,-26.06498146057129,246,13
logic_propositional_symbolic,MD,network,MD,2,109,6.4794697761535645,-29.22761344909668,248,15
logic_propositional_symbolic,MD,network,phys,0,109,6.6901350021362305,-39.37557601928711,249,16
logic_propositional_symbolic,MD,network,phys,1,109,6.845033645629883,-36.880950927734375,245,12
logic_propositional_symbolic,MD,network,phys,2,109,6.846250534057617,-40.959373474121094,247,14
logic_propositional_symbolic,MD,network,ToM,0,109,6.4171528816223145,-32.72032928466797,251,18
logic_propositional_symbolic,MD,network,ToM,1,109,6.495603084564209,-27.785686492919922,247,14
logic_propositional_symbolic,MD,network,ToM,2,109,6.458259105682373,-30.279766082763672,249,16
logic_propositional_symbolic,MD,network,visual,0,109,6.485568523406982,-31.642986297607422,249,16
logic_propositional_symbolic,MD,network,visual,1,109,6.475714206695557,-23.292118072509766,245,12
logic_propositional_symbolic,MD,network,visual,2,109,6.436771869659424,-25.725889205932617,247,14
number_sequence,MD,anatomical,Lan,0,115,6.415561676025391,-36.46797180175781,197,27
number_sequence,MD,anatomical,Lan,1,115,6.429032325744629,-28.62535285949707,193,23
number_sequence,MD,anatomical,Lan,2,115,6.438942909240723,-32.709896087646484,195,25
number_sequence,MD,anatomical,MD,0,115,6.074240684509277,-41.934539794921875,206,36
number_sequence,MD,anatomical,MD,1,115,6.071639060974121,-33.81928253173828,202,32
number_sequence,MD,anatomical,MD,2,115,6.08515739440918,-37.942745208740234,204,34
number_sequence,MD,anatomical,phys,0,115,6.1813201904296875,-41.89131546020508,204,34
number_sequence,MD,anatomical,phys,1,115,6.191493511199951,-34.12158203125,200,30
number_sequence,MD,anatomical,phys,2,115,6.191004276275635,-37.8144645690918,202,32
number_sequence,MD,anatomical,ToM,0,115,6.091876983642578,-38.91791534423828,204,34
number_sequence,MD,anatomical,ToM,1,115,6.131787300109863,-32.183570861816406,200,30
number_sequence,MD,anatomical,ToM,2,115,6.13259744644165,-35.899696350097656,202,32
number_sequence,MD,anatomical,visual,0,115,6.6052446365356445,-38.43230056762695,195,25
number_sequence,MD,anatomical,visual,1,115,6.674968242645264,-31.69490623474121,191,21
number_sequence,MD,anatomical,visual,2,115,6.594534397125244,-33.59333801269531,193,23
number_sequence,MD,network,Lan,0,115,7.073983669281006,-29.964256286621094,184,14
number_sequence,MD,network,Lan,1,115,7.169837951660156,-23.68624496459961,180,10
number_sequence,MD,network,Lan,2,115,7.12238073348999,-26.542339324951172,182,12
number_sequence,MD,network,MD,0,115,6.898277759552002,-31.130102157592773,187,17
number_sequence,MD,network,MD,1,115,6.9601545333862305,-24.164215087890625,183,13
number_sequence,MD,network,MD,2,115,6.952325820922852,-27.961437225341797,185,15
number_sequence,MD,network,phys,0,115,7.429528713226318,-42.998268127441406,186,16
number_sequence,MD,network,phys,1,115,7.593363285064697,-38.0712890625,182,12
number_sequence,MD,network,phys,2,115,7.637197971343994,-43.30995559692383,184,14
number_sequence,MD,network,ToM,0,115,6.873779773712158,-32.392555236816406,188,18
number_sequence,MD,network,ToM,1,115,7.0206780433654785,-27.697505950927734,184,14
number_sequence,MD,network,ToM,2,115,6.981903553009033,-30.690128326416016,186,16
number_sequence,MD,network,visual,0,115,6.971975326538086,-31.175424575805664,186,16
number_sequence,MD,network,visual,1,115,6.952463150024414,-22.022775650024414,182,12
number_sequence,MD,network,visual,2,115,6.917667388916016,-25.102766036987305,184,14
add_sub_2op_verbal,MD,anatomical,Lan,0,336,5.702239036560059,-37.819732666015625,206,27
add_sub_2op_verbal,MD,anatomical,Lan,1,336,5.660175323486328,-29.173171997070312,202,23
add_sub_2op_verbal,MD,anatomical,Lan,2,336,5.672088623046875,-33.006492614746094,204,25
add_sub_2op_verbal,MD,anatomical,MD,0,336,5.4288716316223145,-42.924991607666016,215,36
add_sub_2op_verbal,MD,anatomical,MD,1,336,5.388597011566162,-34.39944839477539,211,32
add_sub_2op_verbal,MD,anatomical,MD,2,336,5.433027744293213,-39.4545783996582,213,34
add_sub_2op_verbal,MD,anatomical,phys,0,336,5.506047248840332,-42.548179626464844,213,34
add_sub_2op_verbal,MD,anatomical,phys,1,336,5.488468647003174,-34.868995666503906,209,30
add_sub_2op_verbal,MD,anatomical,phys,2,336,5.523670196533203,-39.560752868652344,211,32
add_sub_2op_verbal,MD,anatomical,ToM,0,336,5.469630241394043,-41.13472366333008,213,34
add_sub_2op_verbal,MD,anatomical,ToM,1,336,5.462785720825195,-33.88871765136719,209,30
add_sub_2op_verbal,MD,anatomical,ToM,2,336,5.46996545791626,-37.499210357666016,211,32
add_sub_2op_verbal,MD,anatomical,visual,0,336,5.784189224243164,-37.248958587646484,204,25
add_sub_2op_verbal,MD,anatomical,visual,1,336,5.771815776824951,-29.612613677978516,200,21
add_sub_2op_verbal,MD,anatomical,visual,2,336,5.774341106414795,-33.14445877075195,202,23
add_sub_2op_verbal,MD,network,Lan,0,336,6.146848201751709,-29.67910385131836,193,14
add_sub_2op_verbal,MD,network,Lan,1,336,6.141622543334961,-22.42367172241211,189,10
add_sub_2op_verbal,MD,network,Lan,2,336,6.129674911499023,-25.619487762451172,191,12
add_sub_2op_verbal,MD,network,MD,0,336,6.026411056518555,-31.24846839904785,196,17
add_sub_2op_verbal,MD,network,MD,1,336,6.0138959884643555,-23.47723960876465,192,13
add_sub_2op_verbal,MD,network,MD,2,336,6.036297798156738,-27.724206924438477,194,15
add_sub_2op_verbal,MD,network,phys,0,336,6.587820529937744,-46.82119369506836,195,16
add_sub_2op_verbal,MD,network,phys,1,336,6.643092632293701,-41.04518127441406,191,12
add_sub_2op_verbal,MD,network,phys,2,336,6.702404975891113,-46.1287841796875,193,14
add_sub_2op_verbal,MD,network,ToM,0,336,6.084872722625732,-34.946533203125,197,18
add_sub_2op_verbal,MD,network,ToM,1,336,6.206151962280273,-31.344684600830078,193,14
add_sub_2op_verbal,MD,network,ToM,2,336,6.166646957397461,-33.68804168701172,195,16
add_sub_2op_verbal,MD,network,visual,0,336,6.093930244445801,-31.624935150146484,195,16
add_sub_2op_verbal,MD,network,visual,1,336,6.012524127960205,-21.99618148803711,191,12
add_sub_2op_verbal,MD,network,visual,2,336,6.0304646492004395,-25.73980140686035,193,14
add_sub_2op_symbolic,MD,anatomical,Lan,0,978,5.895458221435547,-39.4240608215332,190,27
add_sub_2op_symbolic,MD,anatomical,Lan,1,978,5.85616397857666,-30.89594078063965,186,23
add_sub_2op_symbolic,MD,anatomical,Lan,2,978,5.877344608306885,-35.172157287597656,188,25
add_sub_2op_symbolic,MD,anatomical,MD,0,978,5.535373210906982,-42.51673126220703,199,36
add_sub_2op_symbolic,MD,anatomical,MD,1,978,5.4774885177612305,-33.4347038269043,195,32
add_sub_2op_symbolic,MD,anatomical,MD,2,978,5.520434856414795,-38.43703842163086,197,34
add_sub_2op_symbolic,MD,anatomical,phys,0,978,5.617124557495117,-41.98259735107422,197,34
add_sub_2op_symbolic,MD,anatomical,phys,1,978,5.588900089263916,-33.91963195800781,193,30
add_sub_2op_symbolic,MD,anatomical,phys,2,978,5.623569488525391,-38.62958526611328,195,32
add_sub_2op_symbolic,MD,anatomical,ToM,0,978,5.612401485443115,-41.81690216064453,197,34
add_sub_2op_symbolic,MD,anatomical,ToM,1,978,5.5982770919799805,-34.2431755065918,193,30
add_sub_2op_symbolic,MD,anatomical,ToM,2,978,5.612928867340088,-38.260276794433594,195,32
add_sub_2op_symbolic,MD,anatomical,visual,0,978,5.9245285987854,-36.80044174194336,188,25
add_sub_2op_symbolic,MD,anatomical,visual,1,978,5.897804260253906,-28.66468048095703,184,21
add_sub_2op_symbolic,MD,anatomical,visual,2,978,5.88880729675293,-31.99239158630371,186,23
add_sub_2op_symbolic,MD,network,Lan,0,978,6.389632225036621,-30.607168197631836,177,14
add_sub_2op_symbolic,MD,network,Lan,1,978,6.412143230438232,-23.609413146972656,173,10
add_sub_2op_symbolic,MD,network,Lan,2,978,6.40043830871582,-27.06854248046875,175,12
add_sub_2op_symbolic,MD,network,MD,0,978,6.214977741241455,-31.1826229095459,180,17
add_sub_2op_symbolic,MD,network,MD,1,978,6.200256824493408,-23.269874572753906,176,13
add_sub_2op_symbolic,MD,network,MD,2,978,6.22013521194458,-27.551359176635742,178,15
add_sub_2op_symbolic,MD,network,phys,0,978,6.818568706512451,-45.94670104980469,179,16
add_sub_2op_symbolic,MD,network,phys,1,978,6.914214611053467,-40.51834487915039,175,12
add_sub_2op_symbolic,MD,network,phys,2,978,6.948415279388428,-45.321327209472656,177,14
add_sub_2op_symbolic,MD,network,ToM,0,978,6.271511554718018,-34.64854431152344,181,18
add_sub_2op_symbolic,MD,network,ToM,1,978,6.445130825042725,-31.950454711914062,177,14
add_sub_2op_symbolic,MD,network,ToM,2,978,6.396920204162598,-34.39561462402344,179,16
add_sub_2op_symbolic,MD,network,visual,0,978,6.284675598144531,-31.35186767578125,179,16
add_sub_2op_symbolic,MD,network,visual,1,978,6.194533824920654,-21.283706665039062,175,12
add_sub_2op_symbolic,MD,network,visual,2,978,6.189019203186035,-24.835865020751953,177,14
add_sub_3op_verbal,MD,anatomical,Lan,0,179,5.907680034637451,-37.54113006591797,234,27
add_sub_3op_verbal,MD,anatomical,Lan,1,179,5.8786725997924805,-29.491519927978516,230,23
add_sub_3op_verbal,MD,anatomical,Lan,2,179,5.903118133544922,-33.30938720703125,232,25
add_sub_3op_verbal,MD,anatomical,MD,0,179,5.628850936889648,-41.778839111328125,243,36
add_sub_3op_verbal,MD,anatomical,MD,1,179,5.598605155944824,-33.767024993896484,239,32
add_sub_3op_verbal,MD,anatomical,MD,2,179,5.62550163269043,-37.679622650146484,241,34
add_sub_3op_verbal,MD,anatomical,phys,0,179,5.700596809387207,-41.375465393066406,241,34
add_sub_3op_verbal,MD,anatomical,phys,1,179,5.671474456787109,-33.38677978515625,237,30
add_sub_3op_verbal,MD,anatomical,phys,2,179,5.7081732749938965,-37.71177291870117,239,32
add_sub_3op_verbal,MD,anatomical,ToM,0,179,5.658681869506836,-39.596946716308594,241,34
add_sub_3op_verbal,MD,anatomical,ToM,1,179,5.647906303405762,-32.399864196777344,237,30
add_sub_3op_verbal,MD,anatomical,ToM,2,179,5.666065692901611,-35.942176818847656,239,32
add_sub_3op_verbal,MD,anatomical,visual,0,179,5.9965338706970215,-37.45199203491211,232,25
add_sub_3op_verbal,MD,anatomical,visual,1,179,5.998842239379883,-30.562515258789062,228,21
add_sub_3op_verbal,MD,anatomical,visual,2,179,5.984774589538574,-32.91816329956055,230,23
add_sub_3op_verbal,MD,network,Lan,0,179,6.326796054840088,-29.96380043029785,221,14
add_sub_3op_verbal,MD,network,Lan,1,179,6.32098913192749,-22.57282257080078,217,10
add_sub_3op_verbal,MD,network,Lan,2,179,6.3246541023254395,-25.762521743774414,219,12
add_sub_3op_verbal,MD,network,MD,0,179,6.196478366851807,-30.469642639160156,224,17
add_sub_3op_verbal,MD,network,MD,1,179,6.1787848472595215,-23.09856605529785,220,13
add_sub_3op_verbal,MD,network,MD,2,179,6.201883792877197,-26.94415855407715,222,15
add_sub_3op_verbal,MD,network,phys,0,179,6.691421031951904,-46.14855194091797,223,16
add_sub_3op_verbal,MD,network,phys,1,179,6.7705864906311035,-41.3084716796875,219,12
add_sub_3op_verbal,MD,network,phys,2,179,6.783493518829346,-44.92957305908203,221,14
add_sub_3op_verbal,MD,network,ToM,0,179,6.270819664001465,-34.976959228515625,225,18
add_sub_3op_verbal,MD,network,ToM,1,179,6.3697590827941895,-31.64694595336914,221,14
add_sub_3op_verbal,MD,network,ToM,2,179,6.3209381103515625,-33.00928497314453,223,16
add_sub_3op_verbal,MD,network,visual,0,179,6.2686004638671875,-31.592683792114258,223,16
add_sub_3op_verbal,MD,network,visual,1,179,6.203246116638184,-22.142765045166016,219,12
add_sub_3op_verbal,MD,network,visual,2,179,6.208664894104004,-25.360836029052734,221,14
add_sub_3op_symbolic,MD,anatomical,Lan,0,796,6.733539581298828,-39.29056167602539,208,27
add_sub_3op_symbolic,MD,anatomical,Lan,1,796,6.71366024017334,-30.93396759033203,204,23
add_sub_3op_symbolic,MD,anatomical,Lan,2,796,6.7754130363464355,-35.87844467163086,206,25
add_sub_3op_symbolic,MD,anatomical,MD,0,796,6.290733814239502,-41.693397521972656,217,36
add_sub_3op_symbolic,MD,anatomical,MD,1,796,6.255326271057129,-33.009857177734375,213,32
add_sub_3op_symbolic,MD,anatomical,MD,2,796,6.301397323608398,-37.5044059753418,215,34
add_sub_3op_symbolic,MD,anatomical,phys,0,796,6.390811443328857,-41.408687591552734,215,34
add_sub_3op_symbolic,MD,anatomical,phys,1,796,6.37300443649292,-33.27550506591797,211,30
add_sub_3op_symbolic,MD,anatomical,phys,2,796,6.4084343910217285,-37.410552978515625,213,32
add_sub_3op_symbolic,MD,anatomical,ToM,0,796,6.36635160446167,-40.58428192138672,215,34
add_sub_3op_symbolic,MD,anatomical,ToM,1,796,6.359646797180176,-32.83280944824219,211,30
add_sub_3op_symbolic,MD,anatomical,ToM,2,796,6.393481731414795,-36.91301345825195,213,32
add_sub_3op_symbolic,MD,anatomical,visual,0,796,6.796055793762207,-37.38009262084961,206,25
add_sub_3op_symbolic,MD,anatomical,visual,1,796,6.794871807098389,-29.554508209228516,202,21
add_sub_3op_symbolic,MD,anatomical,visual,2,796,6.778381824493408,-32.14114761352539,204,23
add_sub_3op_symbolic,MD,network,Lan,0,796,7.343612194061279,-31.41055679321289,195,14
add_sub_3op_symbolic,MD,network,Lan,1,796,7.371938228607178,-23.69903564453125,191,10
add_sub_3op_symbolic,MD,network,Lan,2,796,7.3783040046691895,-27.457468032836914,193,12
add_sub_3op_symbolic,MD,network,MD,0,796,7.120756149291992,-31.29025650024414,198,17
add_sub_3op_symbolic,MD,network,MD,1,796,7.111587047576904,-23.063257217407227,194,13
add_sub_3op_symbolic,MD,network,MD,2,796,7.147296905517578,-27.21843147277832,196,15
add_sub_3op_symbolic,MD,network,phys,0,796,7.780970573425293,-46.79465866088867,197,16
add_sub_3op_symbolic,MD,network,phys,1,796,7.894498825073242,-41.258609771728516,193,12
add_sub_3op_symbolic,MD,network,phys,2,796,7.931928634643555,-45.56329345703125,195,14
add_sub_3op_symbolic,MD,network,ToM,0,796,7.19619083404541,-35.35034942626953,199,18
add_sub_3op_symbolic,MD,network,ToM,1,796,7.372928142547607,-32.062469482421875,195,14
add_sub_3op_symbolic,MD,network,ToM,2,796,7.309313774108887,-33.600929260253906,197,16
add_sub_3op_symbolic,MD,network,visual,0,796,7.209944725036621,-31.779415130615234,197,16
add_sub_3op_symbolic,MD,network,visual,1,796,7.142293930053711,-21.933116912841797,193,12
add_sub_3op_symbolic,MD,network,visual,2,796,7.1442646980285645,-25.168964385986328,195,14
mul_div_2op_verbal,MD,anatomical,Lan,0,819,6.25283145904541,-36.737430572509766,204,27
mul_div_2op_verbal,MD,anatomical,Lan,1,819,6.23014497756958,-27.865861892700195,200,23
mul_div_2op_verbal,MD,anatomical,Lan,2,819,6.3217549324035645,-34.84831237792969,202,25
mul_div_2op_verbal,MD,anatomical,MD,0,819,5.966066837310791,-43.23514938354492,213,36
mul_div_2op_verbal,MD,anatomical,MD,1,819,5.953917503356934,-34.85224914550781,209,32
mul_div_2op_verbal,MD,anatomical,MD,2,819,6.05299711227417,-42.2777099609375,211,34
mul_div_2op_verbal,MD,anatomical,phys,0,819,6.053829193115234,-42.74420166015625,211,34
mul_div_2op_verbal,MD,anatomical,phys,1,819,6.070833683013916,-35.30959701538086,207,30
mul_div_2op_verbal,MD,anatomical,phys,2,819,6.170828342437744,-42.70603561401367,209,32
mul_div_2op_verbal,MD,anatomical,ToM,0,819,5.999907493591309,-40.856441497802734,211,34
mul_div_2op_verbal,MD,anatomical,ToM,1,819,6.020031929016113,-33.57007598876953,207,30
mul_div_2op_verbal,MD,anatomical,ToM,2,819,6.0867695808410645,-39.8394775390625,209,32
mul_div_2op_verbal,MD,anatomical,visual,0,819,6.394501686096191,-37.597023010253906,202,25
mul_div_2op_verbal,MD,anatomical,visual,1,819,6.439546585083008,-30.75263214111328,198,21
mul_div_2op_verbal,MD,anatomical,visual,2,819,6.513108730316162,-37.1242790222168,200,23
mul_div_2op_verbal,MD,network,Lan,0,819,6.795166492462158,-28.358631134033203,191,14
mul_div_2op_verbal,MD,network,Lan,1,819,6.825068473815918,-20.577425003051758,187,10
mul_div_2op_verbal,MD,network,Lan,2,819,6.909519195556641,-27.180404663085938,189,12
mul_div_2op_verbal,MD,network,MD,0,819,6.638197422027588,-30.009475708007812,194,17
mul_div_2op_verbal,MD,network,MD,1,819,6.703909873962402,-22.936050415039062,190,13
mul_div_2op_verbal,MD,network,MD,2,819,6.788733959197998,-30.091690063476562,192,15
mul_div_2op_verbal,MD,network,phys,0,819,7.280218601226807,-45.934471130371094,193,16
mul_div_2op_verbal,MD,network,phys,1,819,7.415406703948975,-40.09756088256836,189,12
mul_div_2op_verbal,MD,network,phys,2,819,7.558072090148926,-48.18193817138672,191,14
mul_div_2op_verbal,MD,network,ToM,0,819,6.72633171081543,-34.4742431640625,195,18
mul_div_2op_verbal,MD,network,ToM,1,819,6.872364044189453,-29.578798294067383,191,14
mul_div_2op_verbal,MD,network,ToM,2,819,6.903409481048584,-35.2398796081543,193,16
mul_div_2op_verbal,MD,network,visual,0,819,6.7731475830078125,-32.00083541870117,193,16
mul_div_2op_verbal,MD,network,visual,1,819,6.740662574768066,-22.066667556762695,189,12
mul_div_2op_verbal,MD,network,visual,2,819,6.850654602050781,-29.41200828552246,191,14
mul_div_2op_symbolic,MD,anatomical,Lan,0,736,6.202475547790527,-38.222389221191406,186,27
mul_div_2op_symbolic,MD,anatomical,Lan,1,736,6.167930603027344,-28.843584060668945,182,23
mul_div_2op_symbolic,MD,anatomical,Lan,2,736,6.256480693817139,-35.355140686035156,184,25
mul_div_2op_symbolic,MD,anatomical,MD,0,736,5.824583530426025,-42.7222785949707,195,36
mul_div_2op_symbolic,MD,anatomical,MD,1,736,5.818403244018555,-34.07539749145508,191,32
mul_div_2op_symbolic,MD,anatomical,MD,2,736,5.881559371948242,-40.3267936706543,193,34
mul_div_2op_symbolic,MD,anatomical,phys,0,736,5.923780918121338,-42.45732116699219,193,34
mul_div_2op_symbolic,MD,anatomical,phys,1,736,5.938431262969971,-34.41252899169922,189,30
mul_div_2op_symbolic,MD,anatomical,phys,2,736,6.019493579864502,-40.815067291259766,191,32
mul_div_2op_symbolic,MD,anatomical,ToM,0,736,5.8948798179626465,-41.51344299316406,193,34
mul_div_2op_symbolic,MD,anatomical,ToM,1,736,5.923982620239258,-33.9521484375,189,30
mul_div_2op_symbolic,MD,anatomical,ToM,2,736,5.979236602783203,-39.53340530395508,191,32
mul_div_2op_symbolic,MD,anatomical,visual,0,736,6.296601295471191,-37.34379196166992,184,25
mul_div_2op_symbolic,MD,anatomical,visual,1,736,6.329277038574219,-29.8529052734375,180,21
mul_div_2op_symbolic,MD,anatomical,visual,2,736,6.370977401733398,-34.98848342895508,182,23
mul_div_2op_symbolic,MD,network,Lan,0,736,6.757212162017822,-29.317529678344727,173,14
mul_div_2op_symbolic,MD,network,Lan,1,736,6.791774749755859,-21.474824905395508,169,10
mul_div_2op_symbolic,MD,network,Lan,2,736,6.870567798614502,-27.528636932373047,171,12
mul_div_2op_symbolic,MD,network,MD,0,736,6.58572244644165,-30.52503204345703,176,17
mul_div_2op_symbolic,MD,network,MD,1,736,6.627888202667236,-23.02069091796875,172,13
mul_div_2op_symbolic,MD,network,MD,2,736,6.712793350219727,-29.268081665039062,174,15
mul_div_2op_symbolic,MD,network,phys,0,736,7.267004013061523,-45.86714553833008,175,16
mul_div_2op_symbolic,MD,network,phys,1,736,7.38209867477417,-39.55838394165039,171,12
mul_div_2op_symbolic,MD,network,phys,2,736,7.503818988800049,-46.63573455810547,173,14
mul_div_2op_symbolic,MD,network,ToM,0,736,6.664994716644287,-34.527793884277344,177,18
mul_div_2op_symbolic,MD,network,ToM,1,736,6.834352970123291,-30.218839645385742,173,14
mul_div_2op_symbolic,MD,network,ToM,2,736,6.854732513427734,-34.833839416503906,175,16
mul_div_2op_symbolic,MD,network,visual,0,736,6.715470314025879,-32.054386138916016,175,16
mul_div_2op_symbolic,MD,network,visual,1,736,6.642588138580322,-21.508243560791016,171,12
mul_div_2op_symbolic,MD,network,visual,2,736,6.724638938903809,-27.6690673828125,173,14
mul_div_3op_verbal,MD,anatomical,Lan,0,778,8.096092224121094,-37.63862991333008,194,27
mul_div_3op_verbal,MD,anatomical,Lan,1,778,8.089995384216309,-28.895458221435547,190,23
mul_div_3op_verbal,MD,anatomical,Lan,2,778,8.128874778747559,-33.044227600097656,192,25
mul_div_3op_verbal,MD,anatomical,MD,0,778,7.562323093414307,-42.61580276489258,203,36
mul_div_3op_verbal,MD,anatomical,MD,1,778,7.548173427581787,-33.650421142578125,199,32
mul_div_3op_verbal,MD,anatomical,MD,2,778,7.611483097076416,-38.68436813354492,201,34
mul_div_3op_verbal,MD,anatomical,phys,0,778,7.716940402984619,-42.637611389160156,201,34
mul_div_3op_verbal,MD,anatomical,phys,1,778,7.720975875854492,-34.06690216064453,197,30
mul_div_3op_verbal,MD,anatomical,phys,2,778,7.7823567390441895,-39.043052673339844,199,32
mul_div_3op_verbal,MD,anatomical,ToM,0,778,7.6410956382751465,-40.65232467651367,201,34
mul_div_3op_verbal,MD,anatomical,ToM,1,778,7.679300308227539,-33.00069808959961,197,30
mul_div_3op_verbal,MD,anatomical,ToM,2,778,7.7029314041137695,-37.00165939331055,199,32
mul_div_3op_verbal,MD,anatomical,visual,0,778,8.316665649414062,-38.616783142089844,192,25
mul_div_3op_verbal,MD,anatomical,visual,1,778,8.369041442871094,-31.089529037475586,188,21
mul_div_3op_verbal,MD,anatomical,visual,2,778,8.360302925109863,-34.45259094238281,190,23
mul_div_3op_verbal,MD,network,Lan,0,778,9.014171600341797,-30.158493041992188,181,14
mul_div_3op_verbal,MD,network,Lan,1,778,9.067025184631348,-21.898149490356445,177,10
mul_div_3op_verbal,MD,network,Lan,2,778,9.078950881958008,-25.855205535888672,179,12
mul_div_3op_verbal,MD,network,MD,0,778,8.712569236755371,-30.49318504333496,184,17
mul_div_3op_verbal,MD,network,MD,1,778,8.767837524414062,-22.472312927246094,180,13
mul_div_3op_verbal,MD,network,MD,2,778,8.813345909118652,-27.069259643554688,182,15
mul_div_3op_verbal,MD,network,phys,0,778,9.51086711883545,-44.371734619140625,183,16
mul_div_3op_verbal,MD,network,phys,1,778,9.73870849609375,-39.09952926635742,179,12
mul_div_3op_verbal,MD,network,phys,2,778,9.799891471862793,-44.09781265258789,181,14
mul_div_3op_verbal,MD,network,ToM,0,778,8.825119018554688,-35.0324821472168,185,18
mul_div_3op_verbal,MD,network,ToM,1,778,9.086807250976562,-31.111160278320312,181,14
mul_div_3op_verbal,MD,network,ToM,2,778,9.015826225280762,-33.40226745605469,183,16
mul_div_3op_verbal,MD,network,visual,0,778,8.889737129211426,-32.01231002807617,183,16
mul_div_3op_verbal,MD,network,visual,1,778,8.849665641784668,-21.96404266357422,179,12
mul_div_3op_verbal,MD,network,visual,2,778,8.871989250183105,-26.093355178833008,181,14
mul_div_3op_symbolic,MD,anatomical,Lan,0,710,7.363587856292725,-38.80011749267578,199,27
mul_div_3op_symbolic,MD,anatomical,Lan,1,710,7.356114864349365,-29.928369522094727,195,23
mul_div_3op_symbolic,MD,anatomical,Lan,2,710,7.4052300453186035,-34.480403900146484,197,25
mul_div_3op_symbolic,MD,anatomical,MD,0,710,6.857667922973633,-41.96356964111328,208,36
mul_div_3op_symbolic,MD,anatomical,MD,1,710,6.823641777038574,-32.55987548828125,204,32
mul_div_3op_symbolic,MD,anatomical,MD,2,710,6.877967357635498,-37.28419876098633,206,34
mul_div_3op_symbolic,MD,anatomical,phys,0,710,6.990609169006348,-42.06809616088867,206,34
mul_div_3op_symbolic,MD,anatomical,phys,1,710,6.981413841247559,-33.336448669433594,202,30
mul_div_3op_symbolic,MD,anatomical,phys,2,710,7.016636848449707,-37.49961853027344,204,32
mul_div_3op_symbolic,MD,anatomical,ToM,0,710,6.952322006225586,-40.936729431152344,206,34
mul_div_3op_symbolic,MD,anatomical,ToM,1,710,6.9704976081848145,-33.020347595214844,202,30
mul_div_3op_symbolic,MD,anatomical,ToM,2,710,7.002070426940918,-37.075653076171875,204,32
mul_div_3op_symbolic,MD,anatomical,visual,0,710,7.493484020233154,-38.25178146362305,197,25
mul_div_3op_symbolic,MD,anatomical,visual,1,710,7.5203986167907715,-30.200159072875977,193,21
mul_div_3op_symbolic,MD,anatomical,visual,2,710,7.50276517868042,-33.027652740478516,195,23
mul_div_3op_symbolic,MD,network,Lan,0,710,8.14087963104248,-31.224365234375,186,14
mul_div_3op_symbolic,MD,network,Lan,1,710,8.182319641113281,-23.073326110839844,182,10
mul_div_3op_symbolic,MD,network,Lan,2,710,8.194506645202637,-26.801105499267578,184,12
mul_div_3op_symbolic,MD,network,MD,0,710,7.85840368270874,-30.840559005737305,189,17
mul_div_3op_symbolic,MD,network,MD,1,710,7.895484924316406,-22.777616500854492,185,13
mul_div_3op_symbolic,MD,network,MD,2,710,7.920461177825928,-26.75081443786621,187,15
mul_div_3op_symbolic,MD,network,phys,0,710,8.581441879272461,-45.32643127441406,188,16
mul_div_3op_symbolic,MD,network,phys,1,710,8.716392517089844,-38.91157531738281,184,12
mul_div_3op_symbolic,MD,network,phys,2,710,8.78158187866211,-43.877906799316406,186,14
mul_div_3op_symbolic,MD,network,ToM,0,710,7.945071220397949,-34.986080169677734,190,18
mul_div_3op_symbolic,MD,network,ToM,1,710,8.17305850982666,-31.270570755004883,186,14
mul_div_3op_symbolic,MD,network,ToM,2,710,8.109153747558594,-33.246517181396484,188,16
mul_div_3op_symbolic,MD,network,visual,0,710,7.972062110900879,-31.47859764099121,188,16
mul_div_3op_symbolic,MD,network,visual,1,710,7.920379638671875,-21.29056167602539,184,12
mul_div_3op_symbolic,MD,network,visual,2,710,7.921448707580566,-24.704559326171875,186,14
simple_equation,MD,anatomical,Lan,0,944,6.170515060424805,-37.68606185913086,210,27
simple_equation,MD,anatomical,Lan,1,944,6.166173934936523,-29.011960983276367,206,23
simple_equation,MD,anatomical,Lan,2,944,6.119068622589111,-31.680025100708008,208,25
simple_equation,MD,anatomical,MD,0,944,5.859920024871826,-42.75358963012695,219,36
simple_equation,MD,anatomical,MD,1,944,5.850404739379883,-34.08161163330078,215,32
simple_equation,MD,anatomical,MD,2,944,5.802563190460205,-36.45777130126953,217,34
simple_equation,MD,anatomical,phys,0,944,5.949467658996582,-42.50825119018555,217,34
simple_equation,MD,anatomical,phys,1,944,5.964648723602295,-34.667842864990234,213,30
simple_equation,MD,anatomical,phys,2,944,5.908321380615234,-36.82451248168945,215,32
simple_equation,MD,anatomical,ToM,0,944,5.90681266784668,-40.94684982299805,217,34
simple_equation,MD,anatomical,ToM,1,944,5.9312052726745605,-33.47023391723633,213,30
simple_equation,MD,anatomical,ToM,2,944,5.8650221824646,-35.243125915527344,215,32
simple_equation,MD,anatomical,visual,0,944,6.273258209228516,-37.481300354003906,208,25
simple_equation,MD,anatomical,visual,1,944,6.301265239715576,-29.794857025146484,204,21
simple_equation,MD,anatomical,visual,2,944,6.208407878875732,-31.04311180114746,206,23
simple_equation,MD,network,Lan,0,944,6.7377448081970215,-31.3536434173584,197,14
simple_equation,MD,network,Lan,1,944,6.797488212585449,-24.176504135131836,193,10
simple_equation,MD,network,Lan,2,944,6.6785173416137695,-25.191478729248047,195,12
simple_equation,MD,network,MD,0,944,6.601398468017578,-32.98805618286133,200,17
simple_equation,MD,network,MD,1,944,6.6391754150390625,-25.307350158691406,196,13
simple_equation,MD,network,MD,2,944,6.561959743499756,-27.402070999145508,198,15
simple_equation,MD,network,phys,0,944,7.015079021453857,-43.196075439453125,199,16
simple_equation,MD,network,phys,1,944,7.162887096405029,-38.21983337402344,195,12
simple_equation,MD,network,phys,2,944,7.108551979064941,-41.28257751464844,197,14
simple_equation,MD,network,ToM,0,944,6.603706359863281,-34.94559097290039,201,18
simple_equation,MD,network,ToM,1,944,6.749327659606934,-30.441978454589844,197,14
simple_equation,MD,network,ToM,2,944,6.617271900177002,-30.9537353515625,199,16
simple_equation,MD,network,visual,0,944,6.651064395904541,-32.592384338378906,199,16
simple_equation,MD,network,visual,1,944,6.617836952209473,-22.786663055419922,195,12
simple_equation,MD,network,visual,2,944,6.522567272186279,-24.334558486938477,197,14
number_sorting,MD,anatomical,Lan,0,84,3.287008047103882,-37.23078155517578,582,27
number_sorting,MD,anatomical,Lan,1,84,3.268968343734741,-29.97740936279297,578,23
number_sorting,MD,anatomical,Lan,2,84,3.2803544998168945,-33.73801803588867,580,25
number_sorting,MD,anatomical,MD,0,84,3.2538914680480957,-41.956016540527344,591,36
number_sorting,MD,anatomical,MD,1,84,3.2272660732269287,-33.101165771484375,587,32
number_sorting,MD,anatomical,MD,2,84,3.2407569885253906,-37.27656936645508,589,34
number_sorting,MD,anatomical,phys,0,84,3.2554798126220703,-39.88381576538086,589,34
number_sorting,MD,anatomical,phys,1,84,3.2346549034118652,-32.09564208984375,585,30
number_sorting,MD,anatomical,phys,2,84,3.2452688217163086,-35.741519927978516,587,32
number_sorting,MD,anatomical,ToM,0,84,3.2576379776000977,-40.27411651611328,589,34
number_sorting,MD,anatomical,ToM,1,84,3.2387871742248535,-32.84250259399414,585,30
number_sorting,MD,anatomical,ToM,2,84,3.24595308303833,-35.865318298339844,587,32
number_sorting,MD,anatomical,visual,0,84,3.3031558990478516,-37.693111419677734,580,25
number_sorting,MD,anatomical,visual,1,84,3.2848329544067383,-30.397144317626953,576,21
number_sorting,MD,anatomical,visual,2,84,3.2865970134735107,-32.46106719970703,578,23
number_sorting,MD,network,Lan,0,84,3.3385584354400635,-29.968727111816406,569,14
number_sorting,MD,network,Lan,1,84,3.3216888904571533,-23.096942901611328,565,10
number_sorting,MD,network,Lan,2,84,3.3263158798217773,-25.59954261779785,567,12
number_sorting,MD,network,MD,0,84,3.320962429046631,-30.562604904174805,572,17
number_sorting,MD,network,MD,1,84,3.3010928630828857,-23.165441513061523,568,13
number_sorting,MD,network,MD,2,84,3.314077138900757,-27.10405921936035,570,15
number_sorting,MD,network,phys,0,84,3.415814161300659,-45.44237518310547,571,16
number_sorting,MD,network,phys,1,84,3.403557538986206,-39.30302810668945,567,12
number_sorting,MD,network,phys,2,84,3.4233884811401367,-44.370887756347656,569,14
number_sorting,MD,network,ToM,0,84,3.3356752395629883,-34.29581069946289,573,18
number_sorting,MD,network,ToM,1,84,3.3344926834106445,-30.08784294128418,569,14
number_sorting,MD,network,ToM,2,84,3.3374788761138916,-32.320098876953125,571,16
number_sorting,MD,network,visual,0,84,3.325669527053833,-30.171110153198242,571,16
number_sorting,MD,network,visual,1,84,3.2914202213287354,-20.307449340820312,567,12
number_sorting,MD,network,visual,2,84,3.2977516651153564,-23.095962524414062,569,14
code_conditional,MD,anatomical,Lan,0,522,6.410843849182129,-35.52432632446289,275,27
code_conditional,MD,anatomical,Lan,1,522,6.447915554046631,-29.029956817626953,271,23
code_conditional,MD,anatomical,Lan,2,522,6.431352615356445,-32.6178092956543,273,25
code_conditional,MD,anatomical,MD,0,522,6.234967231750488,-44.346107482910156,284,36
code_conditional,MD,anatomical,MD,1,522,6.252225875854492,-37.17443084716797,280,32
code_conditional,MD,anatomical,MD,2,522,6.243524074554443,-41.009952545166016,282,34
code_conditional,MD,anatomical,phys,0,522,6.243310451507568,-41.06278991699219,282,34
code_conditional,MD,anatomical,phys,1,522,6.283785343170166,-34.90821075439453,278,30
code_conditional,MD,anatomical,phys,2,522,6.252573490142822,-37.752437591552734,280,32
code_conditional,MD,anatomical,ToM,0,522,6.187858581542969,-38.547000885009766,282,34
code_conditional,MD,anatomical,ToM,1,522,6.230340480804443,-32.53369140625,278,30
code_conditional,MD,anatomical,ToM,2,522,6.208236217498779,-35.759883880615234,280,32
code_conditional,MD,anatomical,visual,0,522,6.5553107261657715,-37.89209747314453,273,25
code_conditional,MD,anatomical,visual,1,522,6.6192731857299805,-32.35799026489258,269,21
code_conditional,MD,anatomical,visual,2,522,6.558845520019531,-34.21510314941406,271,23
code_conditional,MD,network,Lan,0,522,6.869174003601074,-29.462322235107422,262,14
code_conditional,MD,network,Lan,1,522,6.933995246887207,-23.55238151550293,258,10
code_conditional,MD,network,Lan,2,522,6.860398292541504,-25.21338653564453,260,12
code_conditional,MD,network,MD,0,522,6.803752422332764,-32.707542419433594,265,17
code_conditional,MD,network,MD,1,522,6.845127582550049,-25.995040893554688,261,13
code_conditional,MD,network,MD,2,522,6.822970867156982,-29.551952362060547,263,15
code_conditional,MD,network,phys,0,522,6.946438789367676,-36.26934814453125,264,16
code_conditional,MD,network,phys,1,522,7.122976303100586,-34.41652297973633,260,12
code_conditional,MD,network,phys,2,522,7.1023993492126465,-38.14771270751953,262,14
code_conditional,MD,network,ToM,0,522,6.749773025512695,-32.5062255859375,266,18
code_conditional,MD,network,ToM,1,522,6.85302209854126,-28.220548629760742,262,14
code_conditional,MD,network,ToM,2,522,6.791942119598389,-30.268878936767578,264,16
code_conditional,MD,network,visual,0,522,6.777637004852295,-29.7747802734375,264,16
code_conditional,MD,network,visual,1,522,6.772222995758057,-21.2874698638916,260,12
code_conditional,MD,network,visual,2,522,6.728667259216309,-23.985145568847656,262,14
code_loop,MD,anatomical,Lan,0,581,6.35074520111084,-36.962066650390625,271,27
code_loop,MD,anatomical,Lan,1,581,6.376109600067139,-29.507064819335938,267,23
code_loop,MD,anatomical,Lan,2,581,6.348737716674805,-33.55491256713867,269,25
code_loop,MD,anatomical,MD,0,581,6.144357204437256,-44.34857177734375,280,36
code_loop,MD,anatomical,MD,1,581,6.164793491363525,-36.87790298461914,276,32
code_loop,MD,anatomical,MD,2,581,6.14201545715332,-40.98653793334961,278,34
code_loop,MD,anatomical,phys,0,581,6.168267726898193,-41.7972412109375,278,34
code_loop,MD,anatomical,phys,1,581,6.197938442230225,-34.70941925048828,274,30
code_loop,MD,anatomical,phys,2,581,6.163612365722656,-38.32501983642578,276,32
code_loop,MD,anatomical,ToM,0,581,6.1131463050842285,-39.30177688598633,278,34
code_loop,MD,anatomical,ToM,1,581,6.151765823364258,-32.66051483154297,274,30
code_loop,MD,anatomical,ToM,2,581,6.121446132659912,-36.430389404296875,276,32
code_loop,MD,anatomical,visual,0,581,6.470791339874268,-38.30231475830078,269,25
code_loop,MD,anatomical,visual,1,581,6.524282455444336,-31.889739990234375,265,21
code_loop,MD,anatomical,visual,2,581,6.450809001922607,-34.116886138916016,267,23
code_loop,MD,network,Lan,0,581,6.768783092498779,-29.3779239654541,258,14
code_loop,MD,network,Lan,1,581,6.835022926330566,-23.079792022705078,254,10
code_loop,MD,network,Lan,2,581,6.753376007080078,-25.344894409179688,256,12
code_loop,MD,network,MD,0,581,6.7139482498168945,-32.99189376831055,261,17
code_loop,MD,network,MD,1,581,6.7475666999816895,-25.533782958984375,257,13
code_loop,MD,network,MD,2,581,6.727265357971191,-30.07172966003418,259,15
code_loop,MD,network,phys,0,581,6.8681559562683105,-36.991905212402344,260,16
code_loop,MD,network,phys,1,581,7.064890384674072,-35.38920593261719,256,12
code_loop,MD,network,phys,2,581,7.017371654510498,-39.05833053588867,258,14
code_loop,MD,network,ToM,0,581,6.663168430328369,-32.906951904296875,262,18
code_loop,MD,network,ToM,1,581,6.768955707550049,-28.259506225585938,258,14
code_loop,MD,network,ToM,2,581,6.689651012420654,-30.520044326782227,260,16
code_loop,MD,network,visual,0,581,6.6965765953063965,-30.414091110229492,260,16
code_loop,MD,network,visual,1,581,6.6736578941345215,-20.80506706237793,256,12
code_loop,MD,network,visual,2,581,6.616297245025635,-23.874305725097656,258,14
code_list,MD,anatomical,Lan,0,378,6.360124588012695,-35.47016906738281,271,27
code_list,MD,anatomical,Lan,1,378,6.4134602546691895,-28.768407821655273,267,23
code_list,MD,anatomical,Lan,2,378,6.392066478729248,-32.80514907836914,269,25
code_list,MD,anatomical,MD,0,378,6.188407897949219,-44.456932067871094,280,36
code_list,MD,anatomical,MD,1,378,6.248393535614014,-38.297428131103516,276,32
code_list,MD,anatomical,MD,2,378,6.217703342437744,-41.812042236328125,278,34
code_list,MD,anatomical,phys,0,378,6.203632354736328,-41.49466323852539,278,34
code_list,MD,anatomical,phys,1,378,6.261122703552246,-35.190391540527344,274,30
code_list,MD,anatomical,phys,2,378,6.225059509277344,-38.48354721069336,276,32
code_list,MD,anatomical,ToM,0,378,6.131819248199463,-38.25779342651367,278,34
code_list,MD,anatomical,ToM,1,378,6.207348823547363,-32.82698440551758,274,30
code_list,MD,anatomical,ToM,2,378,6.1764984130859375,-36.32206344604492,276,32
code_list,MD,anatomical,visual,0,378,6.48630428314209,-37.054534912109375,269,25
code_list,MD,anatomical,visual,1,378,6.5769243240356445,-31.721233367919922,265,21
code_list,MD,anatomical,visual,2,378,6.501924991607666,-33.64485549926758,267,23
code_list,MD,network,Lan,0,378,6.800626277923584,-28.69693946838379,258,14
code_list,MD,network,Lan,1,378,6.891359329223633,-23.300884246826172,254,10
code_list,MD,network,Lan,2,378,6.821451663970947,-25.333160400390625,256,12
code_list,MD,network,MD,0,378,6.734588623046875,-31.901165008544922,261,17
code_list,MD,network,MD,1,378,6.814589500427246,-25.77581787109375,257,13
code_list,MD,network,MD,2,378,6.78033971786499,-29.5277156829834,259,15
code_list,MD,network,phys,0,378,6.881921291351318,-35.62060546875,260,16
code_list,MD,network,phys,1,378,7.128697872161865,-35.3928337097168,256,12
code_list,MD,network,phys,2,378,7.043115615844727,-37.423728942871094,258,14
code_list,MD,network,ToM,0,378,6.6857147216796875,-31.900096893310547,262,18
code_list,MD,network,ToM,1,378,6.825155258178711,-28.094581604003906,258,14
code_list,MD,network,ToM,2,378,6.7465009689331055,-30.140888214111328,260,16
code_list,MD,network,visual,0,378,6.731423854827881,-29.871694564819336,260,16
code_list,MD,network,visual,1,378,6.741799354553223,-21.107593536376953,256,12
code_list,MD,network,visual,2,378,6.68674373626709,-24.027448654174805,258,14
code_A,MD,anatomical,Lan,0,113,7.217002868652344,-36.37062072753906,268,27
code_A,MD,anatomical,Lan,1,113,7.269792556762695,-29.763851165771484,264,23
code_A,MD,anatomical,Lan,2,113,7.207082271575928,-32.364349365234375,266,25
code_A,MD,anatomical,MD,0,113,6.947505474090576,-43.61677169799805,277,36
code_A,MD,anatomical,MD,1,113,6.990189552307129,-36.91029739379883,273,32
code_A,MD,anatomical,MD,2,113,6.934589385986328,-39.54075622558594,275,34
code_A,MD,anatomical,phys,0,113,6.994007110595703,-41.57453536987305,275,34
code_A,MD,anatomical,phys,1,113,7.044821739196777,-35.1311149597168,271,30
code_A,MD,anatomical,phys,2,113,6.968034267425537,-36.98119354248047,273,32
code_A,MD,anatomical,ToM,0,113,6.929948329925537,-39.04410934448242,275,34
code_A,MD,anatomical,ToM,1,113,7.00274133682251,-33.50754928588867,271,30
code_A,MD,anatomical,ToM,2,113,6.932093620300293,-35.569461822509766,273,32
code_A,MD,anatomical,visual,0,113,7.358432292938232,-37.580047607421875,266,25
code_A,MD,anatomical,visual,1,113,7.432037353515625,-31.579336166381836,262,21
code_A,MD,anatomical,visual,2,113,7.316202163696289,-32.38141632080078,264,23
code_A,MD,network,Lan,0,113,7.764366626739502,-28.884981155395508,255,14
code_A,MD,network,Lan,1,113,7.863570690155029,-23.248523712158203,251,10
code_A,MD,network,Lan,2,113,7.7380757331848145,-24.240291595458984,253,12
code_A,MD,network,MD,0,113,7.656527996063232,-31.85886573791504,258,17
code_A,MD,network,MD,1,113,7.743012428283691,-25.51102638244629,254,13
code_A,MD,network,MD,2,113,7.657233715057373,-28.12384033203125,256,15
code_A,MD,network,phys,0,113,7.8589019775390625,-36.52804183959961,257,16
code_A,MD,network,phys,1,113,8.155389785766602,-36.59194564819336,253,12
code_A,MD,network,phys,2,113,8.062795639038086,-38.81496810913086,255,14
code_A,MD,network,ToM,0,113,7.60769510269165,-32.23721694946289,259,18
code_A,MD,network,ToM,1,113,7.759312629699707,-28.09398078918457,255,14
code_A,MD,network,ToM,2,113,7.637332916259766,-29.490665435791016,257,16
code_A,MD,network,visual,0,113,7.667390823364258,-30.18771743774414,257,16
code_A,MD,network,visual,1,113,7.684760093688965,-21.553646087646484,253,12
code_A,MD,network,visual,2,113,7.5851969718933105,-23.244245529174805,255,14
code_B,MD,anatomical,Lan,0,60,6.42156457901001,-35.693634033203125,283,27
code_B,MD,anatomical,Lan,1,60,6.443732738494873,-28.122726440429688,279,23
code_B,MD,anatomical,Lan,2,60,6.418267726898193,-31.830013275146484,281,25
code_B,MD,anatomical,MD,0,60,6.249703407287598,-44.50709533691406,292,36
code_B,MD,anatomical,MD,1,60,6.268294334411621,-36.93871307373047,288,32
code_B,MD,anatomical,MD,2,60,6.258435249328613,-41.246978759765625,290,34
code_B,MD,anatomical,phys,0,60,6.262414455413818,-41.431304931640625,290,34
code_B,MD,anatomical,phys,1,60,6.3002424240112305,-34.72377014160156,286,30
code_B,MD,anatomical,phys,2,60,6.262507915496826,-37.76641845703125,288,32
code_B,MD,anatomical,ToM,0,60,6.214267730712891,-39.193111419677734,290,34
code_B,MD,anatomical,ToM,1,60,6.264950275421143,-33.11722946166992,286,30
code_B,MD,anatomical,ToM,2,60,6.233617782592773,-36.43473815917969,288,32
code_B,MD,anatomical,visual,0,60,6.565798759460449,-38.21596145629883,281,25
code_B,MD,anatomical,visual,1,60,6.612794876098633,-31.570343017578125,277,21
code_B,MD,anatomical,visual,2,60,6.548795700073242,-33.72884750366211,279,23
code_B,MD,network,Lan,0,60,6.865359783172607,-29.561168670654297,270,14
code_B,MD,network,Lan,1,60,6.922014236450195,-22.947620391845703,266,10
code_B,MD,network,Lan,2,60,6.853826999664307,-25.257671356201172,268,12
code_B,MD,network,MD,0,60,6.80731725692749,-33.02284240722656,273,17
code_B,MD,network,MD,1,60,6.840850830078125,-25.578950881958008,269,13
code_B,MD,network,MD,2,60,6.811404228210449,-29.349458694458008,271,15
code_B,MD,network,phys,0,60,6.947897434234619,-36.66477966308594,272,16
code_B,MD,network,phys,1,60,7.158076286315918,-35.80421829223633,268,12
code_B,MD,network,phys,2,60,7.100796222686768,-38.665245056152344,270,14
code_B,MD,network,ToM,0,60,6.76516056060791,-33.238685607910156,274,18
code_B,MD,network,ToM,1,60,6.871908187866211,-28.72490882873535,270,14
code_B,MD,network,ToM,2,60,6.799216270446777,-30.780927658081055,272,16
code_B,MD,network,visual,0,60,6.808627128601074,-31.157184600830078,272,16
code_B,MD,network,visual,1,60,6.794440746307373,-21.83164405822754,268,12
code_B,MD,network,visual,2,60,6.740566253662109,-24.60817527770996,270,14
phys_newton,phys,anatomical,Lan,0,461,7.292007923126221,-36.60455322265625,244,27
phys_newton,phys,anatomical,Lan,1,461,7.341479301452637,-27.90514373779297,240,23
phys_newton,phys,anatomical,Lan,2,461,7.353048324584961,-33.83578872680664,242,25
phys_newton,phys,anatomical,MD,0,461,6.990243911743164,-43.79287338256836,253,36
phys_newton,phys,anatomical,MD,1,461,7.023995876312256,-34.83917999267578,249,32
phys_newton,phys,anatomical,MD,2,461,7.013502597808838,-39.92510986328125,251,34
phys_newton,phys,anatomical,phys,0,461,7.016315937042236,-40.8382568359375,251,34
phys_newton,phys,anatomical,phys,1,461,7.052717208862305,-31.948448181152344,247,30
phys_newton,phys,anatomical,phys,2,461,7.042082786560059,-37.04206085205078,249,32
phys_newton,phys,anatomical,ToM,0,461,6.951976299285889,-38.5260009765625,251,34
phys_newton,phys,anatomical,ToM,1,461,6.997564315795898,-30.009328842163086,247,30
phys_newton,phys,anatomical,ToM,2,461,6.991806983947754,-35.25802230834961,249,32
phys_newton,phys,anatomical,visual,0,461,7.470210075378418,-38.473873138427734,242,25
phys_newton,phys,anatomical,visual,1,461,7.546654224395752,-30.478294372558594,238,21
phys_newton,phys,anatomical,visual,2,461,7.476686954498291,-33.84748840332031,240,23
phys_newton,phys,network,Lan,0,461,7.940944194793701,-30.469911575317383,231,14
phys_newton,phys,network,Lan,1,461,8.055034637451172,-23.044933319091797,227,10
phys_newton,phys,network,Lan,2,461,7.98828649520874,-26.87456512451172,229,12
phys_newton,phys,network,MD,0,461,7.825647354125977,-33.2635498046875,234,17
phys_newton,phys,network,MD,1,461,7.930538654327393,-25.72124671936035,230,13
phys_newton,phys,network,MD,2,461,7.884668350219727,-30.07942771911621,232,15
phys_newton,phys,network,phys,0,461,7.969080924987793,-35.43809509277344,233,16
phys_newton,phys,network,phys,1,461,8.108297348022461,-28.726776123046875,229,12
phys_newton,phys,network,phys,2,461,8.066605567932129,-33.28427505493164,231,14
phys_newton,phys,network,ToM,0,461,7.743638515472412,-32.845306396484375,235,18
phys_newton,phys,network,ToM,1,461,7.876236438751221,-26.204851150512695,231,14
phys_newton,phys,network,ToM,2,461,7.822170257568359,-30.29011344909668,233,16
phys_newton,phys,network,visual,0,461,7.817527770996094,-30.964332580566406,233,16
phys_newton,phys,network,visual,1,461,7.850778102874756,-21.33574104309082,229,12
phys_newton,phys,network,visual,2,461,7.774829864501953,-24.773929595947266,231,14
phys_prost,phys,anatomical,Lan,0,372,5.979064464569092,-35.870975494384766,224,27
phys_prost,phys,anatomical,Lan,1,372,6.004627704620361,-28.338172912597656,220,23
phys_prost,phys,anatomical,Lan,2,372,6.022582530975342,-33.83610153198242,222,25
phys_prost,phys,anatomical,MD,0,372,5.679457664489746,-39.987213134765625,233,36
phys_prost,phys,anatomical,MD,1,372,5.7235589027404785,-33.123626708984375,229,32
phys_prost,phys,anatomical,MD,2,372,5.724729061126709,-37.910057067871094,231,34
phys_prost,phys,anatomical,phys,0,372,5.707143783569336,-37.636871337890625,231,34
phys_prost,phys,anatomical,phys,1,372,5.734808921813965,-30.08014678955078,227,30
phys_prost,phys,anatomical,phys,2,372,5.73808479309082,-34.95404052734375,229,32
phys_prost,phys,anatomical,ToM,0,372,5.696399688720703,-37.20159149169922,231,34
phys_prost,phys,anatomical,ToM,1,372,5.752803802490234,-30.79137420654297,227,30
phys_prost,phys,anatomical,ToM,2,372,5.743128299713135,-35.155250549316406,229,32
phys_prost,phys,anatomical,visual,0,372,6.089932441711426,-36.804962158203125,222,25
phys_prost,phys,anatomical,visual,1,372,6.172703266143799,-30.771358489990234,218,21
phys_prost,phys,anatomical,visual,2,372,6.115973949432373,-33.63037872314453,220,23
phys_prost,phys,network,Lan,0,372,6.420349597930908,-28.080211639404297,211,14
phys_prost,phys,network,Lan,1,372,6.549773216247559,-23.023609161376953,207,10
phys_prost,phys,network,Lan,2,372,6.499705791473389,-26.42870330810547,209,12
phys_prost,phys,network,MD,0,372,6.361757755279541,-31.696685791015625,214,17
phys_prost,phys,network,MD,1,372,6.472373008728027,-26.16550064086914,210,13
phys_prost,phys,network,MD,2,372,6.435109615325928,-29.926502227783203,212,15
phys_prost,phys,network,phys,0,372,6.5568389892578125,-36.27986145019531,213,16
phys_prost,phys,network,phys,1,372,6.709067344665527,-31.804668426513672,209,12
phys_prost,phys,network,phys,2,372,6.722266674041748,-37.276275634765625,211,14
phys_prost,phys,network,ToM,0,372,6.317690849304199,-32.052547454833984,215,18
phys_prost,phys,network,ToM,1,372,6.441654682159424,-27.029254913330078,211,14
phys_prost,phys,network,ToM,2,372,6.406331539154053,-30.833602905273438,213,16
phys_prost,phys,network,visual,0,372,6.350371837615967,-29.46486473083496,213,16
phys_prost,phys,network,visual,1,372,6.379266738891602,-21.269634246826172,209,12
phys_prost,phys,network,visual,2,372,6.319324493408203,-24.23371124267578,211,14
physics_buoyancy,phys,anatomical,Lan,0,357,4.932089805603027,-37.07094955444336,340,27
physics_buoyancy,phys,anatomical,Lan,1,357,4.920779705047607,-28.416547775268555,336,23
physics_buoyancy,phys,anatomical,Lan,2,357,4.933080673217773,-33.25984573364258,338,25
physics_buoyancy,phys,anatomical,MD,0,357,4.847711086273193,-45.4104118347168,349,36
physics_buoyancy,phys,anatomical,MD,1,357,4.833043098449707,-36.550926208496094,345,32
physics_buoyancy,phys,anatomical,MD,2,357,4.843875408172607,-41.291194915771484,347,34
physics_buoyancy,phys,anatomical,phys,0,357,4.851046562194824,-42.492130279541016,347,34
physics_buoyancy,phys,anatomical,phys,1,357,4.833934783935547,-33.46327209472656,343,30
physics_buoyancy,phys,anatomical,phys,2,357,4.844249725341797,-38.162506103515625,345,32
physics_buoyancy,phys,anatomical,ToM,0,357,4.797518253326416,-38.64185333251953,347,34
physics_buoyancy,phys,anatomical,ToM,1,357,4.788323879241943,-30.211498260498047,343,30
physics_buoyancy,phys,anatomical,ToM,2,357,4.798283100128174,-34.87317657470703,345,32
physics_buoyancy,phys,anatomical,visual,0,357,4.980310916900635,-37.16798400878906,338,25
physics_buoyancy,phys,anatomical,visual,1,357,4.968347549438477,-28.442819595336914,334,21
physics_buoyancy,phys,anatomical,visual,2,357,4.963056564331055,-32.10342025756836,336,23
physics_buoyancy,phys,network,Lan,0,357,5.13853645324707,-29.734895706176758,327,14
physics_buoyancy,phys,network,Lan,1,357,5.148683071136475,-22.324939727783203,323,10
physics_buoyancy,phys,network,Lan,2,357,5.138540744781494,-25.774089813232422,325,12
physics_buoyancy,phys,network,MD,0,357,5.11514949798584,-33.139793395996094,330,17
physics_buoyancy,phys,network,MD,1,357,5.119682312011719,-25.399770736694336,326,13
physics_buoyancy,phys,network,MD,2,357,5.1274638175964355,-29.976608276367188,328,15
physics_buoyancy,phys,network,phys,0,357,5.169708251953125,-34.99817657470703,329,16
physics_buoyancy,phys,network,phys,1,357,5.166971206665039,-26.75481414794922,325,12
physics_buoyancy,phys,network,phys,2,357,5.179132461547852,-31.620603561401367,327,14
physics_buoyancy,phys,network,ToM,0,357,5.08687686920166,-32.93739318847656,331,18
physics_buoyancy,phys,network,ToM,1,357,5.094507217407227,-25.42093849182129,327,14
physics_buoyancy,phys,network,ToM,2,357,5.099584102630615,-29.81743812561035,329,16
physics_buoyancy,phys,network,visual,0,357,5.1040754318237305,-30.794620513916016,329,16
physics_buoyancy,phys,network,visual,1,357,5.064522743225098,-20.24614715576172,325,12
physics_buoyancy,phys,network,visual,2,357,5.064213752746582,-24.283161163330078,327,14
physics_brightness,phys,anatomical,Lan,0,233,5.657538414001465,-36.749481201171875,333,27
physics_brightness,phys,anatomical,Lan,1,233,5.653902530670166,-28.51225471496582,329,23
physics_brightness,phys,anatomical,Lan,2,233,5.660808086395264,-33.59977722167969,331,25
physics_brightness,phys,anatomical,MD,0,233,5.551853656768799,-45.89725875854492,342,36
physics_brightness,phys,anatomical,MD,1,233,5.542290687561035,-37.36431884765625,338,32
physics_brightness,phys,anatomical,MD,2,233,5.540440559387207,-41.89433670043945,340,34
physics_brightness,phys,anatomical,phys,0,233,5.557605743408203,-42.82112121582031,340,34
physics_brightness,phys,anatomical,phys,1,233,5.553602695465088,-34.62459182739258,336,30
physics_brightness,phys,anatomical,phys,2,233,5.54669713973999,-38.85173034667969,338,32
physics_brightness,phys,anatomical,ToM,0,233,5.498685836791992,-39.1972541809082,340,34
physics_brightness,phys,anatomical,ToM,1,233,5.497295379638672,-31.200525283813477,336,30
physics_brightness,phys,anatomical,ToM,2,233,5.4949822425842285,-35.68556594848633,338,32
physics_brightness,phys,anatomical,visual,0,233,5.713693618774414,-36.55278396606445,331,25
physics_brightness,phys,anatomical,visual,1,233,5.691751003265381,-27.229299545288086,327,21
physics_brightness,phys,anatomical,visual,2,233,5.67719841003418,-31.0838623046875,329,23
physics_brightness,phys,network,Lan,0,233,5.9319891929626465,-29.37924575805664,320,14
physics_brightness,phys,network,Lan,1,233,5.94377326965332,-21.79120445251465,316,10
physics_brightness,phys,network,Lan,2,233,5.923569679260254,-25.49188995361328,318,12
physics_brightness,phys,network,MD,0,233,5.896617889404297,-32.788543701171875,323,17
physics_brightness,phys,network,MD,1,233,5.90517520904541,-25.059955596923828,319,13
physics_brightness,phys,network,MD,2,233,5.900441646575928,-29.57294273376465,321,15
physics_brightness,phys,network,phys,0,233,5.942222595214844,-33.494991302490234,322,16
physics_brightness,phys,network,phys,1,233,5.949775695800781,-25.67690658569336,318,12
physics_brightness,phys,network,phys,2,233,5.950987339019775,-30.5274658203125,320,14
physics_brightness,phys,network,ToM,0,233,5.852392196655273,-32.12373733520508,324,18
physics_brightness,phys,network,ToM,1,233,5.866542339324951,-24.73531150817871,320,14
physics_brightness,phys,network,ToM,2,233,5.864813327789307,-29.397768020629883,322,16
physics_brightness,phys,network,visual,0,233,5.8667402267456055,-29.37851905822754,322,16
physics_brightness,phys,network,visual,1,233,5.820024490356445,-18.665245056152344,318,12
physics_brightness,phys,network,visual,2,233,5.806056499481201,-22.63768196105957,320,14
physics_elasticity,phys,anatomical,Lan,0,728,5.567193984985352,-36.808658599853516,339,27
physics_elasticity,phys,anatomical,Lan,1,728,5.5587029457092285,-28.929718017578125,335,23
physics_elasticity,phys,anatomical,Lan,2,728,5.584130764007568,-34.14845275878906,337,25
physics_elasticity,phys,anatomical,MD,0,728,5.459640026092529,-45.471771240234375,348,36
physics_elasticity,phys,anatomical,MD,1,728,5.439001560211182,-36.87934494018555,344,32
physics_elasticity,phys,anatomical,MD,2,728,5.464686393737793,-42.14667892456055,346,34
physics_elasticity,phys,anatomical,phys,0,728,5.435268402099609,-40.52895736694336,346,34
physics_elasticity,phys,anatomical,phys,1,728,5.415104389190674,-31.986230850219727,342,30
physics_elasticity,phys,anatomical,phys,2,728,5.441868305206299,-37.310638427734375,344,32
physics_elasticity,phys,anatomical,ToM,0,728,5.410125255584717,-38.92473602294922,346,34
physics_elasticity,phys,anatomical,ToM,1,728,5.404243469238281,-31.299556732177734,342,30
physics_elasticity,phys,anatomical,ToM,2,728,5.421596527099609,-36.02678680419922,344,32
physics_elasticity,phys,anatomical,visual,0,728,5.622356414794922,-36.697547912597656,337,25
physics_elasticity,phys,anatomical,visual,1,728,5.608356952667236,-28.460330963134766,333,21
physics_elasticity,phys,anatomical,visual,2,728,5.607524871826172,-32.10911560058594,335,23
physics_elasticity,phys,network,Lan,0,728,5.822668552398682,-29.115840911865234,326,14
physics_elasticity,phys,network,Lan,1,728,5.836672306060791,-22.3422794342041,322,10
physics_elasticity,phys,network,Lan,2,728,5.837629318237305,-26.173730850219727,324,12
physics_elasticity,phys,network,MD,0,728,5.789553642272949,-32.52470016479492,329,17
physics_elasticity,phys,network,MD,1,728,5.799688339233398,-25.568851470947266,325,13
physics_elasticity,phys,network,MD,2,728,5.818960189819336,-30.419246673583984,327,15
physics_elasticity,phys,network,phys,0,728,5.859404563903809,-34.70220184326172,328,16
physics_elasticity,phys,network,phys,1,728,5.859644889831543,-27.143312454223633,324,12
physics_elasticity,phys,network,phys,2,728,5.885011672973633,-32.33769226074219,326,14
physics_elasticity,phys,network,ToM,0,728,5.759589195251465,-32.56831741333008,330,18
physics_elasticity,phys,network,ToM,1,728,5.778102874755859,-26.111068725585938,326,14
physics_elasticity,phys,network,ToM,2,728,5.791988372802734,-30.65652084350586,328,16
physics_elasticity,phys,network,visual,0,728,5.773901462554932,-29.880645751953125,328,16
physics_elasticity,phys,network,visual,1,728,5.731311798095703,-19.968521118164062,324,12
physics_elasticity,phys,network,visual,2,728,5.732802867889404,-23.795162200927734,326,14
physics_solubility,phys,anatomical,Lan,0,497,4.749127388000488,-36.46855163574219,358,27
physics_solubility,phys,anatomical,Lan,1,497,4.736565113067627,-27.924121856689453,354,23
physics_solubility,phys,anatomical,Lan,2,497,4.740223407745361,-32.55952453613281,356,25
physics_solubility,phys,anatomical,MD,0,497,4.687760829925537,-45.71699142456055,367,36
physics_solubility,phys,anatomical,MD,1,497,4.671920299530029,-36.93352508544922,363,32
physics_solubility,phys,anatomical,MD,2,497,4.672739505767822,-41.330562591552734,365,34
physics_solubility,phys,anatomical,phys,0,497,4.686887741088867,-42.55916213989258,365,34
physics_solubility,phys,anatomical,phys,1,497,4.671348571777344,-33.80619812011719,361,30
physics_solubility,phys,anatomical,phys,2,497,4.675470352172852,-38.45922088623047,363,32
physics_solubility,phys,anatomical,ToM,0,497,4.634847640991211,-38.483726501464844,365,34
physics_solubility,phys,anatomical,ToM,1,497,4.624556064605713,-30.171831130981445,361,30
physics_solubility,phys,anatomical,ToM,2,497,4.628976821899414,-34.83144760131836,363,32
physics_solubility,phys,anatomical,visual,0,497,4.796755790710449,-36.90510177612305,356,25
physics_solubility,phys,anatomical,visual,1,497,4.783961772918701,-28.318246841430664,352,21
physics_solubility,phys,anatomical,visual,2,497,4.766153812408447,-31.378515243530273,354,23
physics_solubility,phys,network,Lan,0,497,4.931173801422119,-29.192611694335938,345,14
physics_solubility,phys,network,Lan,1,497,4.933255195617676,-21.57920265197754,341,10
physics_solubility,phys,network,Lan,2,497,4.918744087219238,-25.0107479095459,343,12
physics_solubility,phys,network,MD,0,497,4.911928653717041,-32.61858367919922,348,17
physics_solubility,phys,network,MD,1,497,4.918056011199951,-25.305721282958984,344,13
physics_solubility,phys,network,MD,2,497,4.909130573272705,-29.113101959228516,346,15
physics_solubility,phys,network,phys,0,497,4.946907997131348,-33.48912048339844,347,16
physics_solubility,phys,network,phys,1,497,4.933587074279785,-24.794307708740234,343,12
physics_solubility,phys,network,phys,2,497,4.946628570556641,-30.147171020507812,345,14
physics_solubility,phys,network,ToM,0,497,4.882009983062744,-32.077919006347656,349,18
physics_solubility,phys,network,ToM,1,497,4.887949466705322,-24.78014373779297,345,14
physics_solubility,phys,network,ToM,2,497,4.885794162750244,-29.050670623779297,347,16
physics_solubility,phys,network,visual,0,497,4.904229164123535,-30.482505798339844,347,16
physics_solubility,phys,network,visual,1,497,4.8651204109191895,-20.000869750976562,343,12
physics_solubility,phys,network,visual,2,497,4.856778621673584,-23.82303237915039,345,14
physics_speed,phys,anatomical,Lan,0,347,5.736859321594238,-37.00856018066406,323,27
physics_speed,phys,anatomical,Lan,1,347,5.733423709869385,-29.142244338989258,319,23
physics_speed,phys,anatomical,Lan,2,347,5.7384419441223145,-33.54075241088867,321,25
physics_speed,phys,anatomical,MD,0,347,5.607365608215332,-45.150840759277344,332,36
physics_speed,phys,anatomical,MD,1,347,5.589155673980713,-36.50011444091797,328,32
physics_speed,phys,anatomical,MD,2,347,5.591547966003418,-40.70799255371094,330,34
physics_speed,phys,anatomical,phys,0,347,5.5987548828125,-41.195499420166016,330,34
physics_speed,phys,anatomical,phys,1,347,5.5762786865234375,-32.306461334228516,326,30
physics_speed,phys,anatomical,phys,2,347,5.57916259765625,-36.53810501098633,328,32
physics_speed,phys,anatomical,ToM,0,347,5.561069488525391,-38.96683120727539,330,34
physics_speed,phys,anatomical,ToM,1,347,5.557180881500244,-31.18807029724121,326,30
physics_speed,phys,anatomical,ToM,2,347,5.5565056800842285,-35.20348358154297,328,32
physics_speed,phys,anatomical,visual,0,347,5.8063225746154785,-37.37809753417969,321,25
physics_speed,phys,anatomical,visual,1,347,5.79636287689209,-29.110565185546875,317,21
physics_speed,phys,anatomical,visual,2,347,5.771536827087402,-31.880834579467773,319,23
physics_speed,phys,network,Lan,0,347,6.028925895690918,-29.6922607421875,310,14
physics_speed,phys,network,Lan,1,347,6.043939113616943,-22.579511642456055,306,10
physics_speed,phys,network,Lan,2,347,6.018789768218994,-25.51840591430664,308,12
physics_speed,phys,network,MD,0,347,5.983558177947998,-32.71779251098633,313,17
physics_speed,phys,network,MD,1,347,5.9923858642578125,-25.329715728759766,309,13
physics_speed,phys,network,MD,2,347,5.983443260192871,-29.071216583251953,311,15
physics_speed,phys,network,phys,0,347,6.054256916046143,-34.59356689453125,312,16
physics_speed,phys,network,phys,1,347,6.0681304931640625,-27.408031463623047,308,12
physics_speed,phys,network,phys,2,347,6.057115077972412,-31.075908660888672,310,14
physics_speed,phys,network,ToM,0,347,5.959306240081787,-33.23155212402344,314,18
physics_speed,phys,network,ToM,1,347,5.974006175994873,-26.167978286743164,310,14
physics_speed,phys,network,ToM,2,347,5.96174955368042,-29.727027893066406,312,16
physics_speed,phys,network,visual,0,347,5.973089694976807,-30.38239097595215,312,16
physics_speed,phys,network,visual,1,347,5.934571743011475,-20.553298950195312,308,12
physics_speed,phys,network,visual,2,347,5.914950370788574,-23.713211059570312,310,14
physics_stability,phys,anatomical,Lan,0,61,5.895168781280518,-37.128089904785156,332,27
physics_stability,phys,anatomical,Lan,1,61,5.889725208282471,-29.35349464416504,328,23
physics_stability,phys,anatomical,Lan,2,61,5.901604652404785,-34.002376556396484,330,25
physics_stability,phys,anatomical,MD,0,61,5.762522220611572,-45.334861755371094,341,36
physics_stability,phys,anatomical,MD,1,61,5.744189262390137,-36.88050842285156,337,32
physics_stability,phys,anatomical,MD,2,61,5.751646518707275,-41.25421142578125,339,34
physics_stability,phys,anatomical,phys,0,61,5.755134582519531,-41.397274017333984,339,34
physics_stability,phys,anatomical,phys,1,61,5.742682933807373,-33.29629898071289,335,30
physics_stability,phys,anatomical,phys,2,61,5.750914573669434,-37.71238708496094,337,32
physics_stability,phys,anatomical,ToM,0,61,5.703482151031494,-38.340965270996094,339,34
physics_stability,phys,anatomical,ToM,1,61,5.697185516357422,-30.631591796875,335,30
physics_stability,phys,anatomical,ToM,2,61,5.7059736251831055,-35.0684700012207,337,32
physics_stability,phys,anatomical,visual,0,61,5.962440013885498,-37.32420349121094,330,25
physics_stability,phys,anatomical,visual,1,61,5.969047546386719,-30.168331146240234,326,21
physics_stability,phys,anatomical,visual,2,61,5.946335315704346,-32.92864227294922,328,23
physics_stability,phys,network,Lan,0,61,6.185316562652588,-29.39072036743164,319,14
physics_stability,phys,network,Lan,1,61,6.205855369567871,-22.77128791809082,315,10
physics_stability,phys,network,Lan,2,61,6.192478179931641,-26.175739288330078,317,12
physics_stability,phys,network,MD,0,61,6.148538589477539,-32.93687438964844,322,17
physics_stability,phys,network,MD,1,61,6.165206432342529,-26.157974243164062,318,13
physics_stability,phys,network,MD,2,61,6.16476583480835,-30.210384368896484,320,15
physics_stability,phys,network,phys,0,61,6.208056449890137,-34.21300506591797,321,16
physics_stability,phys,network,phys,1,61,6.219937801361084,-27.140777587890625,317,12
physics_stability,phys,network,phys,2,61,6.223034858703613,-31.392629623413086,319,14
physics_stability,phys,network,ToM,0,61,6.1039299964904785,-32.40117263793945,323,18
physics_stability,phys,network,ToM,1,61,6.122426509857178,-25.75568962097168,319,14
physics_stability,phys,network,ToM,2,61,6.121335983276367,-29.759902954101562,321,16
physics_stability,phys,network,visual,0,61,6.1319899559021,-30.25558090209961,321,16
physics_stability,phys,network,visual,1,61,6.092865943908691,-20.597442626953125,317,12
physics_stability,phys,network,visual,2,61,6.086544036865234,-24.318035125732422,319,14
physics_temperature,phys,anatomical,Lan,0,513,5.7038350105285645,-36.4582405090332,340,27
physics_temperature,phys,anatomical,Lan,1,513,5.698275089263916,-27.75975799560547,336,23
physics_temperature,phys,anatomical,Lan,2,513,5.712038993835449,-33.14929962158203,338,25
physics_temperature,phys,anatomical,MD,0,513,5.619756698608398,-46.94572067260742,349,36
physics_temperature,phys,anatomical,MD,1,513,5.60745906829834,-37.87858581542969,345,32
physics_temperature,phys,anatomical,MD,2,513,5.617281436920166,-43.02778625488281,347,34
physics_temperature,phys,anatomical,phys,0,513,5.606503486633301,-42.67381286621094,347,34
physics_temperature,phys,anatomical,phys,1,513,5.59297513961792,-33.543182373046875,343,30
physics_temperature,phys,anatomical,phys,2,513,5.606288909912109,-38.90031814575195,345,32
physics_temperature,phys,anatomical,ToM,0,513,5.5495734214782715,-39.132286071777344,347,34
physics_temperature,phys,anatomical,ToM,1,513,5.542418003082275,-30.428577423095703,343,30
physics_temperature,phys,anatomical,ToM,2,513,5.55458927154541,-35.70402908325195,345,32
physics_temperature,phys,anatomical,visual,0,513,5.7802934646606445,-37.47663879394531,338,25
physics_temperature,phys,anatomical,visual,1,513,5.769877910614014,-28.45025634765625,334,21
physics_temperature,phys,anatomical,visual,2,513,5.764080047607422,-32.711483001708984,336,23
physics_temperature,phys,network,Lan,0,513,5.982179641723633,-29.403831481933594,327,14
physics_temperature,phys,network,Lan,1,513,5.994616508483887,-21.5131778717041,323,10
physics_temperature,phys,network,Lan,2,513,5.987938404083252,-25.826396942138672,325,12
physics_temperature,phys,network,MD,0,513,5.947565078735352,-32.85515594482422,330,17
physics_temperature,phys,network,MD,1,513,5.960839748382568,-25.043781280517578,326,13
physics_temperature,phys,network,MD,2,513,5.966007709503174,-29.99211883544922,328,15
physics_temperature,phys,network,phys,0,513,6.008996963500977,-34.452911376953125,329,16
physics_temperature,phys,network,phys,1,513,6.01729679107666,-26.322233200073242,325,12
physics_temperature,phys,network,phys,2,513,6.030224323272705,-31.707000732421875,327,14
physics_temperature,phys,network,ToM,0,513,5.903537273406982,-32.17872619628906,331,18
physics_temperature,phys,network,ToM,1,513,5.921992301940918,-24.690959930419922,327,14
physics_temperature,phys,network,ToM,2,513,5.9310173988342285,-29.842979431152344,329,16
physics_temperature,phys,network,visual,0,513,5.9440436363220215,-30.877254486083984,329,16
physics_temperature,phys,network,visual,1,513,5.908390998840332,-20.386226654052734,325,12
physics_temperature,phys,network,visual,2,513,5.9067606925964355,-24.942522048950195,327,14
agent,ToM,anatomical,Lan,0,476,5.241011619567871,-37.175575256347656,314,27
agent,ToM,anatomical,Lan,1,476,5.24310827255249,-28.642210006713867,310,23
agent,ToM,anatomical,Lan,2,476,5.222775936126709,-32.21255111694336,312,25
agent,ToM,anatomical,MD,0,476,5.0886549949646,-42.55534362792969,323,36
agent,ToM,anatomical,MD,1,476,5.102238178253174,-34.86639404296875,319,32
agent,ToM,anatomical,MD,2,476,5.071079730987549,-37.62823486328125,321,34
agent,ToM,anatomical,phys,0,476,5.124505043029785,-41.554874420166016,321,34
agent,ToM,anatomical,phys,1,476,5.1407060623168945,-33.98812484741211,317,30
agent,ToM,anatomical,phys,2,476,5.112325668334961,-36.965328216552734,319,32
agent,ToM,anatomical,ToM,0,476,5.003799915313721,-33.90337371826172,321,34
agent,ToM,anatomical,ToM,1,476,4.999447822570801,-25.155540466308594,317,30
agent,ToM,anatomical,ToM,2,476,4.979894161224365,-28.59284210205078,319,32
agent,ToM,anatomical,visual,0,476,5.3198652267456055,-38.52176284790039,312,25
agent,ToM,anatomical,visual,1,476,5.3676629066467285,-32.55961990356445,308,21
agent,ToM,anatomical,visual,2,476,5.302480220794678,-33.60165023803711,310,23
agent,ToM,network,Lan,0,476,5.50405216217041,-30.380868911743164,301,14
agent,ToM,network,Lan,1,476,5.568647384643555,-24.992984771728516,297,10
agent,ToM,network,Lan,2,476,5.502198696136475,-26.306686401367188,299,12
agent,ToM,network,MD,0,476,5.455277442932129,-32.791378021240234,304,17
agent,ToM,network,MD,1,476,5.496735095977783,-26.245040893554688,300,13
agent,ToM,network,MD,2,476,5.4604997634887695,-29.12466049194336,302,15
agent,ToM,network,phys,0,476,5.654073715209961,-41.94001388549805,303,16
agent,ToM,network,phys,1,476,5.705991268157959,-35.712223052978516,299,12
agent,ToM,network,phys,2,476,5.697169303894043,-40.19828796386719,301,14
agent,ToM,network,ToM,0,476,5.363659381866455,-29.32217025756836,305,18
agent,ToM,network,ToM,1,476,5.407421588897705,-23.018259048461914,301,14
agent,ToM,network,ToM,2,476,5.368034362792969,-25.647430419921875,303,16
agent,ToM,network,visual,0,476,5.47662878036499,-32.27837371826172,303,16
agent,ToM,network,visual,1,476,5.47911262512207,-23.58074951171875,299,12
agent,ToM,network,visual,2,476,5.433329105377197,-25.925634384155273,301,14
social_interactions,ToM,anatomical,Lan,0,199,7.488283157348633,-36.04585266113281,221,27
social_interactions,ToM,anatomical,Lan,1,199,7.534250259399414,-28.570453643798828,217,23
social_interactions,ToM,anatomical,Lan,2,199,7.460685729980469,-31.398082733154297,219,25
social_interactions,ToM,anatomical,MD,0,199,7.124094009399414,-42.67801284790039,230,36
social_interactions,ToM,anatomical,MD,1,199,7.183854103088379,-35.961952209472656,226,32
social_interactions,ToM,anatomical,MD,2,199,7.095367431640625,-38.01732635498047,228,34
social_interactions,ToM,anatomical,phys,0,199,7.2234039306640625,-41.90743637084961,228,34
social_interactions,ToM,anatomical,phys,1,199,7.295962333679199,-35.486961364746094,224,30
social_interactions,ToM,anatomical,phys,2,199,7.208487510681152,-37.67311096191406,226,32
social_interactions,ToM,anatomical,ToM,0,199,7.004145622253418,-34.87953186035156,228,34
social_interactions,ToM,anatomical,ToM,1,199,6.999361515045166,-26.19048309326172,224,30
social_interactions,ToM,anatomical,ToM,2,199,6.970717430114746,-30.092838287353516,226,32
social_interactions,ToM,anatomical,visual,0,199,7.7150492668151855,-38.55266189575195,219,25
social_interactions,ToM,anatomical,visual,1,199,7.798733234405518,-31.94944190979004,215,21
social_interactions,ToM,anatomical,visual,2,199,7.646502494812012,-32.71718978881836,217,23
social_interactions,ToM,network,Lan,0,199,8.168628692626953,-27.960384368896484,208,14
social_interactions,ToM,network,Lan,1,199,8.308713912963867,-22.2779541015625,204,10
social_interactions,ToM,network,Lan,2,199,8.150875091552734,-23.499065399169922,206,12
social_interactions,ToM,network,MD,0,199,8.118109703063965,-32.95234298706055,211,17
social_interactions,ToM,network,MD,1,199,8.219267845153809,-26.389352798461914,207,13
social_interactions,ToM,network,MD,2,199,8.124485969543457,-29.115720748901367,209,15
social_interactions,ToM,network,phys,0,199,8.64309310913086,-44.017486572265625,210,16
social_interactions,ToM,network,phys,1,199,8.747286796569824,-37.10894012451172,206,12
social_interactions,ToM,network,phys,2,199,8.690332412719727,-41.02524185180664,208,14
social_interactions,ToM,network,ToM,0,199,8.003425598144531,-32.03020477294922,212,18
social_interactions,ToM,network,ToM,1,199,8.070728302001953,-24.702442169189453,208,14
social_interactions,ToM,network,ToM,2,199,7.997801303863525,-27.910282135009766,210,16
social_interactions,ToM,network,visual,0,199,8.118425369262695,-30.866392135620117,210,16
social_interactions,ToM,network,visual,1,199,8.144384384155273,-22.397457122802734,206,12
social_interactions,ToM,network,visual,2,199,8.003620147705078,-23.903236389160156,208,14
social_relations,ToM,anatomical,Lan,0,158,5.754504203796387,-38.44392395019531,254,27
social_relations,ToM,anatomical,Lan,1,158,5.692396640777588,-28.04364013671875,250,23
social_relations,ToM,anatomical,Lan,2,158,5.672903060913086,-30.782407760620117,252,25
social_relations,ToM,anatomical,MD,0,158,5.561974048614502,-45.12168502807617,263,36
social_relations,ToM,anatomical,MD,1,158,5.519668102264404,-35.467796325683594,259,32
social_relations,ToM,anatomical,MD,2,158,5.5051774978637695,-38.38581085205078,261,34
social_relations,ToM,anatomical,phys,0,158,5.6144938468933105,-44.14274215698242,261,34
social_relations,ToM,anatomical,phys,1,158,5.580848693847656,-34.884063720703125,257,30
social_relations,ToM,anatomical,phys,2,158,5.562830448150635,-37.672706604003906,259,32
social_relations,ToM,anatomical,ToM,0,158,5.479302406311035,-37.781219482421875,261,34
social_relations,ToM,anatomical,ToM,1,158,5.395014762878418,-26.1806640625,257,30
social_relations,ToM,anatomical,ToM,2,158,5.4015092849731445,-30.050704956054688,259,32
social_relations,ToM,anatomical,visual,0,158,5.869412422180176,-39.926422119140625,252,25
social_relations,ToM,anatomical,visual,1,158,5.830556869506836,-30.5126953125,248,21
social_relations,ToM,anatomical,visual,2,158,5.7791829109191895,-31.95137596130371,250,23
social_relations,ToM,network,Lan,0,158,6.101163387298584,-29.791858673095703,241,14
social_relations,ToM,network,Lan,1,158,6.102725028991699,-21.931058883666992,237,10
social_relations,ToM,network,Lan,2,158,6.037323474884033,-23.098403930664062,239,12
social_relations,ToM,network,MD,0,158,6.076937198638916,-34.24648666381836,244,17
social_relations,ToM,network,MD,1,158,6.0642242431640625,-25.838356018066406,240,13
social_relations,ToM,network,MD,2,158,6.040767192840576,-28.630250930786133,242,15
social_relations,ToM,network,phys,0,158,6.416131973266602,-45.640377044677734,243,16
social_relations,ToM,network,phys,1,158,6.37936544418335,-36.144195556640625,239,12
social_relations,ToM,network,phys,2,158,6.3729376792907715,-39.73236083984375,241,14
social_relations,ToM,network,ToM,0,158,6.029436111450195,-34.1284065246582,245,18
social_relations,ToM,network,ToM,1,158,5.989804744720459,-24.6649169921875,241,14
social_relations,ToM,network,ToM,2,158,5.966578483581543,-27.425994873046875,243,16
social_relations,ToM,network,visual,0,158,6.081792831420898,-32.636104583740234,243,16
social_relations,ToM,network,visual,1,158,5.997950077056885,-21.409622192382812,239,12
social_relations,ToM,network,visual,2,158,5.952733516693115,-23.293745040893555,241,14
desires_goals,ToM,anatomical,Lan,0,508,7.599608421325684,-36.35916519165039,195,27
desires_goals,ToM,anatomical,Lan,1,508,7.67664098739624,-28.15728187561035,191,23
desires_goals,ToM,anatomical,Lan,2,508,7.601433277130127,-32.03681182861328,193,25
desires_goals,ToM,anatomical,MD,0,508,7.209053039550781,-43.84920120239258,204,36
desires_goals,ToM,anatomical,MD,1,508,7.295592308044434,-36.646881103515625,200,32
desires_goals,ToM,anatomical,MD,2,508,7.219238758087158,-39.871212005615234,202,34
desires_goals,ToM,anatomical,phys,0,508,7.31859827041626,-42.944908142089844,202,34
desires_goals,ToM,anatomical,phys,1,508,7.420206546783447,-36.0257568359375,198,30
desires_goals,ToM,anatomical,phys,2,508,7.32759952545166,-38.89739990234375,200,32
desires_goals,ToM,anatomical,ToM,0,508,7.049861907958984,-35.38794708251953,202,34
desires_goals,ToM,anatomical,ToM,1,508,7.079916954040527,-26.730737686157227,198,30
desires_goals,ToM,anatomical,ToM,2,508,7.054906368255615,-31.312469482421875,200,32
desires_goals,ToM,anatomical,visual,0,508,7.852414608001709,-38.61875915527344,193,25
desires_goals,ToM,anatomical,visual,1,508,8.017415046691895,-32.289947509765625,189,21
desires_goals,ToM,anatomical,visual,2,508,7.85766077041626,-33.98387908935547,191,23
desires_goals,ToM,network,Lan,0,508,8.449812889099121,-28.966276168823242,182,14
desires_goals,ToM,network,Lan,1,508,8.666345596313477,-23.2460880279541,178,10
desires_goals,ToM,network,Lan,2,508,8.496382713317871,-25.37483787536621,180,12
desires_goals,ToM,network,MD,0,508,8.328821182250977,-32.70053482055664,185,17
desires_goals,ToM,network,MD,1,508,8.499090194702148,-26.197132110595703,181,13
desires_goals,ToM,network,MD,2,508,8.394719123840332,-29.590816497802734,183,15
desires_goals,ToM,network,phys,0,508,8.930943489074707,-43.424110412597656,184,16
desires_goals,ToM,network,phys,1,508,9.116026878356934,-36.67066955566406,180,12
desires_goals,ToM,network,phys,2,508,9.038302421569824,-40.907291412353516,182,14
desires_goals,ToM,network,ToM,0,508,8.107623100280762,-29.81369972229004,186,18
desires_goals,ToM,network,ToM,1,508,8.254915237426758,-23.031723022460938,182,14
desires_goals,ToM,network,ToM,2,508,8.187625885009766,-27.122337341308594,184,16
desires_goals,ToM,network,visual,0,508,8.379801750183105,-31.703672409057617,184,16
desires_goals,ToM,network,visual,1,508,8.452248573303223,-23.06241226196289,180,12
desires_goals,ToM,network,visual,2,508,8.310343742370605,-25.624704360961914,182,14
primary_emotions,ToM,anatomical,Lan,0,590,6.7798237800598145,-38.949554443359375,203,27
primary_emotions,ToM,anatomical,Lan,1,590,6.751149654388428,-29.075328826904297,199,23
primary_emotions,ToM,anatomical,Lan,2,590,6.699441909790039,-32.5368537902832,201,25
primary_emotions,ToM,anatomical,MD,0,590,6.522152423858643,-47.9608268737793,212,36
primary_emotions,ToM,anatomical,MD,1,590,6.523672580718994,-39.13350296020508,208,32
primary_emotions,ToM,anatomical,MD,2,590,6.457810878753662,-41.9409294128418,210,34
primary_emotions,ToM,anatomical,phys,0,590,6.621364116668701,-47.38078308105469,210,34
primary_emotions,ToM,anatomical,phys,1,590,6.650949478149414,-39.36300277709961,206,30
primary_emotions,ToM,anatomical,phys,2,590,6.578253269195557,-42.05397033691406,208,32
primary_emotions,ToM,anatomical,ToM,0,590,6.341140270233154,-38.29977798461914,210,34
primary_emotions,ToM,anatomical,ToM,1,590,6.305603981018066,-28.378862380981445,206,30
primary_emotions,ToM,anatomical,ToM,2,590,6.268913269042969,-32.035369873046875,208,32
primary_emotions,ToM,anatomical,visual,0,590,6.993068695068359,-41.346282958984375,201,25
primary_emotions,ToM,anatomical,visual,1,590,7.009720325469971,-32.66012191772461,197,21
primary_emotions,ToM,anatomical,visual,2,590,6.906088352203369,-34.77822494506836,199,23
primary_emotions,ToM,network,Lan,0,590,7.429436206817627,-31.22220230102539,190,14
primary_emotions,ToM,network,Lan,1,590,7.544010162353516,-24.73440933227539,186,10
primary_emotions,ToM,network,Lan,2,590,7.401701927185059,-26.383155822753906,188,12
primary_emotions,ToM,network,MD,0,590,7.330183506011963,-34.87360763549805,193,17
primary_emotions,ToM,network,MD,1,590,7.407792568206787,-27.352842330932617,189,13
primary_emotions,ToM,network,MD,2,590,7.3164873123168945,-30.176572799682617,191,15
primary_emotions,ToM,network,phys,0,590,7.834889888763428,-45.666107177734375,192,16
primary_emotions,ToM,network,phys,1,590,7.964123725891113,-38.96417999267578,188,12
primary_emotions,ToM,network,phys,2,590,7.884266376495361,-42.3868293762207,190,14
primary_emotions,ToM,network,ToM,0,590,7.11214542388916,-31.007455825805664,194,18
primary_emotions,ToM,network,ToM,1,590,7.202821731567383,-24.024017333984375,190,14
primary_emotions,ToM,network,ToM,2,590,7.115614414215088,-26.989959716796875,192,16
primary_emotions,ToM,network,visual,0,590,7.3385210037231445,-33.099822998046875,192,16
primary_emotions,ToM,network,visual,1,590,7.325223445892334,-23.243030548095703,188,12
primary_emotions,ToM,network,visual,2,590,7.245466232299805,-26.333120346069336,190,14
secondary_emotions,ToM,anatomical,Lan,0,422,7.284124374389648,-39.685977935791016,211,27
secondary_emotions,ToM,anatomical,Lan,1,422,7.231954574584961,-29.380306243896484,207,23
secondary_emotions,ToM,anatomical,Lan,2,422,7.207064628601074,-33.24176788330078,209,25
secondary_emotions,ToM,anatomical,MD,0,422,7.002494812011719,-48.88251495361328,220,36
secondary_emotions,ToM,anatomical,MD,1,422,6.9723944664001465,-39.291961669921875,216,32
secondary_emotions,ToM,anatomical,MD,2,422,6.927112579345703,-42.38043212890625,218,34
secondary_emotions,ToM,anatomical,phys,0,422,7.1031036376953125,-48.09980010986328,218,34
secondary_emotions,ToM,anatomical,phys,1,422,7.08719539642334,-38.902809143066406,214,30
secondary_emotions,ToM,anatomical,phys,2,422,7.032414436340332,-41.768333435058594,216,32
secondary_emotions,ToM,anatomical,ToM,0,422,6.768184185028076,-37.57063674926758,218,34
secondary_emotions,ToM,anatomical,ToM,1,422,6.698882579803467,-26.844158172607422,214,30
secondary_emotions,ToM,anatomical,ToM,2,422,6.682028293609619,-30.728906631469727,216,32
secondary_emotions,ToM,anatomical,visual,0,422,7.502033710479736,-41.87523651123047,209,25
secondary_emotions,ToM,anatomical,visual,1,422,7.506775379180908,-33.06910705566406,205,21
secondary_emotions,ToM,anatomical,visual,2,422,7.411696910858154,-35.08713150024414,207,23
secondary_emotions,ToM,network,Lan,0,422,7.970707416534424,-31.706968307495117,198,14
secondary_emotions,ToM,network,Lan,1,422,8.066353797912598,-24.842899322509766,194,10
secondary_emotions,ToM,network,Lan,2,422,7.945633411407471,-26.687870025634766,196,12
secondary_emotions,ToM,network,MD,0,422,7.849909782409668,-34.864707946777344,201,17
secondary_emotions,ToM,network,MD,1,422,7.889983177185059,-26.750797271728516,197,13
secondary_emotions,ToM,network,MD,2,422,7.80457878112793,-29.341266632080078,199,15
secondary_emotions,ToM,network,phys,0,422,8.412150382995605,-46.639259338378906,200,16
secondary_emotions,ToM,network,phys,1,422,8.479263305664062,-38.80302429199219,196,12
secondary_emotions,ToM,network,phys,2,422,8.427725791931152,-42.49622344970703,198,14
secondary_emotions,ToM,network,ToM,0,422,7.632837295532227,-31.26073455810547,202,18
secondary_emotions,ToM,network,ToM,1,422,7.6474175453186035,-22.633731842041016,198,14
secondary_emotions,ToM,network,ToM,2,422,7.603326797485352,-26.171016693115234,200,16
secondary_emotions,ToM,network,visual,0,422,7.899030685424805,-34.05187225341797,200,16
secondary_emotions,ToM,network,visual,1,422,7.842014312744141,-23.489994049072266,196,12
secondary_emotions,ToM,network,visual,2,422,7.7835235595703125,-26.751611709594727,198,14
emotion_fewshot,ToM,anatomical,Lan,0,1702,6.753479957580566,-37.772369384765625,290,27
emotion_fewshot,ToM,anatomical,Lan,1,1702,6.7450385093688965,-29.319007873535156,286,23
emotion_fewshot,ToM,anatomical,Lan,2,1702,6.717855930328369,-32.366519927978516,288,25
emotion_fewshot,ToM,anatomical,MD,0,1702,6.584757328033447,-47.3980598449707,299,36
emotion_fewshot,ToM,anatomical,MD,1,1702,6.587252616882324,-39.72076416015625,295,32
emotion_fewshot,ToM,anatomical,MD,2,1702,6.549536228179932,-41.97318649291992,297,34
emotion_fewshot,ToM,anatomical,phys,0,1702,6.636879920959473,-45.970252990722656,297,34
emotion_fewshot,ToM,anatomical,phys,1,1702,6.654844760894775,-38.94168472290039,293,30
emotion_fewshot,ToM,anatomical,phys,2,1702,6.604743003845215,-40.690494537353516,295,32
emotion_fewshot,ToM,anatomical,ToM,0,1702,6.428896427154541,-36.514041900634766,297,34
emotion_fewshot,ToM,anatomical,ToM,1,1702,6.41585636138916,-28.225961685180664,293,30
emotion_fewshot,ToM,anatomical,ToM,2,1702,6.395547866821289,-31.195697784423828,295,32
emotion_fewshot,ToM,anatomical,visual,0,1702,6.887245178222656,-39.60087585449219,288,25
emotion_fewshot,ToM,anatomical,visual,1,1702,6.912916660308838,-32.48333740234375,284,21
emotion_fewshot,ToM,anatomical,visual,2,1702,6.849559783935547,-33.90431213378906,286,23
emotion_fewshot,ToM,network,Lan,0,1702,7.203083038330078,-30.651649475097656,277,14
emotion_fewshot,ToM,network,Lan,1,1702,7.261026382446289,-24.628427505493164,273,10
emotion_fewshot,ToM,network,Lan,2,1702,7.184174060821533,-25.854761123657227,275,12
emotion_fewshot,ToM,network,MD,0,1702,7.126996040344238,-33.6017951965332,280,17
emotion_fewshot,ToM,network,MD,1,1702,7.169435977935791,-27.072322845458984,276,13
emotion_fewshot,ToM,network,MD,2,1702,7.127421855926514,-29.56557273864746,278,15
emotion_fewshot,ToM,network,phys,0,1702,7.420238018035889,-42.88750457763672,279,16
emotion_fewshot,ToM,network,phys,1,1702,7.476688861846924,-36.642356872558594,275,12
emotion_fewshot,ToM,network,phys,2,1702,7.452032089233398,-39.93846893310547,277,14
emotion_fewshot,ToM,network,ToM,0,1702,6.989310264587402,-30.083942413330078,281,18
emotion_fewshot,ToM,network,ToM,1,1702,7.023833274841309,-23.358722686767578,277,14
emotion_fewshot,ToM,network,ToM,2,1702,6.9778733253479,-25.613208770751953,279,16
emotion_fewshot,ToM,network,visual,0,1702,7.141136646270752,-32.190860748291016,279,16
emotion_fewshot,ToM,network,visual,1,1702,7.114859580993652,-23.00113296508789,275,12
emotion_fewshot,ToM,network,visual,2,1702,7.075600624084473,-25.58026695251465,277,14
norm_appropriate,ToM,anatomical,Lan,0,565,5.755048751831055,-37.34830856323242,320,27
norm_appropriate,ToM,anatomical,Lan,1,565,5.738584518432617,-29.817758560180664,316,23
norm_appropriate,ToM,anatomical,Lan,2,565,5.712856769561768,-31.883325576782227,318,25
norm_appropriate,ToM,anatomical,MD,0,565,5.629129886627197,-45.82068634033203,329,36
norm_appropriate,ToM,anatomical,MD,1,565,5.615292072296143,-38.48394775390625,325,32
norm_appropriate,ToM,anatomical,MD,2,565,5.5751495361328125,-39.58888244628906,327,34
norm_appropriate,ToM,anatomical,phys,0,565,5.652276039123535,-43.706600189208984,327,34
norm_appropriate,ToM,anatomical,phys,1,565,5.655054092407227,-37.312137603759766,323,30
norm_appropriate,ToM,anatomical,phys,2,565,5.614608287811279,-38.444374084472656,325,32
norm_appropriate,ToM,anatomical,ToM,0,565,5.5158586502075195,-35.71773910522461,327,34
norm_appropriate,ToM,anatomical,ToM,1,565,5.500390529632568,-28.355133056640625,323,30
norm_appropriate,ToM,anatomical,ToM,2,565,5.474973201751709,-30.25946617126465,325,32
norm_appropriate,ToM,anatomical,visual,0,565,5.830677509307861,-37.999977111816406,318,25
norm_appropriate,ToM,anatomical,visual,1,565,5.859273910522461,-32.85865020751953,314,21
norm_appropriate,ToM,anatomical,visual,2,565,5.799666881561279,-33.163543701171875,316,23
norm_appropriate,ToM,network,Lan,0,565,6.031608581542969,-29.00675392150879,307,14
norm_appropriate,ToM,network,Lan,1,565,6.0672430992126465,-23.97858238220215,303,10
norm_appropriate,ToM,network,Lan,2,565,6.005083084106445,-24.443506240844727,305,12
norm_appropriate,ToM,network,MD,0,565,5.993609428405762,-32.438716888427734,310,17
norm_appropriate,ToM,network,MD,1,565,6.011414527893066,-26.558515548706055,306,13
norm_appropriate,ToM,network,MD,2,565,5.97388219833374,-28.216867446899414,308,15
norm_appropriate,ToM,network,phys,0,565,6.290984630584717,-45.610939025878906,309,16
norm_appropriate,ToM,network,phys,1,565,6.299039840698242,-39.019775390625,305,12
norm_appropriate,ToM,network,phys,2,565,6.276350975036621,-41.592735290527344,307,14
norm_appropriate,ToM,network,ToM,0,565,5.948244571685791,-31.86647605895996,311,18
norm_appropriate,ToM,network,ToM,1,565,5.964000701904297,-25.921241760253906,307,14
norm_appropriate,ToM,network,ToM,2,565,5.918837547302246,-27.14386749267578,309,16
norm_appropriate,ToM,network,visual,0,565,6.004775047302246,-31.223129272460938,309,16
norm_appropriate,ToM,network,visual,1,565,5.97522497177124,-22.923221588134766,305,12
norm_appropriate,ToM,network,visual,2,565,5.930875301361084,-24.21131706237793,307,14
norm_moral,ToM,anatomical,Lan,0,206,5.7733473777771,-37.201847076416016,315,27
norm_moral,ToM,anatomical,Lan,1,206,5.7545342445373535,-29.361215591430664,311,23
norm_moral,ToM,anatomical,Lan,2,206,5.715856075286865,-31.12539291381836,313,25
norm_moral,ToM,anatomical,MD,0,206,5.6677775382995605,-47.00172805786133,324,36
norm_moral,ToM,anatomical,MD,1,206,5.65533447265625,-39.54669189453125,320,32
norm_moral,ToM,anatomical,MD,2,206,5.611844539642334,-40.90114974975586,322,34
norm_moral,ToM,anatomical,phys,0,206,5.677977561950684,-44.111114501953125,322,34
norm_moral,ToM,anatomical,phys,1,206,5.68672513961792,-37.84177017211914,318,30
norm_moral,ToM,anatomical,phys,2,206,5.634975433349609,-38.76762390136719,320,32
norm_moral,ToM,anatomical,ToM,0,206,5.549691200256348,-36.75246047973633,322,34
norm_moral,ToM,anatomical,ToM,1,206,5.519944190979004,-28.37594223022461,318,30
norm_moral,ToM,anatomical,ToM,2,206,5.501556396484375,-31.099884033203125,320,32
norm_moral,ToM,anatomical,visual,0,206,5.848498344421387,-37.743385314941406,313,25
norm_moral,ToM,anatomical,visual,1,206,5.870787143707275,-32.04147720336914,309,21
norm_moral,ToM,anatomical,visual,2,206,5.8008646965026855,-32.230167388916016,311,23
norm_moral,ToM,network,Lan,0,206,6.072620391845703,-29.672094345092773,302,14
norm_moral,ToM,network,Lan,1,206,6.107744216918945,-24.363109588623047,298,10
norm_moral,ToM,network,Lan,2,206,6.0298686027526855,-24.50757598876953,300,12
norm_moral,ToM,network,MD,0,206,6.0344414710998535,-33.159847259521484,305,17
norm_moral,ToM,network,MD,1,206,6.054545879364014,-27.158599853515625,301,13
norm_moral,ToM,network,MD,2,206,6.003144264221191,-28.551830291748047,303,15
norm_moral,ToM,network,phys,0,206,6.316944599151611,-45.271087646484375,304,16
norm_moral,ToM,network,phys,1,206,6.331064224243164,-38.755435943603516,300,12
norm_moral,ToM,network,phys,2,206,6.301750659942627,-41.419898986816406,302,14
norm_moral,ToM,network,ToM,0,206,5.981777667999268,-32.275150299072266,306,18
norm_moral,ToM,network,ToM,1,206,6.019136905670166,-27.188024520874023,302,14
norm_moral,ToM,network,ToM,2,206,5.957305908203125,-28.013927459716797,304,16
norm_moral,ToM,network,visual,0,206,6.035216808319092,-31.4014892578125,304,16
norm_moral,ToM,network,visual,1,206,6.014880180358887,-23.38591957092285,300,12
norm_moral,ToM,network,visual,2,206,5.95304012298584,-24.228412628173828,302,14
